master_id,zoho_id,daysmart_id,first_name,last_name,email,phone,last_known_appointment,archive_last_appt,archive_appt_count,archive_total_spent,archive_last_service,daysmart_status,zoho_lead_status,zerobounce_status,rule_applied,reason_archived,email_opens,email_clicks,source_system,record_type,archived_date
DS-200064,ZCR-100059,DS-200064,Lawrence,Perry,kariwilson@example.com,(149) 784-0369,2018-07-19,2012-01-17,2,293.67,Facial,ARCHIVE,Working,valid,Pass,Pre-2019 last appointment,0,0,DaySmart,Matched — Both Systems,2026-04-14
DS-200111,ZCR-100102,DS-200111,Charles,Keller,roberthill@example.net,(926) 870-5685,2010-10-02,2018-03-03,5,699.44,Manicure,ARCHIVE,Converted,valid,Pass,Pre-2019 last appointment,117,17,DaySmart,Matched — Both Systems,2026-04-14
DS-200139,ZCR-100126,DS-200139,Kayla,Mccullough,taylorkaren@example.com,(042) 232-5367,2014-08-27,2015-04-13,2,491.55,Massage,ARCHIVE,Qualified,unknown,Pass,Pre-2019 last appointment,37,1,DaySmart,Matched — Both Systems,2026-04-14
DS-200181,ZCR-100165,DS-200181,Scott,Patrick,rguerrero@example.org,(074) 466-6099,2017-11-27,,0,0.0,,ARCHIVE,New,valid,Unsubscribe Rule,Pre-2019 last appointment,94,2,DaySmart,Matched — Both Systems,2026-04-14
DS-200193,ZCR-100176,DS-200193,Michael,Roberson,timothyfreeman@example.com,(701) 450-8993,2017-11-21,2017-11-12,3,314.85,Blowout,ARCHIVE,Converted,valid,Pass,Pre-2019 last appointment,19,1,DaySmart,Matched — Both Systems,2026-04-14
DS-200215,ZCR-100196,DS-200215,Stephanie,Atkinson,hessbeth@example.net,(308) 488-7256,2010-08-29,,0,0.0,,ARCHIVE,Converted,valid,Pass,Pre-2019 last appointment,65,36,DaySmart,Matched — Both Systems,2026-04-14
DS-207751,ZCR-100208,DS-207751,Tracy,Gardner,mgonzales@example.net,(148) 635-6230,2012-01-20,2012-09-11,1,38.76,Highlights,ARCHIVE,Qualified,valid,Unsubscribe Rule,Pre-2019 last appointment,101,60,DaySmart,Matched — Both Systems,2026-04-14
DS-200287,ZCR-100263,DS-200287,Stephanie,Soto,tjensen@example.com,(381) 792-1717,2013-12-28,2011-05-10,1,209.35,Manicure,ARCHIVE,Working,valid,Unsubscribe Rule,Pre-2019 last appointment,77,23,DaySmart,Matched — Both Systems,2026-04-14
DS-200296,ZCR-100272,DS-200296,Nicholas,Fox,steven18@example.net,(137) 189-4905,2018-12-11,2018-03-06,8,1646.28,Highlights,ARCHIVE,Unqualified,valid,Pass,Pre-2019 last appointment,93,14,DaySmart,Matched — Both Systems,2026-04-14
DS-200314,ZCR-100288,DS-200314,Ms.,Julie Sims,joshualee@example.org,(772) 200-5436,2015-01-14,2018-09-22,1,141.41,Blowout,ARCHIVE,Converted,valid,Unsubscribe Rule,Pre-2019 last appointment,94,9,DaySmart,Matched — Both Systems,2026-04-14
DS-202626,ZCR-100290,DS-202626,Rita,Williams,bbrown@example.org,(022) 212-6839,2012-03-13,,0,0.0,,ARCHIVE,Qualified,valid,Unsubscribe Rule,Pre-2019 last appointment,105,31,DaySmart,Matched — Both Systems,2026-04-14
DS-200339,ZCR-100310,DS-200339,Lance,Matthews,jackbell@example.org,(249) 552-8938,2017-01-10,2017-08-20,2,487.27,Keratin Treatment,ARCHIVE,Converted,valid,Pass,Pre-2019 last appointment,3,0,DaySmart,Matched — Both Systems,2026-04-14
DS-200355,ZCR-100325,DS-200355,Edward,Brown,qmosley@example.net,(162) 319-8189,2016-11-15,2017-07-07,3,587.97,Manicure,ARCHIVE,Qualified,valid,Pass,Pre-2019 last appointment,98,43,DaySmart,Matched — Both Systems,2026-04-14
DS-200387,ZCR-100355,DS-200387,Mathew,Clay,zterry@example.net,(634) 108-5628,2012-10-23,2015-12-29,2,233.92,Facial,ARCHIVE,Working,valid,Pass,Pre-2019 last appointment,80,19,DaySmart,Matched — Both Systems,2026-04-14
DS-200485,ZCR-100443,DS-200485,Diana,Anderson,dayjohn@example.org,(810) 595-5184,2015-11-16,2017-06-19,3,371.69,Blowout,ARCHIVE,Unqualified,catch-all,Pass,Pre-2019 last appointment,110,49,DaySmart,Matched — Both Systems,2026-04-14
DS-200497,ZCR-100454,DS-200497,Richard,Dominguez,daniel00@example.net,(282) 066-7849,2013-10-04,2014-12-29,3,325.61,Pedicure,ARCHIVE,Qualified,valid,Unsubscribe Rule,Pre-2019 last appointment,15,15,DaySmart,Matched — Both Systems,2026-04-14
DS-200503,ZCR-100459,DS-200503,Zachary,Lawson,ashleygamble@example.org,(024) 817-1752,2010-10-05,2017-12-24,5,1083.09,Haircut,ARCHIVE,Unqualified,valid,Unsubscribe Rule,Pre-2019 last appointment,51,27,DaySmart,Matched — Both Systems,2026-04-14
DS-200837,ZCR-100497,DS-200837,Olivia,Reese,hdavis@example.com,(285) 969-3259,2012-01-06,2011-12-16,3,368.08,Consultation,ARCHIVE,Working,valid,Pass,Pre-2019 last appointment,43,18,DaySmart,Matched — Both Systems,2026-04-14
DS-200572,ZCR-100523,DS-200572,Lisa,Hopkins,mstewart@example.net,(435) 353-7513,2016-01-11,2018-12-08,5,915.47,Haircut,ARCHIVE,Converted,valid,Unsubscribe Rule,Pre-2019 last appointment,97,59,DaySmart,Matched — Both Systems,2026-04-14
DS-200605,ZCR-100553,DS-200605,Paul,Massey,collinsann@example.org,(579) 197-1112,2015-07-13,2013-09-27,1,277.8,Consultation,ARCHIVE,New,valid,Unsubscribe Rule,Pre-2019 last appointment,110,58,DaySmart,Matched — Both Systems,2026-04-14
DS-200606,ZCR-100554,DS-200606,Pamela,Kramer,danastevens@example.net,(343) 240-6424,2014-03-09,2018-12-22,5,962.58,Massage,ARCHIVE,New,valid,Unsubscribe Rule,Pre-2019 last appointment,115,39,DaySmart,Matched — Both Systems,2026-04-14
DS-200623,ZCR-100570,DS-200623,Gilbert,Reed,vhernandez@example.com,(382) 646-0917,2013-10-19,2013-02-25,2,341.93,Consultation,ARCHIVE,Converted,do_not_mail,Unsubscribe Rule,Pre-2019 last appointment,1,0,DaySmart,Matched — Both Systems,2026-04-14
DS-200624,ZCR-100571,DS-200624,Mrs.,Dorothy Stewart,njohnson@example.net,(295) 966-0487,2016-08-28,,0,0.0,,ARCHIVE,Qualified,valid,Unsubscribe Rule,Pre-2019 last appointment,104,17,DaySmart,Matched — Both Systems,2026-04-14
DS-200626,ZCR-100573,DS-200626,Madeline,Fields,zperez@example.com,(747) 226-4085,2010-10-07,2015-11-30,2,262.43,Manicure,ARCHIVE,New,valid,Unsubscribe Rule,Pre-2019 last appointment,32,16,DaySmart,Matched — Both Systems,2026-04-14
DS-205457,ZCR-100597,DS-205457,Rebecca,Wheeler,taylorrachel@example.com,(591) 761-2143,2015-02-28,2011-06-19,1,219.28,Keratin Treatment,ARCHIVE,New,valid,Pass,Pre-2019 last appointment,112,30,DaySmart,Matched — Both Systems,2026-04-14
DS-200667,ZCR-100612,DS-200667,Mark,Simmons,nancyholt@example.com,(438) 119-9537,2018-07-26,2014-09-30,3,589.56,Haircut,ARCHIVE,New,valid,Unsubscribe Rule,Pre-2019 last appointment,50,4,DaySmart,Matched — Both Systems,2026-04-14
DS-200673,ZCR-100618,DS-200673,Tina,Morris,lopezlance@example.net,(848) 826-9131,2013-03-04,2018-07-17,3,494.73,Facial,ARCHIVE,Unqualified,unknown,Unsubscribe Rule,Pre-2019 last appointment,19,11,DaySmart,Matched — Both Systems,2026-04-14
DS-200692,ZCR-100636,DS-200692,John,Rodriguez,whitakerjack@example.net,(136) 957-2790,2014-01-15,2010-06-11,1,34.77,Pedicure,ARCHIVE,Converted,valid,Pass,Pre-2019 last appointment,69,13,DaySmart,Matched — Both Systems,2026-04-14
DS-200694,ZCR-100638,DS-200694,Jessica,Savage,bridgescarolyn@example.com,(822) 850-1168,2014-01-02,2016-03-01,5,659.47,Consultation,ARCHIVE,Qualified,valid,Pass,Pre-2019 last appointment,27,27,DaySmart,Matched — Both Systems,2026-04-14
DS-200486,ZCR-100640,DS-200486,Anthony,Cabrera,jeffrey42@example.com,(089) 164-9837,2011-08-20,2013-10-13,1,108.55,Highlights,ARCHIVE,Working,valid,Pass,Pre-2019 last appointment,113,37,DaySmart,Matched — Both Systems,2026-04-14
DS-200703,ZCR-100646,DS-200703,John,Wang,sarah99@example.org,(707) 955-1512,2013-11-10,2010-05-03,1,222.42,Highlights,ARCHIVE,Unqualified,valid,Unsubscribe Rule,Pre-2019 last appointment,73,32,DaySmart,Matched — Both Systems,2026-04-14
DS-200731,ZCR-100671,DS-200731,Thomas,Garner,beardsarah@example.org,(011) 379-8440,2013-09-07,,0,0.0,,ARCHIVE,Unqualified,do_not_mail,Unsubscribe Rule,Pre-2019 last appointment,24,7,DaySmart,Matched — Both Systems,2026-04-14
DS-200732,ZCR-100672,DS-200732,Austin,Gregory,johnsonryan@example.com,(620) 901-4473,2017-11-20,2011-04-17,1,100.19,Manicure,ARCHIVE,Working,valid,Pass,Pre-2019 last appointment,25,24,DaySmart,Matched — Both Systems,2026-04-14
DS-204653,ZCR-100690,DS-204653,Mrs.,Victoria Martin,joseph63@example.net,(639) 266-9197,2016-05-10,2018-02-18,3,620.96,Highlights,ARCHIVE,Converted,valid,Unsubscribe Rule,Pre-2019 last appointment,58,47,DaySmart,Matched — Both Systems,2026-04-14
DS-201976,ZCR-100698,DS-201976,Jamie,Walls,timothy23@example.net,(703) 854-7872,2011-01-11,2012-01-13,1,139.21,Facial,ARCHIVE,Qualified,valid,Pass,Pre-2019 last appointment,8,4,DaySmart,Matched — Both Systems,2026-04-14
DS-200769,ZCR-100705,DS-200769,Ashley,Brooks,steven66@example.org,(945) 887-0715,2010-02-18,2016-03-20,3,480.57,Blowout,ARCHIVE,Working,valid,Unsubscribe Rule,Pre-2019 last appointment,106,60,DaySmart,Matched — Both Systems,2026-04-14
DS-200789,ZCR-100723,DS-200789,Phillip,Roberts,joneseric@example.org,(031) 421-7518,2014-03-15,2015-12-03,4,478.75,Haircut,ARCHIVE,Unqualified,catch-all,Pass,Pre-2019 last appointment,55,36,DaySmart,Matched — Both Systems,2026-04-14
DS-200796,ZCR-100729,DS-200796,Shannon,Cain,rebecca41@example.com,(046) 154-0211,2011-05-24,,0,0.0,,ARCHIVE,New,valid,Unsubscribe Rule,Pre-2019 last appointment,78,32,DaySmart,Matched — Both Systems,2026-04-14
DS-204507,ZCR-100750,DS-204507,John,Knight,william55@example.net,(355) 978-7996,2014-04-27,2018-07-10,4,772.93,Color Treatment,ARCHIVE,Qualified,valid,Unsubscribe Rule,Pre-2019 last appointment,87,2,DaySmart,Matched — Both Systems,2026-04-14
DS-200848,ZCR-100775,DS-200848,Cynthia,Palmer,david78@example.net,(561) 337-1844,2014-06-27,2018-01-24,2,425.72,Manicure,ARCHIVE,Converted,valid,Pass,Pre-2019 last appointment,8,1,DaySmart,Matched — Both Systems,2026-04-14
DS-200895,ZCR-100816,DS-200895,Anthony,Adams,tcoleman@example.com,(901) 107-9771,2012-07-14,2018-06-11,2,360.63,Keratin Treatment,ARCHIVE,Working,valid,Unsubscribe Rule,Pre-2019 last appointment,15,0,DaySmart,Matched — Both Systems,2026-04-14
DS-200917,ZCR-100836,DS-200917,Cathy,Barnes,brian65@example.net,(953) 006-2212,2014-05-07,2016-04-23,3,504.46,Manicure,ARCHIVE,Qualified,valid,Pass,Pre-2019 last appointment,89,44,DaySmart,Matched — Both Systems,2026-04-14
DS-200956,ZCR-100871,DS-200956,John,Shepard,schneiderraymond@example.com,(801) 867-7403,2011-05-16,2013-01-07,2,327.38,Highlights,ARCHIVE,New,valid,Pass,Pre-2019 last appointment,26,10,DaySmart,Matched — Both Systems,2026-04-14
DS-200974,ZCR-100887,DS-200974,Lisa,Singh,phernandez@example.net,(419) 964-3385,2017-04-01,2016-04-11,4,600.15,Consultation,ARCHIVE,Unqualified,valid,Pass,Pre-2019 last appointment,13,2,DaySmart,Matched — Both Systems,2026-04-14
DS-201026,ZCR-100937,DS-201026,Patricia,Wilson,nramsey@example.com,(219) 262-2132,2014-02-11,2013-01-26,4,652.41,Blowout,ARCHIVE,Unqualified,catch-all,Pass,Pre-2019 last appointment,11,2,DaySmart,Matched — Both Systems,2026-04-14
DS-201060,ZCR-100967,DS-201060,Rodney,Brooks,julie80@example.net,(705) 326-0119,2013-12-19,2018-01-23,1,257.35,Highlights,ARCHIVE,Qualified,valid,Pass,Pre-2019 last appointment,45,7,DaySmart,Matched — Both Systems,2026-04-14
DS-201086,ZCR-100990,DS-201086,Albert,Stone,lauramanning@example.com,(739) 190-0889,2016-11-19,,0,0.0,,ARCHIVE,Working,valid,Pass,Pre-2019 last appointment,76,37,DaySmart,Matched — Both Systems,2026-04-14
DS-201234,ZCR-101048,DS-201234,William,Morgan,fsmith@example.com,(312) 315-5505,2016-07-07,2017-06-25,4,718.53,Manicure,ARCHIVE,Working,valid,Unsubscribe Rule,Pre-2019 last appointment,29,7,DaySmart,Matched — Both Systems,2026-04-14
DS-201206,ZCR-101099,DS-201206,Mitchell,Long,traci32@example.org,(622) 777-7331,2015-06-20,2010-05-14,1,92.65,Blowout,ARCHIVE,Converted,catch-all,Unsubscribe Rule,Pre-2019 last appointment,81,44,DaySmart,Matched — Both Systems,2026-04-14
DS-206333,ZCR-101110,DS-206333,Natalie,Dawson,xsmith@example.org,(268) 061-3365,2010-06-28,,0,0.0,,ARCHIVE,Unqualified,catch-all,Pass,Pre-2019 last appointment,8,5,DaySmart,Matched — Both Systems,2026-04-14
DS-203861,ZCR-101152,DS-203861,Gregory,Reyes,mary92@example.com,(593) 348-8695,2016-06-12,2015-08-21,2,144.21,Haircut,ARCHIVE,Qualified,valid,Unsubscribe Rule,Pre-2019 last appointment,27,4,DaySmart,Matched — Both Systems,2026-04-14
DS-201321,ZCR-101203,DS-201321,Sarah,Holt,gduke@example.net,(619) 971-6596,2012-07-12,2018-01-29,4,398.93,Massage,ARCHIVE,Working,valid,Unsubscribe Rule,Pre-2019 last appointment,35,8,DaySmart,Matched — Both Systems,2026-04-14
DS-201378,ZCR-101255,DS-201378,Kathy,Peterson,pmckee@example.net,(998) 127-4392,2013-01-09,2018-04-02,4,747.55,Keratin Treatment,ARCHIVE,Unqualified,do_not_mail,Do Not Mail,Pre-2019 last appointment,51,4,DaySmart,Matched — Both Systems,2026-04-14
DS-201611,ZCR-101281,DS-201611,Katherine,Dixon,ujones@example.com,(596) 957-9457,2010-08-09,2015-08-12,2,158.24,Keratin Treatment,ARCHIVE,New,unknown,Unsubscribe Rule,Pre-2019 last appointment,16,16,DaySmart,Matched — Both Systems,2026-04-14
DS-201421,ZCR-101294,DS-201421,Keith,Taylor,travis28@example.net,(703) 220-0748,2013-06-20,,0,0.0,,ARCHIVE,Converted,catch-all,Pass,Pre-2019 last appointment,59,47,DaySmart,Matched — Both Systems,2026-04-14
DS-201457,ZCR-101327,DS-201457,Christina,Morris,lamdaniel@example.com,(283) 603-0876,2018-05-10,2014-09-29,1,139.37,Consultation,ARCHIVE,Qualified,valid,Pass,Pre-2019 last appointment,79,44,DaySmart,Matched — Both Systems,2026-04-14
DS-201499,ZCR-101366,DS-201499,Robert,Freeman,diazmichael@example.net,(709) 404-2245,2014-05-18,2017-05-15,3,348.77,Manicure,ARCHIVE,Working,valid,Pass,Pre-2019 last appointment,92,36,DaySmart,Matched — Both Systems,2026-04-14
DS-206868,ZCR-101368,DS-206868,Erika,Morales,michael16@example.com,(556) 251-5577,2010-10-15,2015-04-12,2,478.82,Pedicure,ARCHIVE,Converted,valid,Pass,Pre-2019 last appointment,89,20,DaySmart,Matched — Both Systems,2026-04-14
DS-201521,ZCR-101387,DS-201521,Andrew,Ward,armstrongjoshua@example.org,(671) 487-8310,2015-01-24,2016-02-25,4,352.38,Pedicure,ARCHIVE,Converted,valid,Unsubscribe Rule,Pre-2019 last appointment,49,49,DaySmart,Matched — Both Systems,2026-04-14
DS-201524,ZCR-101390,DS-201524,David,Jones,baileysara@example.com,(310) 108-9654,2012-10-13,2018-08-30,4,860.98,Manicure,ARCHIVE,New,valid,Pass,Pre-2019 last appointment,16,14,DaySmart,Matched — Both Systems,2026-04-14
DS-201525,ZCR-101391,DS-201525,James,Roberts,campbellkelly@example.net,(679) 486-9894,2011-03-20,,0,0.0,,ARCHIVE,Working,unknown,Pass,Pre-2019 last appointment,16,12,DaySmart,Matched — Both Systems,2026-04-14
DS-201599,ZCR-101459,DS-201599,Ryan,Grant MD,escobarrobert@example.com,(459) 858-6635,2016-05-25,2010-07-04,1,204.38,Haircut,ARCHIVE,Unqualified,do_not_mail,Do Not Mail,Pre-2019 last appointment,16,8,DaySmart,Matched — Both Systems,2026-04-14
DS-203091,ZCR-101466,DS-203091,Laura,Fernandez,zhall@example.com,(776) 396-6352,2016-07-29,2018-04-17,5,999.34,Highlights,ARCHIVE,New,do_not_mail,Do Not Mail,Pre-2019 last appointment,26,15,DaySmart,Matched — Both Systems,2026-04-14
DS-201649,ZCR-101505,DS-201649,Patrick,Alvarado,michael57@example.org,(309) 074-0635,2010-01-02,2010-11-01,1,109.98,Manicure,ARCHIVE,Converted,catch-all,Unsubscribe Rule,Pre-2019 last appointment,80,43,DaySmart,Matched — Both Systems,2026-04-14
DS-200187,ZCR-101524,DS-200187,Heather,Lopez,osmith@example.net,(230) 982-1506,2011-12-22,2013-03-10,1,118.62,Pedicure,ARCHIVE,Working,valid,Pass,Pre-2019 last appointment,36,19,DaySmart,Matched — Both Systems,2026-04-14
DS-202658,ZCR-101569,DS-202658,James,Davidson,andrew52@example.com,(106) 896-5532,2013-12-09,2011-02-27,2,268.29,Blowout,ARCHIVE,Converted,valid,Pass,Pre-2019 last appointment,60,45,DaySmart,Matched — Both Systems,2026-04-14
DS-201723,ZCR-101572,DS-201723,Andrew,Gibson,kathleenbecker@example.com,(784) 830-3485,2010-03-20,,0,0.0,,ARCHIVE,Converted,valid,Pass,Pre-2019 last appointment,44,41,DaySmart,Matched — Both Systems,2026-04-14
DS-200844,ZCR-101597,DS-200844,Jaime,Brown,christopher91@example.net,(507) 628-3976,2015-09-05,2014-11-23,3,586.45,Highlights,ARCHIVE,Unqualified,valid,Pass,Pre-2019 last appointment,5,5,DaySmart,Matched — Both Systems,2026-04-14
DS-200066,ZCR-101601,DS-200066,Jeffrey,Sullivan,zroberts@example.org,(529) 751-6136,2017-02-25,,0,0.0,,ARCHIVE,Converted,do_not_mail,Do Not Mail,Pre-2019 last appointment,88,1,DaySmart,Matched — Both Systems,2026-04-14
DS-201769,ZCR-101613,DS-201769,Julie,Wolfe,nicolegarcia@example.net,(569) 646-0773,2014-05-19,2016-11-06,4,722.89,Manicure,ARCHIVE,Converted,valid,Unsubscribe Rule,Pre-2019 last appointment,5,1,DaySmart,Matched — Both Systems,2026-04-14
DS-201782,ZCR-101625,DS-201782,Melissa,Cruz,marilyn55@example.com,(620) 213-5469,2016-01-09,,0,0.0,,ARCHIVE,Qualified,unknown,Pass,Pre-2019 last appointment,33,20,DaySmart,Matched — Both Systems,2026-04-14
DS-204706,ZCR-101641,DS-204706,Jack,Lee,wperez@example.com,(789) 880-1962,2016-03-30,,0,0.0,,ARCHIVE,Working,valid,Pass,Pre-2019 last appointment,28,24,DaySmart,Matched — Both Systems,2026-04-14
DS-201853,ZCR-101690,DS-201853,Sean,Davenport,davidhart@example.org,(071) 320-4484,2018-08-15,2014-02-11,1,120.3,Facial,ARCHIVE,New,valid,Pass,Pre-2019 last appointment,96,6,DaySmart,Matched — Both Systems,2026-04-14
DS-201864,ZCR-101700,DS-201864,Savannah,Figueroa,marylopez@example.net,(721) 215-1904,2015-01-03,2018-09-09,3,694.39,Highlights,ARCHIVE,Converted,valid,Pass,Pre-2019 last appointment,66,25,DaySmart,Matched — Both Systems,2026-04-14
DS-201911,ZCR-101743,DS-201911,Mary,Roberts,cthompson@example.net,(353) 998-7591,2012-12-09,2018-11-13,1,219.1,Facial,ARCHIVE,New,valid,Unsubscribe Rule,Pre-2019 last appointment,104,23,DaySmart,Matched — Both Systems,2026-04-14
DS-201922,ZCR-101753,DS-201922,Matthew,Melendez,walterdavid@example.com,(594) 085-9356,2015-12-22,2017-05-23,3,399.76,Manicure,ARCHIVE,Converted,do_not_mail,Unsubscribe Rule,Pre-2019 last appointment,2,0,DaySmart,Matched — Both Systems,2026-04-14
DS-200681,ZCR-101769,DS-200681,Michael,Koch,qdavis@example.com,(335) 157-1840,2012-01-06,2013-07-24,1,84.78,Blowout,ARCHIVE,Working,do_not_mail,Unsubscribe Rule,Pre-2019 last appointment,1,1,DaySmart,Matched — Both Systems,2026-04-14
DS-201940,ZCR-101770,DS-201940,Jonathan,Dorsey,mistywolf@example.com,(785) 150-6688,2011-01-22,2016-10-26,2,457.75,Keratin Treatment,ARCHIVE,New,valid,Pass,Pre-2019 last appointment,60,9,DaySmart,Matched — Both Systems,2026-04-14
DS-201941,ZCR-101771,DS-201941,Holly,Perry,amiller@example.com,(894) 093-6364,2014-09-13,2017-10-15,1,233.76,Highlights,ARCHIVE,Working,do_not_mail,Do Not Mail,Pre-2019 last appointment,109,35,DaySmart,Matched — Both Systems,2026-04-14
DS-204217,ZCR-101774,DS-204217,Mr.,Brian Dudley,lisa16@example.com,(431) 218-2725,2015-10-14,2018-06-15,4,1048.54,Facial,ARCHIVE,Unqualified,valid,Unsubscribe Rule,Pre-2019 last appointment,39,10,DaySmart,Matched — Both Systems,2026-04-14
DS-203191,ZCR-101784,DS-203191,Patrick,Martinez,stephen66@example.org,(097) 490-9126,2014-04-15,,0,0.0,,ARCHIVE,Converted,valid,Unsubscribe Rule,Pre-2019 last appointment,36,15,DaySmart,Matched — Both Systems,2026-04-14
DS-207382,ZCR-101822,DS-207382,Albert,Mccarthy,timothy75@example.org,(016) 909-8513,2015-04-28,2014-09-10,2,373.07,Massage,ARCHIVE,Working,valid,Pass,Pre-2019 last appointment,43,32,DaySmart,Matched — Both Systems,2026-04-14
DS-202023,ZCR-101846,DS-202023,Lisa,Smith,paynejoseph@example.org,(340) 508-1056,2013-04-29,2017-02-16,4,761.93,Color Treatment,ARCHIVE,Working,valid,Pass,Pre-2019 last appointment,20,2,DaySmart,Matched — Both Systems,2026-04-14
DS-202101,ZCR-101918,DS-202101,Juan,Farmer,danielwilliams@example.org,(730) 871-4390,2016-08-19,2017-07-02,2,147.19,Consultation,ARCHIVE,Converted,valid,Pass,Pre-2019 last appointment,52,47,DaySmart,Matched — Both Systems,2026-04-14
DS-202109,ZCR-101925,DS-202109,Barbara,Bauer,leslie40@example.com,(199) 508-1900,2013-04-27,2011-10-16,1,216.12,Color Treatment,ARCHIVE,Converted,valid,Pass,Pre-2019 last appointment,21,9,DaySmart,Matched — Both Systems,2026-04-14
DS-202121,ZCR-101936,DS-202121,Maria,Roberts,ynewton@example.org,(107) 890-7869,2011-07-07,2018-06-01,1,273.11,Keratin Treatment,ARCHIVE,Unqualified,catch-all,Pass,Pre-2019 last appointment,110,20,DaySmart,Matched — Both Systems,2026-04-14
DS-201666,ZCR-101977,DS-201666,Andrew,Moore,brian30@example.net,(996) 469-2434,2015-04-26,2018-11-20,4,589.41,Keratin Treatment,ARCHIVE,Converted,valid,Pass,Pre-2019 last appointment,31,7,DaySmart,Matched — Both Systems,2026-04-14
DS-202214,ZCR-102020,DS-202214,Lisa,Lara DVM,wtaylor@example.net,(468) 629-6610,2011-09-22,2015-05-10,2,324.22,Highlights,ARCHIVE,New,valid,Unsubscribe Rule,Pre-2019 last appointment,92,1,DaySmart,Matched — Both Systems,2026-04-14
DS-202248,ZCR-102051,DS-202248,Maria,Wall,davidsonshannon@example.com,(509) 423-1596,2011-06-11,2018-09-16,3,276.56,Haircut,ARCHIVE,Converted,valid,Pass,Pre-2019 last appointment,76,33,DaySmart,Matched — Both Systems,2026-04-14
DS-200992,ZCR-102066,DS-200992,Erik,Hill,uwilliams@example.com,(912) 151-6411,2014-11-25,2016-01-31,2,252.05,Pedicure,ARCHIVE,Working,valid,Unsubscribe Rule,Pre-2019 last appointment,47,39,DaySmart,Matched — Both Systems,2026-04-14
DS-202275,ZCR-102075,DS-202275,Emily,Jones,paul61@example.net,(360) 772-7204,2012-11-07,2015-10-01,3,369.11,Highlights,ARCHIVE,Unqualified,valid,Unsubscribe Rule,Pre-2019 last appointment,58,48,DaySmart,Matched — Both Systems,2026-04-14
DS-202370,ZCR-102161,DS-202370,Mrs.,Michelle Atkinson,kevinkirk@example.com,(851) 692-1751,2011-06-03,2017-01-05,3,767.42,Blowout,ARCHIVE,Working,valid,Unsubscribe Rule,Pre-2019 last appointment,87,13,DaySmart,Matched — Both Systems,2026-04-14
DS-202371,ZCR-102162,DS-202371,Juan,Murphy,ojohnson@example.com,(005) 745-8076,2014-04-10,2015-05-19,1,99.32,Blowout,ARCHIVE,Converted,do_not_mail,Do Not Mail,Pre-2019 last appointment,107,59,DaySmart,Matched — Both Systems,2026-04-14
DS-202403,ZCR-102191,DS-202403,Mark,Luna,melissa17@example.org,(368) 504-4852,2011-01-11,,0,0.0,,ARCHIVE,New,valid,Unsubscribe Rule,Pre-2019 last appointment,9,2,DaySmart,Matched — Both Systems,2026-04-14
DS-202416,ZCR-102203,DS-202416,Angela,Porter,gregory23@example.com,(906) 270-9401,2014-11-07,2016-12-14,2,216.91,Keratin Treatment,ARCHIVE,Working,valid,Unsubscribe Rule,Pre-2019 last appointment,52,28,DaySmart,Matched — Both Systems,2026-04-14
DS-202444,ZCR-102229,DS-202444,Todd,Heath,christinewilliams@example.net,(386) 039-0367,2015-11-15,2016-05-18,5,600.41,Color Treatment,ARCHIVE,Unqualified,valid,Unsubscribe Rule,Pre-2019 last appointment,38,38,DaySmart,Matched — Both Systems,2026-04-14
DS-202493,ZCR-102272,DS-202493,Brian,Moore,dbrown@example.net,(321) 529-4176,2013-09-11,,0,0.0,,ARCHIVE,New,valid,Pass,Pre-2019 last appointment,32,14,DaySmart,Matched — Both Systems,2026-04-14
DS-202494,ZCR-102273,DS-202494,Cynthia,King,georgekara@example.org,(612) 166-9481,2016-09-29,,0,0.0,,ARCHIVE,Converted,valid,Unsubscribe Rule,Pre-2019 last appointment,110,48,DaySmart,Matched — Both Systems,2026-04-14
DS-202518,ZCR-102295,DS-202518,Russell,Wilson,medwards@example.com,(792) 960-5865,2010-02-03,2016-03-07,1,298.17,Keratin Treatment,ARCHIVE,Unqualified,valid,Pass,Pre-2019 last appointment,117,52,DaySmart,Matched — Both Systems,2026-04-14
DS-202558,ZCR-102332,DS-202558,Anita,Graves,smithbrenda@example.com,(011) 474-7299,2013-09-14,2012-07-12,1,240.68,Facial,ARCHIVE,Qualified,valid,Pass,Pre-2019 last appointment,82,9,DaySmart,Matched — Both Systems,2026-04-14
DS-202560,ZCR-102334,DS-202560,Sarah,Grant,nicole65@example.org,(903) 483-0824,2010-09-24,2018-06-02,1,187.25,Color Treatment,ARCHIVE,Unqualified,do_not_mail,Unsubscribe Rule,Pre-2019 last appointment,11,9,DaySmart,Matched — Both Systems,2026-04-14
DS-202637,ZCR-102405,DS-202637,Carrie,Good MD,kevinhuber@example.net,(335) 668-2289,2014-11-19,2018-08-16,3,673.1,Consultation,ARCHIVE,Working,valid,Pass,Pre-2019 last appointment,90,53,DaySmart,Matched — Both Systems,2026-04-14
DS-202670,ZCR-102435,DS-202670,Crystal,Werner,fwyatt@example.com,(441) 084-3971,2011-08-10,2018-12-04,2,283.1,Blowout,ARCHIVE,Working,unknown,Unsubscribe Rule,Pre-2019 last appointment,12,0,DaySmart,Matched — Both Systems,2026-04-14
DS-202671,ZCR-102436,DS-202671,Mrs.,Alexandria Lambert,austin35@example.net,(827) 173-2031,2015-05-19,,0,0.0,,ARCHIVE,Converted,valid,Pass,Pre-2019 last appointment,71,43,DaySmart,Matched — Both Systems,2026-04-14
DS-202672,ZCR-102437,DS-202672,Michaela,Davis,,(862) 551-1848,2011-06-17,2017-12-25,1,130.56,Manicure,ARCHIVE,Unqualified,invalid,Clinical Exception,Pre-2019 last appointment,97,16,DaySmart,Matched — Both Systems,2026-04-14
DS-207113,ZCR-102438,DS-207113,Charles,Anderson,njones@example.org,(973) 144-7360,2017-05-01,,0,0.0,,ARCHIVE,Qualified,valid,Unsubscribe Rule,Pre-2019 last appointment,26,6,DaySmart,Matched — Both Systems,2026-04-14
DS-205441,ZCR-102443,DS-205441,Dr.,Joseph Davis Jr.,zjohnson@example.net,(045) 650-1638,2012-02-02,2015-04-22,1,248.82,Haircut,ARCHIVE,New,valid,Unsubscribe Rule,Pre-2019 last appointment,34,25,DaySmart,Matched — Both Systems,2026-04-14
DS-202728,ZCR-102487,DS-202728,Allison,Wheeler,bryantandre@example.com,(644) 503-0060,2012-05-08,2016-05-02,4,512.88,Massage,ARCHIVE,Unqualified,valid,Unsubscribe Rule,Pre-2019 last appointment,53,32,DaySmart,Matched — Both Systems,2026-04-14
DS-202735,ZCR-102493,DS-202735,Ernest,Martin,wanda38@example.org,(676) 657-0310,2010-03-14,2017-07-02,2,158.87,Color Treatment,ARCHIVE,Converted,valid,Unsubscribe Rule,Pre-2019 last appointment,1,0,DaySmart,Matched — Both Systems,2026-04-14
DS-202739,ZCR-102497,DS-202739,Amanda,Lewis,martinpamela@example.net,(239) 551-2169,2017-01-20,2018-12-11,3,629.9,Manicure,ARCHIVE,Working,valid,Pass,Pre-2019 last appointment,47,13,DaySmart,Matched — Both Systems,2026-04-14
DS-202779,ZCR-102534,DS-202779,Justin,White,monica87@example.org,(819) 383-4770,2015-11-26,2018-05-20,2,564.54,Color Treatment,ARCHIVE,New,catch-all,Pass,Pre-2019 last appointment,78,16,DaySmart,Matched — Both Systems,2026-04-14
DS-200787,ZCR-102543,DS-200787,Jeffrey,Benjamin,amanda86@example.org,(849) 079-3884,2010-02-15,2011-03-15,1,57.05,Color Treatment,ARCHIVE,Working,valid,Unsubscribe Rule,Pre-2019 last appointment,113,13,DaySmart,Matched — Both Systems,2026-04-14
DS-202797,ZCR-102550,DS-202797,Shawn,Johnson,joshuahanson@example.net,(843) 828-1404,2015-07-01,2018-12-29,1,264.39,Haircut,ARCHIVE,Converted,valid,Unsubscribe Rule,Pre-2019 last appointment,83,52,DaySmart,Matched — Both Systems,2026-04-14
DS-202813,ZCR-102565,DS-202813,Amy,Miller,caroline00@example.net,(847) 555-7734,2011-06-22,2017-10-30,3,416.43,Color Treatment,ARCHIVE,New,valid,Unsubscribe Rule,Pre-2019 last appointment,69,11,DaySmart,Matched — Both Systems,2026-04-14
DS-202814,ZCR-102566,DS-202814,Larry,Lopez,piercemadeline@example.org,(669) 498-3598,2010-07-05,,0,0.0,,ARCHIVE,New,valid,Pass,Pre-2019 last appointment,69,36,DaySmart,Matched — Both Systems,2026-04-14
DS-202822,ZCR-102573,DS-202822,Brandon,Taylor,hernandezstephanie@example.com,(889) 839-2307,2010-07-29,2017-05-12,5,432.71,Consultation,ARCHIVE,New,valid,Unsubscribe Rule,Pre-2019 last appointment,96,13,DaySmart,Matched — Both Systems,2026-04-14
DS-202882,ZCR-102629,DS-202882,Michael,Lane,garciascott@example.com,(903) 648-7372,2011-07-12,,0,0.0,,ARCHIVE,New,valid,Unsubscribe Rule,Pre-2019 last appointment,87,26,DaySmart,Matched — Both Systems,2026-04-14
DS-202930,ZCR-102672,DS-202930,Allen,Golden,brian94@example.org,(799) 397-7881,2015-05-17,2014-02-12,3,804.87,Facial,ARCHIVE,New,catch-all,Pass,Pre-2019 last appointment,79,54,DaySmart,Matched — Both Systems,2026-04-14
DS-202941,ZCR-102682,DS-202941,Tiffany,Ball,pedro98@example.org,(284) 402-7836,2015-10-29,2016-01-18,1,68.26,Blowout,ARCHIVE,Converted,valid,Pass,Pre-2019 last appointment,1,1,DaySmart,Matched — Both Systems,2026-04-14
DS-202942,ZCR-102683,DS-202942,Susan,Williamson,daniel47@example.net,(044) 751-5379,2017-02-13,2012-09-29,2,277.92,Highlights,ARCHIVE,Unqualified,valid,Unsubscribe Rule,Pre-2019 last appointment,49,15,DaySmart,Matched — Both Systems,2026-04-14
DS-202965,ZCR-102703,DS-202965,Lori,Hall,eugenekaufman@example.com,(454) 544-7278,2014-03-30,2017-01-11,3,602.07,Pedicure,ARCHIVE,Qualified,valid,Pass,Pre-2019 last appointment,46,31,DaySmart,Matched — Both Systems,2026-04-14
DS-202966,ZCR-102704,DS-202966,Robert,Velasquez,enielsen@example.com,(406) 686-7994,2015-04-04,2017-06-05,1,194.86,Massage,ARCHIVE,Working,valid,Unsubscribe Rule,Pre-2019 last appointment,53,5,DaySmart,Matched — Both Systems,2026-04-14
DS-203085,ZCR-102720,DS-203085,Robert,Anderson,fgibson@example.net,(892) 670-1361,2012-10-21,2013-02-17,1,142.47,Color Treatment,ARCHIVE,Converted,valid,Pass,Pre-2019 last appointment,7,3,DaySmart,Matched — Both Systems,2026-04-14
DS-202986,ZCR-102722,DS-202986,Matthew,Baker,debrahoward@example.com,(859) 282-0666,2018-01-17,2017-02-21,2,91.8,Pedicure,ARCHIVE,New,valid,Pass,Pre-2019 last appointment,117,59,DaySmart,Matched — Both Systems,2026-04-14
DS-202987,ZCR-102723,DS-202987,Patricia,Johnson,smithmegan@example.org,(000) 326-6617,2010-05-20,2018-10-13,2,182.52,Pedicure,ARCHIVE,New,valid,Pass,Pre-2019 last appointment,59,48,DaySmart,Matched — Both Systems,2026-04-14
DS-203002,ZCR-102737,DS-203002,Steven,Holt,hilljoseph@example.org,(050) 980-9934,2015-03-31,,0,0.0,,ARCHIVE,Working,do_not_mail,Do Not Mail,Pre-2019 last appointment,7,1,DaySmart,Matched — Both Systems,2026-04-14
DS-203003,ZCR-102738,DS-203003,Nicholas,Leblanc,qgordon@example.net,(655) 842-2527,2012-02-01,2012-04-02,2,175.01,Massage,ARCHIVE,New,valid,Pass,Pre-2019 last appointment,46,2,DaySmart,Matched — Both Systems,2026-04-14
DS-203004,ZCR-102739,DS-203004,Jeffrey,Tate,larry29@example.org,(775) 019-3252,2010-01-21,,0,0.0,,ARCHIVE,Working,valid,Unsubscribe Rule,Pre-2019 last appointment,88,7,DaySmart,Matched — Both Systems,2026-04-14
DS-203050,ZCR-102781,DS-203050,Kelly,Carpenter,bobbyknox@example.org,(898) 107-2322,2016-01-14,,0,0.0,,ARCHIVE,Unqualified,valid,Unsubscribe Rule,Pre-2019 last appointment,95,40,DaySmart,Matched — Both Systems,2026-04-14
DS-203080,ZCR-102809,DS-203080,Matthew,Noble,christinepatterson@example.com,(285) 141-9082,2014-10-08,2015-07-15,2,541.5,Haircut,ARCHIVE,Qualified,valid,Unsubscribe Rule,Pre-2019 last appointment,90,50,DaySmart,Matched — Both Systems,2026-04-14
DS-207936,ZCR-102826,DS-207936,Robin,Williams,iparker@example.org,(331) 889-6667,2014-11-01,,0,0.0,,ARCHIVE,Qualified,valid,Pass,Pre-2019 last appointment,36,7,DaySmart,Matched — Both Systems,2026-04-14
DS-205283,ZCR-102828,DS-205283,Jill,Blevins,anthony92@example.com,(436) 902-5855,2013-06-18,2016-05-06,3,549.52,Color Treatment,ARCHIVE,Qualified,valid,Pass,Pre-2019 last appointment,23,19,DaySmart,Matched — Both Systems,2026-04-14
DS-203106,ZCR-102833,DS-203106,Amanda,Costa,ydiaz@example.org,(334) 878-1934,2010-03-28,,0,0.0,,ARCHIVE,Working,valid,Unsubscribe Rule,Pre-2019 last appointment,37,34,DaySmart,Matched — Both Systems,2026-04-14
DS-203547,ZCR-102854,DS-203547,Gina,Taylor,john07@example.org,(627) 664-7848,2017-12-14,2018-09-26,6,956.22,Massage,ARCHIVE,Working,valid,Pass,Pre-2019 last appointment,7,1,DaySmart,Matched — Both Systems,2026-04-14
DS-203157,ZCR-102878,DS-203157,Kendra,Jones,randy82@example.com,(740) 794-3444,2017-01-25,2016-07-25,2,344.09,Highlights,ARCHIVE,New,valid,Pass,Pre-2019 last appointment,19,7,DaySmart,Matched — Both Systems,2026-04-14
DS-205828,ZCR-102912,DS-205828,David,Baker,andrewhernandez@example.org,(909) 305-2734,2016-03-04,2018-04-17,4,413.78,Color Treatment,ARCHIVE,Unqualified,valid,Unsubscribe Rule,Pre-2019 last appointment,99,48,DaySmart,Matched — Both Systems,2026-04-14
DS-200506,ZCR-102913,DS-200506,Shane,Caldwell,steven87@example.org,(121) 663-6515,2012-08-11,,0,0.0,,ARCHIVE,Qualified,valid,Pass,Pre-2019 last appointment,88,15,DaySmart,Matched — Both Systems,2026-04-14
DS-203209,ZCR-102925,DS-203209,Tara,Owens,fwalls@example.com,(266) 244-3677,2016-05-14,2011-09-22,1,88.85,Color Treatment,ARCHIVE,Converted,valid,Unsubscribe Rule,Pre-2019 last appointment,11,8,DaySmart,Matched — Both Systems,2026-04-14
DS-203219,ZCR-102934,DS-203219,David,Watson,wrightbrenda@example.net,(225) 494-5703,2017-09-15,2015-12-16,5,974.77,Massage,ARCHIVE,Unqualified,valid,Pass,Pre-2019 last appointment,68,19,DaySmart,Matched — Both Systems,2026-04-14
DS-203220,ZCR-102935,DS-203220,Roy,Miller,mariaramirez@example.org,(730) 814-1423,2011-05-21,2016-03-13,7,1189.04,Color Treatment,ARCHIVE,New,unknown,Pass,Pre-2019 last appointment,49,33,DaySmart,Matched — Both Systems,2026-04-14
DS-203221,ZCR-102936,DS-203221,Donald,Guerra,michelle17@example.org,(301) 654-8765,2010-12-08,2018-01-06,4,878.67,Highlights,ARCHIVE,Working,valid,Unsubscribe Rule,Pre-2019 last appointment,50,15,DaySmart,Matched — Both Systems,2026-04-14
DS-203232,ZCR-102946,DS-203232,Jeremy,Jackson,ramseyandrea@example.com,(327) 272-0667,2016-09-23,2015-05-12,2,501.4,Pedicure,ARCHIVE,Converted,do_not_mail,Unsubscribe Rule,Pre-2019 last appointment,40,26,DaySmart,Matched — Both Systems,2026-04-14
DS-203245,ZCR-102958,DS-203245,Joel,Jefferson,jessicathomas@example.com,(064) 922-2571,2018-02-19,2016-06-23,5,915.26,Manicure,ARCHIVE,New,valid,Unsubscribe Rule,Pre-2019 last appointment,20,0,DaySmart,Matched — Both Systems,2026-04-14
DS-207438,ZCR-102959,DS-207438,Willie,Tran,david34@example.net,(087) 845-6135,2010-03-25,2018-05-14,4,633.56,Highlights,ARCHIVE,Working,valid,Pass,Pre-2019 last appointment,18,15,DaySmart,Matched — Both Systems,2026-04-14
DS-203271,ZCR-102982,DS-203271,Mary,Martin,bennettwilliam@example.org,(203) 581-3979,2018-01-29,,0,0.0,,ARCHIVE,Converted,valid,Pass,Pre-2019 last appointment,119,56,DaySmart,Matched — Both Systems,2026-04-14
DS-205124,ZCR-103037,DS-205124,Debra,Hunter,mlarson@example.org,(636) 620-5704,2016-09-17,2017-06-06,2,253.24,Blowout,ARCHIVE,Unqualified,valid,Unsubscribe Rule,Pre-2019 last appointment,94,6,DaySmart,Matched — Both Systems,2026-04-14
DS-203338,ZCR-103043,DS-203338,Samantha,Walton,belinda47@example.com,(200) 289-2343,2011-09-25,2016-03-24,1,184.09,Keratin Treatment,ARCHIVE,New,valid,Pass,Pre-2019 last appointment,74,40,DaySmart,Matched — Both Systems,2026-04-14
DS-203390,ZCR-103089,DS-203390,Jose,Guzman,vchristensen@example.com,(894) 338-0536,2014-03-31,,0,0.0,,ARCHIVE,Qualified,valid,Unsubscribe Rule,Pre-2019 last appointment,83,1,DaySmart,Matched — Both Systems,2026-04-14
DS-203391,ZCR-103090,DS-203391,Zachary,Hughes,scottlisa@example.com,(805) 445-2925,2018-03-29,2011-07-01,1,194.98,Color Treatment,ARCHIVE,Working,catch-all,Unsubscribe Rule,Pre-2019 last appointment,39,13,DaySmart,Matched — Both Systems,2026-04-14
DS-203392,ZCR-103091,DS-203392,Aaron,West,ashley18@example.net,(310) 587-6869,2015-08-09,,0,0.0,,ARCHIVE,Working,valid,Unsubscribe Rule,Pre-2019 last appointment,66,24,DaySmart,Matched — Both Systems,2026-04-14
DS-203405,ZCR-103103,DS-203405,Christian,Sullivan,kelly76@example.org,(920) 665-4566,2018-01-19,2016-01-17,5,746.0,Keratin Treatment,ARCHIVE,Working,valid,Unsubscribe Rule,Pre-2019 last appointment,90,48,DaySmart,Matched — Both Systems,2026-04-14
DS-203408,ZCR-103106,DS-203408,Jessica,Young,stevenadams@example.net,(719) 571-5621,2013-01-18,2017-01-21,2,247.31,Haircut,ARCHIVE,Converted,catch-all,Unsubscribe Rule,Pre-2019 last appointment,100,6,DaySmart,Matched — Both Systems,2026-04-14
DS-203409,ZCR-103107,DS-203409,Michelle,Jones,bradley56@example.net,(590) 037-0861,2012-07-29,2012-05-27,1,205.19,Highlights,ARCHIVE,Converted,valid,Pass,Pre-2019 last appointment,78,38,DaySmart,Matched — Both Systems,2026-04-14
DS-203441,ZCR-103137,DS-203441,Julia,Erickson,ashleyallen@example.net,(077) 258-4009,2013-08-14,2018-04-25,3,324.02,Pedicure,ARCHIVE,Converted,valid,Unsubscribe Rule,Pre-2019 last appointment,44,21,DaySmart,Matched — Both Systems,2026-04-14
DS-203479,ZCR-103171,DS-203479,Sarah,Swanson,abbottmary@example.org,(323) 969-1186,2017-06-15,2015-02-11,1,160.24,Keratin Treatment,ARCHIVE,Qualified,catch-all,Unsubscribe Rule,Pre-2019 last appointment,111,25,DaySmart,Matched — Both Systems,2026-04-14
DS-203480,ZCR-103172,DS-203480,Mrs.,Wendy Cruz,sandra59@example.org,(396) 597-8269,2011-06-12,,0,0.0,,ARCHIVE,Unqualified,valid,Unsubscribe Rule,Pre-2019 last appointment,74,59,DaySmart,Matched — Both Systems,2026-04-14
DS-203481,ZCR-103173,DS-203481,Curtis,Martin,newtonmargaret@example.net,(843) 913-4973,2012-04-06,2014-02-17,3,498.6,Massage,ARCHIVE,Unqualified,valid,Pass,Pre-2019 last appointment,35,10,DaySmart,Matched — Both Systems,2026-04-14
DS-203513,ZCR-103202,DS-203513,Kevin,Young,frank29@example.org,(114) 231-1547,2015-09-10,2011-08-04,1,59.64,Pedicure,ARCHIVE,Qualified,valid,Pass,Pre-2019 last appointment,117,33,DaySmart,Matched — Both Systems,2026-04-14
DS-203543,ZCR-103229,DS-203543,Nancy,Summers,albert48@example.com,(120) 612-6873,2018-06-20,2017-10-20,5,892.88,Consultation,ARCHIVE,Unqualified,valid,Unsubscribe Rule,Pre-2019 last appointment,65,21,DaySmart,Matched — Both Systems,2026-04-14
DS-202043,ZCR-103230,DS-202043,Amanda,Lyons,sgarcia@example.net,(080) 045-8724,2018-01-22,2017-02-09,4,620.7,Highlights,ARCHIVE,Converted,valid,Unsubscribe Rule,Pre-2019 last appointment,13,4,DaySmart,Matched — Both Systems,2026-04-14
DS-203560,ZCR-103245,DS-203560,Jaclyn,Bauer,stevenho@example.com,(141) 045-2887,2012-05-06,2018-06-07,2,428.08,Consultation,ARCHIVE,Qualified,valid,Unsubscribe Rule,Pre-2019 last appointment,54,6,DaySmart,Matched — Both Systems,2026-04-14
DS-203576,ZCR-103259,DS-203576,Samuel,Ryan,mlee@example.com,(123) 075-6745,2010-07-29,2015-05-25,1,264.99,Keratin Treatment,ARCHIVE,New,valid,Pass,Pre-2019 last appointment,12,0,DaySmart,Matched — Both Systems,2026-04-14
DS-204703,ZCR-103271,DS-204703,Ronnie,Sullivan,mmartin@example.org,(772) 457-4415,2010-07-21,2016-02-28,1,241.36,Haircut,ARCHIVE,New,valid,Unsubscribe Rule,Pre-2019 last appointment,7,0,DaySmart,Matched — Both Systems,2026-04-14
DS-203599,ZCR-103279,DS-203599,Mark,Johnson,johntaylor@example.net,(175) 060-9471,2013-04-24,2018-03-18,2,456.96,Blowout,ARCHIVE,Unqualified,valid,Unsubscribe Rule,Pre-2019 last appointment,37,8,DaySmart,Matched — Both Systems,2026-04-14
DS-203631,ZCR-103308,DS-203631,Candice,Fuller,ashley81@example.com,(880) 595-1556,2014-02-09,2018-06-13,4,343.14,Consultation,ARCHIVE,Unqualified,valid,Unsubscribe Rule,Pre-2019 last appointment,78,35,DaySmart,Matched — Both Systems,2026-04-14
DS-203654,ZCR-103329,DS-203654,Valerie,Lawson,rpope@example.org,(600) 520-6108,2018-09-05,2012-03-09,1,245.68,Manicure,ARCHIVE,Unqualified,valid,Pass,Pre-2019 last appointment,39,21,DaySmart,Matched — Both Systems,2026-04-14
DS-203655,ZCR-103330,DS-203655,Kevin,Barrett,jacob23@example.net,(637) 736-4217,2010-10-24,,0,0.0,,ARCHIVE,Working,valid,Pass,Pre-2019 last appointment,90,46,DaySmart,Matched — Both Systems,2026-04-14
DS-201640,ZCR-103374,DS-201640,Michelle,Villarreal,jberry@example.org,(302) 656-4771,2016-06-27,2011-12-11,1,102.06,Massage,ARCHIVE,Converted,valid,Unsubscribe Rule,Pre-2019 last appointment,82,10,DaySmart,Matched — Both Systems,2026-04-14
DS-203714,ZCR-103385,DS-203714,Marcus,Barajas,cmiller@example.net,(774) 184-1264,2018-04-27,2017-07-21,1,171.86,Massage,ARCHIVE,Converted,valid,Pass,Pre-2019 last appointment,67,60,DaySmart,Matched — Both Systems,2026-04-14
DS-203810,ZCR-103473,DS-203810,Mrs.,Brooke Patrick,shawnclayton@example.net,(540) 533-4016,2016-07-06,2015-06-14,4,760.88,Pedicure,ARCHIVE,Working,unknown,Pass,Pre-2019 last appointment,10,8,DaySmart,Matched — Both Systems,2026-04-14
DS-203839,ZCR-103500,DS-203839,Bruce,Blevins,adamsamanda@example.com,(362) 748-1873,2014-01-26,2014-07-06,2,293.34,Haircut,ARCHIVE,Unqualified,catch-all,Unsubscribe Rule,Pre-2019 last appointment,48,2,DaySmart,Matched — Both Systems,2026-04-14
DS-203992,ZCR-103639,DS-203992,Laurie,Nguyen,susan08@example.org,(995) 892-8215,2011-02-08,2018-04-27,3,408.66,Highlights,ARCHIVE,Unqualified,valid,Unsubscribe Rule,Pre-2019 last appointment,14,6,DaySmart,Matched — Both Systems,2026-04-14
DS-204011,ZCR-103657,DS-204011,Chris,Mason,penajanice@example.com,(029) 748-0579,2017-04-01,,0,0.0,,ARCHIVE,Qualified,unknown,Pass,Pre-2019 last appointment,38,35,DaySmart,Matched — Both Systems,2026-04-14
DS-204059,ZCR-103701,DS-204059,Tony,Mora,wardebony@example.org,(837) 158-7544,2015-07-01,,0,0.0,,ARCHIVE,New,valid,Unsubscribe Rule,Pre-2019 last appointment,31,7,DaySmart,Matched — Both Systems,2026-04-14
DS-201126,ZCR-103707,DS-201126,Sharon,Alexander,kimberly63@example.net,(083) 906-5402,2014-07-04,2012-04-24,1,234.28,Blowout,ARCHIVE,New,valid,Unsubscribe Rule,Pre-2019 last appointment,28,1,DaySmart,Matched — Both Systems,2026-04-14
DS-205616,ZCR-103711,DS-205616,Cathy,Mcclain,michael26@example.net,(946) 946-8339,2011-10-02,2015-03-18,2,413.59,Pedicure,ARCHIVE,Qualified,valid,Unsubscribe Rule,Pre-2019 last appointment,114,6,DaySmart,Matched — Both Systems,2026-04-14
DS-204081,ZCR-103721,DS-204081,Nicholas,Ramsey,wrightemily@example.com,(567) 613-4282,2012-06-21,2017-11-23,3,540.89,Consultation,ARCHIVE,Qualified,valid,Unsubscribe Rule,Pre-2019 last appointment,28,24,DaySmart,Matched — Both Systems,2026-04-14
DS-204082,ZCR-103722,DS-204082,Roberto,Benson,ldavis@example.com,(205) 139-5414,2013-08-27,2018-02-17,4,350.85,Massage,ARCHIVE,Qualified,valid,Pass,Pre-2019 last appointment,20,19,DaySmart,Matched — Both Systems,2026-04-14
DS-204087,ZCR-103727,DS-204087,Charles,Jimenez,jefferybeck@example.com,(808) 013-6049,2014-03-09,2017-06-29,2,439.03,Pedicure,ARCHIVE,Unqualified,valid,Pass,Pre-2019 last appointment,13,2,DaySmart,Matched — Both Systems,2026-04-14
DS-206949,ZCR-103733,DS-206949,Judy,Ward MD,xedwards@example.org,(282) 191-0513,2012-06-28,2016-11-05,3,311.81,Blowout,ARCHIVE,Unqualified,valid,Unsubscribe Rule,Pre-2019 last appointment,9,3,DaySmart,Matched — Both Systems,2026-04-14
DS-204100,ZCR-103739,DS-204100,Gary,Daniels,meganwong@example.org,(727) 999-9499,2014-08-23,2018-02-28,6,1011.47,Facial,ARCHIVE,Qualified,valid,Pass,Pre-2019 last appointment,11,3,DaySmart,Matched — Both Systems,2026-04-14
DS-205192,ZCR-103769,DS-205192,Eric,Ramirez,qgarcia@example.org,(351) 395-9274,2014-05-28,2018-06-21,3,537.66,Massage,ARCHIVE,Unqualified,valid,Unsubscribe Rule,Pre-2019 last appointment,3,3,DaySmart,Matched — Both Systems,2026-04-14
DS-204144,ZCR-103780,DS-204144,Christian,Wilson,tinahernandez@example.org,(393) 540-3571,2012-07-10,2018-12-29,4,669.73,Consultation,ARCHIVE,Qualified,valid,Unsubscribe Rule,Pre-2019 last appointment,8,2,DaySmart,Matched — Both Systems,2026-04-14
DS-204161,ZCR-103795,DS-204161,Susan,Gutierrez,carrievalenzuela@example.org,(505) 386-5312,2018-01-10,,0,0.0,,ARCHIVE,Converted,valid,Unsubscribe Rule,Pre-2019 last appointment,84,39,DaySmart,Matched — Both Systems,2026-04-14
DS-204162,ZCR-103796,DS-204162,William,Armstrong,millskenneth@example.com,(204) 245-7972,2016-02-11,,0,0.0,,ARCHIVE,Converted,valid,Pass,Pre-2019 last appointment,106,22,DaySmart,Matched — Both Systems,2026-04-14
DS-204198,ZCR-103829,DS-204198,Susan,Vega,ipierce@example.net,(557) 634-1625,2016-10-23,,0,0.0,,ARCHIVE,Working,valid,Pass,Pre-2019 last appointment,114,14,DaySmart,Matched — Both Systems,2026-04-14
DS-204226,ZCR-103854,DS-204226,Victoria,Harvey,swansonmargaret@example.net,(066) 935-4891,2018-01-07,2013-03-18,1,120.11,Highlights,ARCHIVE,Converted,catch-all,Pass,Pre-2019 last appointment,43,8,DaySmart,Matched — Both Systems,2026-04-14
DS-204315,ZCR-103935,DS-204315,Darrell,Chase,williamsoncassandra@example.org,(001) 450-1624,2010-11-26,2014-12-03,2,158.37,Pedicure,ARCHIVE,New,valid,Pass,Pre-2019 last appointment,53,4,DaySmart,Matched — Both Systems,2026-04-14
DS-204325,ZCR-103943,DS-204325,Richard,Butler,zoeshaffer@example.org,(405) 792-6824,2015-08-14,2014-05-22,1,154.91,Keratin Treatment,ARCHIVE,Unqualified,valid,Pass,Pre-2019 last appointment,95,30,DaySmart,Matched — Both Systems,2026-04-14
DS-204334,ZCR-103951,DS-204334,Alicia,Archer,isabel50@example.net,(907) 019-4305,2015-04-11,2014-10-31,2,98.58,Keratin Treatment,ARCHIVE,Qualified,valid,Unsubscribe Rule,Pre-2019 last appointment,37,26,DaySmart,Matched — Both Systems,2026-04-14
DS-204348,ZCR-103964,DS-204348,Clayton,Sawyer,laura71@example.org,(856) 306-9066,2018-11-28,2015-10-03,1,183.46,Haircut,ARCHIVE,New,valid,Pass,Pre-2019 last appointment,83,28,DaySmart,Matched — Both Systems,2026-04-14
DS-204363,ZCR-103978,DS-204363,Jeffery,Russell,tracyrivera@example.net,(655) 289-8001,2011-12-03,2018-08-12,5,613.43,Blowout,ARCHIVE,Qualified,valid,Pass,Pre-2019 last appointment,102,58,DaySmart,Matched — Both Systems,2026-04-14
DS-204364,ZCR-103979,DS-204364,Theresa,Long,tsoto@example.org,(563) 075-9257,2013-10-06,2018-06-01,2,326.62,Color Treatment,ARCHIVE,New,catch-all,Unsubscribe Rule,Pre-2019 last appointment,76,5,DaySmart,Matched — Both Systems,2026-04-14
DS-204381,ZCR-103994,DS-204381,Patrick,Wilkerson,icole@example.org,(871) 634-5784,2012-12-18,2016-12-23,3,601.33,Blowout,ARCHIVE,Working,valid,Unsubscribe Rule,Pre-2019 last appointment,105,24,DaySmart,Matched — Both Systems,2026-04-14
DS-204421,ZCR-104030,DS-204421,Catherine,Huff,ktrevino@example.org,(375) 361-4326,2013-10-20,2013-04-03,1,285.41,Highlights,ARCHIVE,Working,unknown,Pass,Pre-2019 last appointment,21,16,DaySmart,Matched — Both Systems,2026-04-14
DS-204485,ZCR-104089,DS-204485,Kimberly,Payne,zcohen@example.org,(311) 459-3920,2012-06-01,,0,0.0,,ARCHIVE,New,valid,Unsubscribe Rule,Pre-2019 last appointment,18,14,DaySmart,Matched — Both Systems,2026-04-14
DS-204499,ZCR-104101,DS-204499,Brett,Adams,ikirby@example.org,(147) 119-5266,2017-01-01,2018-04-13,3,410.0,Blowout,ARCHIVE,Unqualified,valid,Pass,Pre-2019 last appointment,67,59,DaySmart,Matched — Both Systems,2026-04-14
DS-204500,ZCR-104102,DS-204500,Jesse,Robinson,rebecca47@example.net,(556) 825-4277,2012-02-14,2016-09-05,5,943.84,Consultation,ARCHIVE,Working,valid,Unsubscribe Rule,Pre-2019 last appointment,45,2,DaySmart,Matched — Both Systems,2026-04-14
DS-204518,ZCR-104119,DS-204518,April,Gonzalez,michaeleverett@example.net,(952) 580-0096,2014-02-16,2017-09-27,2,248.34,Haircut,ARCHIVE,Unqualified,valid,Pass,Pre-2019 last appointment,0,0,DaySmart,Matched — Both Systems,2026-04-14
DS-204537,ZCR-104136,DS-204537,Terry,Johnson,tina73@example.org,(777) 810-8813,2012-12-02,2013-03-24,1,190.16,Massage,ARCHIVE,Qualified,valid,Unsubscribe Rule,Pre-2019 last appointment,45,1,DaySmart,Matched — Both Systems,2026-04-14
DS-204542,ZCR-104141,DS-204542,Cindy,Cameron MD,marymcneil@example.org,(823) 211-1508,2010-09-07,2017-10-28,3,596.01,Keratin Treatment,ARCHIVE,Converted,valid,Pass,Pre-2019 last appointment,51,48,DaySmart,Matched — Both Systems,2026-04-14
DS-204543,ZCR-104142,DS-204543,Kayla,Lucas,phillipsrobert@example.com,(557) 884-1457,2010-10-19,2010-06-10,1,249.45,Facial,ARCHIVE,Working,valid,Pass,Pre-2019 last appointment,50,18,DaySmart,Matched — Both Systems,2026-04-14
DS-204556,ZCR-104154,DS-204556,Donald,Lewis,vaughngloria@example.com,(228) 974-3476,2013-03-20,2010-01-19,1,125.5,Manicure,ARCHIVE,Qualified,valid,Unsubscribe Rule,Pre-2019 last appointment,113,47,DaySmart,Matched — Both Systems,2026-04-14
DS-204596,ZCR-104191,DS-204596,Martin,Pena,jamesdavid@example.net,(092) 275-1589,2012-08-21,,0,0.0,,ARCHIVE,New,valid,Pass,Pre-2019 last appointment,90,1,DaySmart,Matched — Both Systems,2026-04-14
DS-204598,ZCR-104193,DS-204598,Kevin,Diaz,carlsonbryan@example.org,(291) 974-2694,2012-03-12,2018-10-05,4,714.5,Keratin Treatment,ARCHIVE,Qualified,valid,Pass,Pre-2019 last appointment,33,10,DaySmart,Matched — Both Systems,2026-04-14
DS-204667,ZCR-104256,DS-204667,Nicholas,Roy,schultztina@example.com,(162) 302-4829,2013-02-28,2017-03-13,2,441.86,Haircut,ARCHIVE,New,valid,Pass,Pre-2019 last appointment,116,3,DaySmart,Matched — Both Systems,2026-04-14
DS-204673,ZCR-104261,DS-204673,Debbie,Lopez,ohaynes@example.org,(389) 472-6970,2012-12-11,2018-06-16,1,258.93,Highlights,ARCHIVE,Unqualified,valid,Unsubscribe Rule,Pre-2019 last appointment,99,33,DaySmart,Matched — Both Systems,2026-04-14
DS-204756,ZCR-104337,DS-204756,Nicholas,Thomas,patrick10@example.org,(524) 154-4799,2013-09-08,2018-07-16,5,856.69,Consultation,ARCHIVE,Unqualified,valid,Unsubscribe Rule,Pre-2019 last appointment,4,1,DaySmart,Matched — Both Systems,2026-04-14
DS-204095,ZCR-104357,DS-204095,Marcus,Brown,ubrown@example.net,(466) 961-4797,2016-11-29,2016-07-04,2,369.35,Consultation,ARCHIVE,Working,valid,Unsubscribe Rule,Pre-2019 last appointment,110,52,DaySmart,Matched — Both Systems,2026-04-14
DS-204780,ZCR-104360,DS-204780,Marc,Greer,barneskelly@example.net,(462) 431-4356,2011-07-03,2016-06-25,2,395.57,Color Treatment,ARCHIVE,Qualified,valid,Pass,Pre-2019 last appointment,70,8,DaySmart,Matched — Both Systems,2026-04-14
DS-204784,ZCR-104364,DS-204784,Annette,Grant,xmccoy@example.com,(968) 413-8928,2010-04-19,2013-05-29,1,72.9,Keratin Treatment,ARCHIVE,Unqualified,valid,Pass,Pre-2019 last appointment,15,4,DaySmart,Matched — Both Systems,2026-04-14
DS-204794,ZCR-104373,DS-204794,Noah,Fleming,lgonzalez@example.net,(517) 769-8367,2010-01-01,2013-01-24,1,47.05,Haircut,ARCHIVE,Qualified,valid,Unsubscribe Rule,Pre-2019 last appointment,88,42,DaySmart,Matched — Both Systems,2026-04-14
DS-204858,ZCR-104431,DS-204858,Austin,Garcia,qmcdowell@example.com,(071) 415-8046,2014-09-11,2016-06-29,2,310.06,Manicure,ARCHIVE,Working,do_not_mail,Unsubscribe Rule,Pre-2019 last appointment,45,38,DaySmart,Matched — Both Systems,2026-04-14
DS-206606,ZCR-104437,DS-206606,Sherry,Smith,msmith@example.com,(483) 711-9695,2014-04-30,2015-03-24,2,133.57,Haircut,ARCHIVE,Unqualified,valid,Unsubscribe Rule,Pre-2019 last appointment,109,31,DaySmart,Matched — Both Systems,2026-04-14
DS-202895,ZCR-104439,DS-202895,Casey,Miller,nwilliams@example.org,(781) 762-3255,2011-11-18,2015-12-12,2,319.68,Pedicure,ARCHIVE,Unqualified,valid,Unsubscribe Rule,Pre-2019 last appointment,42,37,DaySmart,Matched — Both Systems,2026-04-14
DS-204877,ZCR-104448,DS-204877,Manuel,Shaw,debra86@example.org,(615) 048-5487,2013-07-06,2016-12-12,2,283.17,Pedicure,ARCHIVE,Working,valid,Pass,Pre-2019 last appointment,16,7,DaySmart,Matched — Both Systems,2026-04-14
DS-204933,ZCR-104499,DS-204933,Marco,Hamilton,hernandezsherri@example.net,(980) 326-3101,2015-02-15,2015-11-27,1,266.82,Highlights,ARCHIVE,Qualified,valid,Pass,Pre-2019 last appointment,77,27,DaySmart,Matched — Both Systems,2026-04-14
DS-201668,ZCR-104514,DS-201668,Aaron,Evans,lewisrichard@example.com,(476) 911-6122,2016-01-08,2015-07-24,1,120.44,Manicure,ARCHIVE,Unqualified,catch-all,Pass,Pre-2019 last appointment,23,6,DaySmart,Matched — Both Systems,2026-04-14
DS-205017,ZCR-104518,DS-205017,Rachel,Jones,thomassmith@example.net,(396) 411-7744,2013-10-02,2018-12-06,3,430.18,Pedicure,ARCHIVE,Qualified,unknown,Unsubscribe Rule,Pre-2019 last appointment,89,33,DaySmart,Matched — Both Systems,2026-04-14
DS-204987,ZCR-104548,DS-204987,Tammy,Flores,amysmith@example.com,(292) 365-7989,2013-05-19,2011-12-13,1,260.82,Blowout,ARCHIVE,New,valid,Pass,Pre-2019 last appointment,18,9,DaySmart,Matched — Both Systems,2026-04-14
DS-205062,ZCR-104617,DS-205062,Charles,Harris,dsloan@example.net,(126) 821-3342,2011-10-30,2018-11-14,4,819.8,Manicure,ARCHIVE,Qualified,valid,Pass,Pre-2019 last appointment,110,27,DaySmart,Matched — Both Systems,2026-04-14
DS-205078,ZCR-104631,DS-205078,Mr.,Mark Holden,jonesjamie@example.net,(369) 464-5944,2013-07-26,,0,0.0,,ARCHIVE,Converted,catch-all,Pass,Pre-2019 last appointment,77,40,DaySmart,Matched — Both Systems,2026-04-14
DS-205091,ZCR-104643,DS-205091,Melissa,Clay,watsonteresa@example.com,(670) 415-1061,2013-09-20,,0,0.0,,ARCHIVE,Unqualified,valid,Pass,Pre-2019 last appointment,104,35,DaySmart,Matched — Both Systems,2026-04-14
DS-205092,ZCR-104644,DS-205092,Briana,Brown,edwardscaitlin@example.org,(412) 148-8514,2017-09-03,2018-12-09,3,349.78,Facial,ARCHIVE,Qualified,valid,Pass,Pre-2019 last appointment,77,57,DaySmart,Matched — Both Systems,2026-04-14
DS-205117,ZCR-104666,DS-205117,Daniel,Brown,kevin39@example.org,(850) 379-7035,2013-10-25,2016-10-27,2,321.03,Highlights,ARCHIVE,New,unknown,Unsubscribe Rule,Pre-2019 last appointment,64,7,DaySmart,Matched — Both Systems,2026-04-14
DS-205156,ZCR-104701,DS-205156,Charles,Robinson,becky68@example.com,(644) 132-2071,2013-07-26,,0,0.0,,ARCHIVE,Qualified,valid,Unsubscribe Rule,Pre-2019 last appointment,111,18,DaySmart,Matched — Both Systems,2026-04-14
DS-205157,ZCR-104702,DS-205157,Justin,Giles,kimberly81@example.com,(906) 192-9221,2012-07-06,2016-10-16,1,289.98,Keratin Treatment,ARCHIVE,Qualified,valid,Unsubscribe Rule,Pre-2019 last appointment,33,18,DaySmart,Matched — Both Systems,2026-04-14
DS-205169,ZCR-104713,DS-205169,Benjamin,Gregory,herringkatherine@example.net,(385) 286-9141,2015-05-06,2015-10-13,4,436.99,Blowout,ARCHIVE,Unqualified,valid,Pass,Pre-2019 last appointment,75,24,DaySmart,Matched — Both Systems,2026-04-14
DS-205182,ZCR-104725,DS-205182,Scott,Mcdonald,erica50@example.net,(854) 991-5795,2011-09-13,2012-05-22,1,59.31,Blowout,ARCHIVE,Unqualified,valid,Unsubscribe Rule,Pre-2019 last appointment,27,24,DaySmart,Matched — Both Systems,2026-04-14
DS-205183,ZCR-104726,DS-205183,Mrs.,Tiffany Lopez PhD,wmathis@example.net,(402) 667-6543,2011-05-06,2016-05-21,2,256.16,Color Treatment,ARCHIVE,Qualified,valid,Pass,Pre-2019 last appointment,73,30,DaySmart,Matched — Both Systems,2026-04-14
DS-202888,ZCR-104777,DS-202888,Brandon,Mccormick,andrew01@example.net,(801) 106-3822,2015-07-09,2012-01-02,1,274.32,Haircut,ARCHIVE,Unqualified,valid,Unsubscribe Rule,Pre-2019 last appointment,82,11,DaySmart,Matched — Both Systems,2026-04-14
DS-203122,ZCR-104811,DS-203122,Alex,Moore,bpeters@example.net,(343) 614-5501,2010-09-04,2013-11-09,2,186.91,Massage,ARCHIVE,Unqualified,valid,Pass,Pre-2019 last appointment,52,22,DaySmart,Matched — Both Systems,2026-04-14
DS-205300,ZCR-104832,DS-205300,David,Prince,jeffrey71@example.net,(102) 347-7047,2010-05-19,2017-12-20,3,228.0,Blowout,ARCHIVE,New,do_not_mail,Unsubscribe Rule,Pre-2019 last appointment,118,2,DaySmart,Matched — Both Systems,2026-04-14
DS-201506,ZCR-104858,DS-201506,Kimberly,Martin,cthompson@example.org,(727) 208-1472,2012-09-14,,0,0.0,,ARCHIVE,Converted,valid,Pass,Pre-2019 last appointment,64,47,DaySmart,Matched — Both Systems,2026-04-14
DS-205353,ZCR-104880,DS-205353,Christopher,Bell,amandapatterson@example.net,(064) 753-2557,2013-09-19,2016-12-01,5,593.05,Massage,ARCHIVE,Unqualified,valid,Unsubscribe Rule,Pre-2019 last appointment,60,10,DaySmart,Matched — Both Systems,2026-04-14
DS-205355,ZCR-104882,DS-205355,John,Hughes,hwilliamson@example.org,(428) 557-9873,2014-05-15,2015-09-14,1,175.94,Consultation,ARCHIVE,New,catch-all,Pass,Pre-2019 last appointment,30,8,DaySmart,Matched — Both Systems,2026-04-14
DS-205366,ZCR-104891,DS-205366,Christopher,Williams,vbowers@example.net,(925) 071-3339,2011-02-11,2015-01-15,1,193.22,Keratin Treatment,ARCHIVE,Working,catch-all,Pass,Pre-2019 last appointment,55,22,DaySmart,Matched — Both Systems,2026-04-14
DS-205387,ZCR-104911,DS-205387,Amanda,Holden,sfarmer@example.org,(232) 127-5092,2015-10-11,2013-09-25,4,587.48,Facial,ARCHIVE,Working,valid,Unsubscribe Rule,Pre-2019 last appointment,45,25,DaySmart,Matched — Both Systems,2026-04-14
DS-205400,ZCR-104923,DS-205400,Samantha,Brown,laurenrobinson@example.org,(484) 600-6030,2017-10-16,2016-08-06,2,360.8,Blowout,ARCHIVE,Qualified,valid,Pass,Pre-2019 last appointment,3,0,DaySmart,Matched — Both Systems,2026-04-14
DS-205449,ZCR-104966,DS-205449,Robert,Logan,wardnathan@example.net,(519) 717-1823,2012-08-24,2018-08-20,1,82.63,Highlights,ARCHIVE,Working,valid,Unsubscribe Rule,Pre-2019 last appointment,40,7,DaySmart,Matched — Both Systems,2026-04-14
DS-204545,ZCR-104984,DS-204545,Gregory,West,john45@example.org,(707) 471-3143,2011-10-28,2017-02-09,2,305.1,Massage,ARCHIVE,Qualified,valid,Unsubscribe Rule,Pre-2019 last appointment,66,46,DaySmart,Matched — Both Systems,2026-04-14
DS-205498,ZCR-105009,DS-205498,Mary,Bowman MD,russellsean@example.net,(083) 120-9671,2010-03-29,2015-12-08,5,789.21,Blowout,ARCHIVE,Unqualified,catch-all,Unsubscribe Rule,Pre-2019 last appointment,17,1,DaySmart,Matched — Both Systems,2026-04-14
DS-205525,ZCR-105033,DS-205525,Michael,Williams,troygeorge@example.com,(674) 885-1885,2014-05-03,2013-07-18,1,31.45,Consultation,ARCHIVE,Qualified,valid,Pass,Pre-2019 last appointment,92,44,DaySmart,Matched — Both Systems,2026-04-14
DS-205583,ZCR-105085,DS-205583,Jonathan,Martinez,harveyjennifer@example.com,(511) 920-4531,2014-10-15,,0,0.0,,ARCHIVE,Converted,valid,Unsubscribe Rule,Pre-2019 last appointment,33,16,DaySmart,Matched — Both Systems,2026-04-14
DS-205662,ZCR-105158,DS-205662,Briana,Brown,mirandatravis@example.org,(815) 893-9209,2010-04-15,2013-07-25,1,171.58,Highlights,ARCHIVE,Qualified,valid,Unsubscribe Rule,Pre-2019 last appointment,68,28,DaySmart,Matched — Both Systems,2026-04-14
DS-205685,ZCR-105180,DS-205685,Christopher,Hughes,eric92@example.org,(136) 057-9792,2013-04-25,2018-06-02,4,666.38,Massage,ARCHIVE,Qualified,valid,Pass,Pre-2019 last appointment,41,41,DaySmart,Matched — Both Systems,2026-04-14
DS-207195,ZCR-105182,DS-207195,Russell,Lane,kanderson@example.net,(777) 504-6669,2012-08-10,,0,0.0,,ARCHIVE,Working,valid,Pass,Pre-2019 last appointment,105,13,DaySmart,Matched — Both Systems,2026-04-14
DS-205740,ZCR-105231,DS-205740,Jessica,Williams,dsanders@example.com,(722) 454-8466,2017-09-17,2013-10-22,1,159.45,Facial,ARCHIVE,New,valid,Pass,Pre-2019 last appointment,0,0,DaySmart,Matched — Both Systems,2026-04-14
DS-205744,ZCR-105235,DS-205744,Alicia,Davenport,bpalmer@example.net,(737) 561-6814,2015-08-01,,0,0.0,,ARCHIVE,Unqualified,valid,Unsubscribe Rule,Pre-2019 last appointment,94,56,DaySmart,Matched — Both Systems,2026-04-14
DS-206732,ZCR-105271,DS-206732,Tammy,Richardson,fbond@example.org,(985) 266-4314,2011-07-31,2011-04-06,1,136.73,Haircut,ARCHIVE,New,catch-all,Unsubscribe Rule,Pre-2019 last appointment,63,39,DaySmart,Matched — Both Systems,2026-04-14
DS-205790,ZCR-105277,DS-205790,Tina,Gardner,julia11@example.com,(337) 666-9916,2018-04-23,2016-09-26,5,660.44,Massage,ARCHIVE,New,valid,Unsubscribe Rule,Pre-2019 last appointment,104,28,DaySmart,Matched — Both Systems,2026-04-14
DS-205791,ZCR-105278,DS-205791,Jennifer,Pacheco,carmengrant@example.org,(115) 023-8184,2014-09-02,,0,0.0,,ARCHIVE,New,valid,Pass,Pre-2019 last appointment,40,20,DaySmart,Matched — Both Systems,2026-04-14
DS-205821,ZCR-105306,DS-205821,Olivia,Little,christopherharrison@example.net,(785) 339-5682,2014-11-14,2013-08-05,1,47.78,Facial,ARCHIVE,Unqualified,unknown,Pass,Pre-2019 last appointment,55,51,DaySmart,Matched — Both Systems,2026-04-14
DS-205823,ZCR-105308,DS-205823,Larry,Spencer,christina56@example.org,(875) 143-4286,2011-02-08,2017-04-20,1,275.99,Color Treatment,ARCHIVE,Qualified,catch-all,Pass,Pre-2019 last appointment,83,39,DaySmart,Matched — Both Systems,2026-04-14
DS-205839,ZCR-105323,DS-205839,Christine,Nielsen,bpark@example.net,(173) 108-0945,2015-08-01,2013-11-27,1,174.41,Massage,ARCHIVE,New,unknown,Unsubscribe Rule,Pre-2019 last appointment,77,53,DaySmart,Matched — Both Systems,2026-04-14
DS-205848,ZCR-105331,DS-205848,Anne,Bradford,floressylvia@example.com,(789) 439-2839,2011-03-05,2016-11-18,2,353.91,Color Treatment,ARCHIVE,Unqualified,valid,Unsubscribe Rule,Pre-2019 last appointment,81,22,DaySmart,Matched — Both Systems,2026-04-14
DS-205894,ZCR-105373,DS-205894,Shawn,Rodriguez,jasminewright@example.net,(022) 517-5094,2014-01-08,2016-10-09,1,167.31,Keratin Treatment,ARCHIVE,Unqualified,valid,Pass,Pre-2019 last appointment,10,7,DaySmart,Matched — Both Systems,2026-04-14
DS-205951,ZCR-105425,DS-205951,Charles,Lloyd,vwatson@example.org,(291) 069-7436,2013-07-08,,0,0.0,,ARCHIVE,Working,valid,Unsubscribe Rule,Pre-2019 last appointment,107,35,DaySmart,Matched — Both Systems,2026-04-14
DS-205978,ZCR-105448,DS-205978,Richard,Ross,madison46@example.net,(757) 395-4092,2014-11-01,,0,0.0,,ARCHIVE,Qualified,valid,Pass,Pre-2019 last appointment,40,21,DaySmart,Matched — Both Systems,2026-04-14
DS-205990,ZCR-105459,DS-205990,Christopher,Gonzalez,amanda14@example.net,(609) 144-7853,2012-05-15,2018-01-26,1,282.19,Consultation,ARCHIVE,New,valid,Pass,Pre-2019 last appointment,45,42,DaySmart,Matched — Both Systems,2026-04-14
DS-200913,ZCR-105474,DS-200913,Ryan,Norman,john60@example.com,(117) 160-3988,2014-06-19,2015-09-13,2,182.28,Keratin Treatment,ARCHIVE,Working,do_not_mail,Unsubscribe Rule,Pre-2019 last appointment,18,18,DaySmart,Matched — Both Systems,2026-04-14
DS-206041,ZCR-105506,DS-206041,Angela,Mueller,navarrodebra@example.net,(370) 295-2122,2016-08-23,,0,0.0,,ARCHIVE,Working,valid,Unsubscribe Rule,Pre-2019 last appointment,71,29,DaySmart,Matched — Both Systems,2026-04-14
DS-206107,ZCR-105566,DS-206107,Sarah,Johnson,matthewgarner@example.net,(922) 268-8084,2011-12-10,2016-07-26,3,515.75,Facial,ARCHIVE,Unqualified,valid,Pass,Pre-2019 last appointment,69,10,DaySmart,Matched — Both Systems,2026-04-14
DS-206146,ZCR-105602,DS-206146,Danielle,Sullivan,jonathongreene@example.com,(430) 143-8763,2017-07-17,2016-12-15,1,112.02,Massage,ARCHIVE,Working,catch-all,Unsubscribe Rule,Pre-2019 last appointment,8,3,DaySmart,Matched — Both Systems,2026-04-14
DS-206177,ZCR-105630,DS-206177,Joseph,Johnson,harringtonmatthew@example.net,(003) 342-8046,2014-03-11,2017-04-17,1,135.47,Manicure,ARCHIVE,Qualified,catch-all,Unsubscribe Rule,Pre-2019 last appointment,57,44,DaySmart,Matched — Both Systems,2026-04-14
DS-206185,ZCR-105638,DS-206185,Hannah,Cummings,mitchellmcgee@example.org,(760) 146-2144,2013-04-04,2018-10-15,5,990.02,Pedicure,ARCHIVE,Converted,valid,Pass,Pre-2019 last appointment,79,40,DaySmart,Matched — Both Systems,2026-04-14
DS-203388,ZCR-105653,DS-203388,Karen,King,williamsjoseph@example.net,(054) 794-8983,2013-11-02,2017-06-01,1,97.7,Manicure,ARCHIVE,Working,valid,Pass,Pre-2019 last appointment,88,59,DaySmart,Matched — Both Systems,2026-04-14
DS-206222,ZCR-105672,DS-206222,Nicholas,Sullivan,megancompton@example.com,(478) 432-7267,2018-09-16,2016-04-05,2,300.44,Blowout,ARCHIVE,Working,valid,Pass,Pre-2019 last appointment,48,2,DaySmart,Matched — Both Systems,2026-04-14
DS-206224,ZCR-105674,DS-206224,Erin,Klein,njones@example.net,(505) 520-7030,2015-11-29,2018-12-07,4,848.63,Manicure,ARCHIVE,Working,valid,Pass,Pre-2019 last appointment,25,16,DaySmart,Matched — Both Systems,2026-04-14
DS-200134,ZCR-105682,DS-200134,Leslie,Powers,david41@example.org,(528) 669-2966,2011-02-19,,0,0.0,,ARCHIVE,Unqualified,unknown,Pass,Pre-2019 last appointment,1,1,DaySmart,Matched — Both Systems,2026-04-14
DS-204199,ZCR-105689,DS-204199,Melissa,Hayes,susanbrown@example.com,(574) 129-8603,2013-01-30,,0,0.0,,ARCHIVE,New,catch-all,Unsubscribe Rule,Pre-2019 last appointment,49,31,DaySmart,Matched — Both Systems,2026-04-14
DS-206252,ZCR-105699,DS-206252,Andrew,Brown,shaunmartin@example.com,(784) 090-2638,2016-08-13,2013-09-22,3,599.34,Manicure,ARCHIVE,Converted,valid,Unsubscribe Rule,Pre-2019 last appointment,43,32,DaySmart,Matched — Both Systems,2026-04-14
DS-206253,ZCR-105700,DS-206253,John,Castro,kstrong@example.net,(819) 001-4243,2011-12-13,2018-12-18,1,243.02,Consultation,ARCHIVE,Working,valid,Unsubscribe Rule,Pre-2019 last appointment,39,34,DaySmart,Matched — Both Systems,2026-04-14
DS-206254,ZCR-105701,DS-206254,Stacy,Wilson,wagnertaylor@example.com,(482) 147-4841,2015-04-07,,0,0.0,,ARCHIVE,New,valid,Unsubscribe Rule,Pre-2019 last appointment,34,17,DaySmart,Matched — Both Systems,2026-04-14
DS-206256,ZCR-105703,DS-206256,Jason,Sharp,iangarcia@example.com,(208) 274-8104,2013-08-03,2014-01-18,2,303.28,Color Treatment,ARCHIVE,Converted,valid,Unsubscribe Rule,Pre-2019 last appointment,116,25,DaySmart,Matched — Both Systems,2026-04-14
DS-207153,ZCR-105717,DS-207153,Bethany,Roth,uwright@example.com,(106) 459-3400,2018-05-07,2018-04-06,3,660.33,Facial,ARCHIVE,New,catch-all,Unsubscribe Rule,Pre-2019 last appointment,30,27,DaySmart,Matched — Both Systems,2026-04-14
DS-206317,ZCR-105759,DS-206317,Lindsay,Jones,tduncan@example.net,(481) 204-3198,2010-07-09,,0,0.0,,ARCHIVE,New,valid,Pass,Pre-2019 last appointment,8,7,DaySmart,Matched — Both Systems,2026-04-14
DS-206319,ZCR-105761,DS-206319,Robert,Fischer,valeriematthews@example.net,(552) 652-5508,2012-02-27,2013-07-11,2,150.48,Manicure,ARCHIVE,Working,valid,Pass,Pre-2019 last appointment,102,3,DaySmart,Matched — Both Systems,2026-04-14
DS-206348,ZCR-105787,DS-206348,Jessica,Nielsen DDS,smithtanya@example.com,(806) 793-2891,2014-05-20,2018-01-09,1,193.81,Highlights,ARCHIVE,Unqualified,valid,Unsubscribe Rule,Pre-2019 last appointment,26,18,DaySmart,Matched — Both Systems,2026-04-14
DS-202586,ZCR-105792,DS-202586,Mary,Johnson,michael96@example.net,(157) 349-4385,2017-08-23,2010-09-03,1,281.48,Keratin Treatment,ARCHIVE,Converted,valid,Unsubscribe Rule,Pre-2019 last appointment,32,8,DaySmart,Matched — Both Systems,2026-04-14
DS-206356,ZCR-105794,DS-206356,Eric,Ponce,angelasteele@example.org,(442) 170-8518,2016-07-23,2015-04-22,1,123.94,Color Treatment,ARCHIVE,Qualified,valid,Pass,Pre-2019 last appointment,17,0,DaySmart,Matched — Both Systems,2026-04-14
DS-206425,ZCR-105856,DS-206425,Tony,Bryant,heather99@example.net,(762) 529-2018,2018-01-11,2018-04-29,3,428.97,Manicure,ARCHIVE,Converted,valid,Pass,Pre-2019 last appointment,24,19,DaySmart,Matched — Both Systems,2026-04-14
DS-206495,ZCR-105921,DS-206495,Melanie,Wheeler,jhoover@example.net,(085) 316-9725,2012-02-17,2014-01-20,1,58.96,Keratin Treatment,ARCHIVE,Working,valid,Unsubscribe Rule,Pre-2019 last appointment,9,0,DaySmart,Matched — Both Systems,2026-04-14
DS-202092,ZCR-105931,DS-202092,Christopher,Jones,tlopez@example.org,(293) 781-3267,2016-08-22,,0,0.0,,ARCHIVE,New,valid,Pass,Pre-2019 last appointment,53,35,DaySmart,Matched — Both Systems,2026-04-14
DS-206519,ZCR-105942,DS-206519,Jacqueline,Wagner,joseph12@example.net,(101) 616-8764,2010-04-29,2014-03-17,1,271.95,Massage,ARCHIVE,Converted,valid,Unsubscribe Rule,Pre-2019 last appointment,17,4,DaySmart,Matched — Both Systems,2026-04-14
DS-206520,ZCR-105943,DS-206520,William,Dean,ryan99@example.net,(884) 799-5439,2010-11-23,2017-10-07,2,331.24,Facial,ARCHIVE,New,valid,Unsubscribe Rule,Pre-2019 last appointment,16,9,DaySmart,Matched — Both Systems,2026-04-14
DS-206560,ZCR-105980,DS-206560,Stacy,May,ashley92@example.net,(175) 594-2051,2013-08-31,2017-03-01,3,406.36,Facial,ARCHIVE,Unqualified,valid,Unsubscribe Rule,Pre-2019 last appointment,20,16,DaySmart,Matched — Both Systems,2026-04-14
DS-202150,ZCR-105991,DS-202150,Christopher,Parker,ggarcia@example.com,(446) 964-5892,2017-10-08,,0,0.0,,ARCHIVE,Unqualified,valid,Unsubscribe Rule,Pre-2019 last appointment,87,9,DaySmart,Matched — Both Systems,2026-04-14
DS-206575,ZCR-105994,DS-206575,Blake,Valdez,kristensmith@example.com,(770) 666-2583,2012-05-18,2016-07-14,1,104.99,Haircut,ARCHIVE,Qualified,valid,Unsubscribe Rule,Pre-2019 last appointment,111,31,DaySmart,Matched — Both Systems,2026-04-14
DS-206611,ZCR-106027,DS-206611,Phillip,Green,lisa78@example.org,(635) 316-2407,2012-06-16,2014-01-28,3,426.44,Manicure,ARCHIVE,Converted,valid,Pass,Pre-2019 last appointment,108,23,DaySmart,Matched — Both Systems,2026-04-14
DS-202352,ZCR-106050,DS-202352,Christine,Johnson,sjohnson@example.org,(831) 672-3246,2015-10-18,2018-11-29,4,750.73,Facial,ARCHIVE,Qualified,valid,Unsubscribe Rule,Pre-2019 last appointment,29,28,DaySmart,Matched — Both Systems,2026-04-14
DS-206672,ZCR-106082,DS-206672,Christopher,Johnson,arthurwillis@example.net,(974) 833-6612,2010-03-07,,0,0.0,,ARCHIVE,New,catch-all,Pass,Pre-2019 last appointment,114,49,DaySmart,Matched — Both Systems,2026-04-14
DS-206718,ZCR-106123,DS-206718,Judy,Benton,wilsonjohn@example.net,(670) 322-6561,2013-12-22,2012-04-19,2,237.87,Haircut,ARCHIVE,Qualified,valid,Unsubscribe Rule,Pre-2019 last appointment,25,20,DaySmart,Matched — Both Systems,2026-04-14
DS-202819,ZCR-106131,DS-202819,Gary,Davies,xsmith@example.net,(777) 519-0032,2015-07-24,2016-10-27,5,1136.9,Blowout,ARCHIVE,Unqualified,valid,Pass,Pre-2019 last appointment,79,55,DaySmart,Matched — Both Systems,2026-04-14
DS-207452,ZCR-106137,DS-207452,Andrea,Shelton,waguilar@example.org,(985) 347-0897,2017-07-03,2018-09-06,4,625.41,Highlights,ARCHIVE,Qualified,valid,Pass,Pre-2019 last appointment,70,4,DaySmart,Matched — Both Systems,2026-04-14
DS-206771,ZCR-106172,DS-206771,Morgan,Burton,yfaulkner@example.com,(403) 156-3966,2017-01-27,,0,0.0,,ARCHIVE,New,valid,Pass,Pre-2019 last appointment,107,50,DaySmart,Matched — Both Systems,2026-04-14
DS-204454,ZCR-106214,DS-204454,Austin,Wolf,ddiaz@example.org,(856) 488-0012,2014-10-14,2011-07-03,1,211.59,Massage,ARCHIVE,Qualified,valid,Unsubscribe Rule,Pre-2019 last appointment,78,25,DaySmart,Matched — Both Systems,2026-04-14
DS-200780,ZCR-106262,DS-200780,Danny,Campbell MD,elizabeth77@example.com,(844) 663-4533,2018-11-20,2017-10-15,3,634.84,Haircut,ARCHIVE,Qualified,valid,Unsubscribe Rule,Pre-2019 last appointment,8,7,DaySmart,Matched — Both Systems,2026-04-14
DS-206893,ZCR-106284,DS-206893,Robin,Davis,parksjennifer@example.org,(816) 435-8891,2013-09-26,2017-08-17,5,947.79,Manicure,ARCHIVE,Converted,valid,Pass,Pre-2019 last appointment,54,31,DaySmart,Matched — Both Systems,2026-04-14
DS-206902,ZCR-106292,DS-206902,Johnathan,Shepard,jason27@example.org,(587) 957-9204,2017-12-27,2017-01-16,1,258.98,Pedicure,ARCHIVE,Qualified,valid,Pass,Pre-2019 last appointment,35,7,DaySmart,Matched — Both Systems,2026-04-14
DS-206921,ZCR-106309,DS-206921,Christy,Lynch,kevin46@example.net,(131) 911-5025,2013-12-28,2010-06-20,1,116.56,Color Treatment,ARCHIVE,Unqualified,valid,Unsubscribe Rule,Pre-2019 last appointment,51,42,DaySmart,Matched — Both Systems,2026-04-14
DS-206922,ZCR-106310,DS-206922,Donna,Rowe,wrightkristin@example.org,(969) 457-0547,2012-09-01,2016-08-07,4,864.54,Haircut,ARCHIVE,Working,valid,Pass,Pre-2019 last appointment,95,36,DaySmart,Matched — Both Systems,2026-04-14
DS-200784,ZCR-106327,DS-200784,Adam,Ward,lauren55@example.org,(178) 332-5848,2018-05-29,2013-03-30,1,239.27,Consultation,ARCHIVE,Qualified,valid,Pass,Pre-2019 last appointment,39,31,DaySmart,Matched — Both Systems,2026-04-14
DS-206942,ZCR-106329,DS-206942,Sara,Hancock,george59@example.net,(654) 178-5614,2013-03-06,2015-09-22,1,240.27,Pedicure,ARCHIVE,Working,valid,Unsubscribe Rule,Pre-2019 last appointment,92,41,DaySmart,Matched — Both Systems,2026-04-14
DS-205956,ZCR-106331,DS-205956,Lisa,Weiss,wsimmons@example.org,(315) 103-0076,2015-06-14,2014-05-07,2,385.07,Facial,ARCHIVE,New,valid,Pass,Pre-2019 last appointment,13,11,DaySmart,Matched — Both Systems,2026-04-14
DS-206960,ZCR-106345,DS-206960,Katherine,Ingram,carloshull@example.org,(988) 658-6326,2011-10-18,2018-03-05,6,1196.16,Haircut,ARCHIVE,Unqualified,valid,Unsubscribe Rule,Pre-2019 last appointment,111,10,DaySmart,Matched — Both Systems,2026-04-14
DS-206964,ZCR-106349,DS-206964,Jessica,Arroyo,dennis25@example.org,(469) 968-7279,2013-10-19,2018-09-29,4,532.46,Consultation,ARCHIVE,Working,valid,Unsubscribe Rule,Pre-2019 last appointment,78,10,DaySmart,Matched — Both Systems,2026-04-14
DS-206980,ZCR-106365,DS-206980,Matthew,Thomas,kathysmith@example.org,(324) 275-4612,2015-08-01,2015-10-06,2,446.12,Massage,ARCHIVE,New,valid,Unsubscribe Rule,Pre-2019 last appointment,109,28,DaySmart,Matched — Both Systems,2026-04-14
DS-202165,ZCR-106392,DS-202165,William,Daniels,gholder@example.com,(659) 511-2033,2011-10-05,,0,0.0,,ARCHIVE,Qualified,valid,Unsubscribe Rule,Pre-2019 last appointment,27,12,DaySmart,Matched — Both Systems,2026-04-14
DS-207066,ZCR-106446,DS-207066,Dr.,Kevin Franklin,sarahweaver@example.org,(221) 552-7361,2017-09-11,2018-01-08,1,137.09,Color Treatment,ARCHIVE,New,valid,Pass,Pre-2019 last appointment,2,2,DaySmart,Matched — Both Systems,2026-04-14
DS-207075,ZCR-106454,DS-207075,Alan,Arellano,michaelbates@example.org,(563) 254-2932,2013-10-15,2015-04-17,3,485.29,Facial,ARCHIVE,Converted,do_not_mail,Do Not Mail,Pre-2019 last appointment,118,56,DaySmart,Matched — Both Systems,2026-04-14
DS-207090,ZCR-106468,DS-207090,Christopher,Thomas,smithkerry@example.org,(784) 320-6700,2017-06-10,2016-09-02,2,279.56,Color Treatment,ARCHIVE,Unqualified,catch-all,Pass,Pre-2019 last appointment,65,13,DaySmart,Matched — Both Systems,2026-04-14
DS-207123,ZCR-106499,DS-207123,Tina,Ramsey,xdiaz@example.com,(921) 826-5539,2011-06-21,2016-08-01,2,288.22,Manicure,ARCHIVE,Converted,valid,Pass,Pre-2019 last appointment,25,7,DaySmart,Matched — Both Systems,2026-04-14
DS-207148,ZCR-106522,DS-207148,Gregory,Jenkins,taylorlarry@example.net,(346) 104-3441,2017-02-20,2016-10-05,1,269.02,Blowout,ARCHIVE,Qualified,valid,Pass,Pre-2019 last appointment,120,12,DaySmart,Matched — Both Systems,2026-04-14
DS-207210,ZCR-106580,DS-207210,Richard,Ibarra,nyoung@example.org,(122) 928-9240,2017-03-10,2012-09-12,1,48.25,Consultation,ARCHIVE,New,valid,Pass,Pre-2019 last appointment,62,12,DaySmart,Matched — Both Systems,2026-04-14
DS-207238,ZCR-106605,DS-207238,Melissa,Kelly,sarahlynch@example.com,(450) 519-4900,2017-04-19,,0,0.0,,ARCHIVE,Working,valid,Pass,Pre-2019 last appointment,7,4,DaySmart,Matched — Both Systems,2026-04-14
DS-207239,ZCR-106606,DS-207239,Karen,Carter,frankvega@example.com,(545) 697-9244,2010-12-27,2018-02-22,6,731.11,Manicure,ARCHIVE,Qualified,valid,Unsubscribe Rule,Pre-2019 last appointment,50,25,DaySmart,Matched — Both Systems,2026-04-14
DS-207257,ZCR-106622,DS-207257,Jon,Stafford,markortiz@example.net,(374) 994-9275,2014-08-29,2018-06-22,1,39.26,Keratin Treatment,ARCHIVE,New,valid,Unsubscribe Rule,Pre-2019 last appointment,72,9,DaySmart,Matched — Both Systems,2026-04-14
DS-207284,ZCR-106647,DS-207284,Renee,Maxwell,carterkristin@example.com,(616) 961-8759,2010-12-22,2011-06-08,1,57.47,Highlights,ARCHIVE,Qualified,catch-all,Unsubscribe Rule,Pre-2019 last appointment,107,18,DaySmart,Matched — Both Systems,2026-04-14
DS-207285,ZCR-106648,DS-207285,Daniel,Fuentes,kimberlyholland@example.org,(366) 381-0874,2014-03-27,2016-12-25,3,569.22,Massage,ARCHIVE,Unqualified,valid,Pass,Pre-2019 last appointment,7,7,DaySmart,Matched — Both Systems,2026-04-14
DS-207287,ZCR-106650,DS-207287,Jamie,Brown,briannathompson@example.net,(919) 149-6764,2016-03-31,2016-06-18,1,136.48,Massage,ARCHIVE,Working,valid,Unsubscribe Rule,Pre-2019 last appointment,1,0,DaySmart,Matched — Both Systems,2026-04-14
DS-200804,ZCR-106651,DS-200804,Ms.,Maria Thomas,jennifer84@example.net,(148) 460-1913,2012-11-19,,0,0.0,,ARCHIVE,Unqualified,valid,Pass,Pre-2019 last appointment,103,55,DaySmart,Matched — Both Systems,2026-04-14
DS-207293,ZCR-106655,DS-207293,Carolyn,Campbell,hollandjennifer@example.org,(659) 093-0028,2015-12-14,2016-02-14,3,357.34,Color Treatment,ARCHIVE,New,valid,Unsubscribe Rule,Pre-2019 last appointment,46,33,DaySmart,Matched — Both Systems,2026-04-14
DS-207302,ZCR-106663,DS-207302,Sheila,Caldwell,jacobward@example.net,(776) 858-6014,2010-05-18,2017-06-15,1,191.0,Consultation,ARCHIVE,Unqualified,valid,Unsubscribe Rule,Pre-2019 last appointment,76,14,DaySmart,Matched — Both Systems,2026-04-14
DS-205962,ZCR-106702,DS-205962,Kimberly,Gonzalez,edward30@example.org,(577) 940-9059,2018-05-23,2018-11-23,3,358.88,Pedicure,ARCHIVE,Working,valid,Unsubscribe Rule,Pre-2019 last appointment,113,51,DaySmart,Matched — Both Systems,2026-04-14
DS-207353,ZCR-106710,DS-207353,Danielle,Merritt,fpowers@example.net,(062) 558-0236,2015-01-08,,0,0.0,,ARCHIVE,New,valid,Unsubscribe Rule,Pre-2019 last appointment,54,54,DaySmart,Matched — Both Systems,2026-04-14
DS-207370,ZCR-106726,DS-207370,Kevin,Powell,xpearson@example.com,(788) 967-9277,2017-07-26,2017-10-15,2,480.43,Color Treatment,ARCHIVE,Qualified,valid,Unsubscribe Rule,Pre-2019 last appointment,21,13,DaySmart,Matched — Both Systems,2026-04-14
DS-207046,ZCR-106744,DS-207046,Kim,Price,qgarcia@example.net,(520) 477-2297,2013-08-22,2017-09-14,1,174.67,Highlights,ARCHIVE,Qualified,valid,Pass,Pre-2019 last appointment,119,48,DaySmart,Matched — Both Systems,2026-04-14
DS-207456,ZCR-106804,DS-207456,Taylor,Schwartz,dana99@example.net,(607) 168-3027,2017-07-17,2017-05-30,1,36.34,Massage,ARCHIVE,Qualified,valid,Unsubscribe Rule,Pre-2019 last appointment,2,2,DaySmart,Matched — Both Systems,2026-04-14
DS-207473,ZCR-106820,DS-207473,Ryan,Garcia,jeremyvaughn@example.com,(098) 263-9249,2012-08-17,2016-04-25,2,137.72,Blowout,ARCHIVE,New,valid,Pass,Pre-2019 last appointment,18,6,DaySmart,Matched — Both Systems,2026-04-14
DS-207567,ZCR-106906,DS-207567,Keith,Gibbs,jacob11@example.org,(728) 603-6759,2017-09-29,,0,0.0,,ARCHIVE,Converted,unknown,Pass,Pre-2019 last appointment,41,12,DaySmart,Matched — Both Systems,2026-04-14
DS-207669,ZCR-107001,DS-207669,Laura,Horne,michellegomez@example.org,(970) 530-4901,2017-04-06,2016-07-17,2,104.28,Haircut,ARCHIVE,New,valid,Pass,Pre-2019 last appointment,64,27,DaySmart,Matched — Both Systems,2026-04-14
DS-203433,ZCR-107009,DS-203433,Johnny,Walton,williamsmichael@example.org,(483) 591-2753,2012-11-13,2012-11-10,1,221.42,Manicure,ARCHIVE,New,valid,Unsubscribe Rule,Pre-2019 last appointment,90,35,DaySmart,Matched — Both Systems,2026-04-14
DS-207824,ZCR-107142,DS-207824,Eric,Underwood,erica81@example.net,(449) 333-0195,2014-01-28,2017-10-31,1,274.64,Highlights,ARCHIVE,Working,valid,Pass,Pre-2019 last appointment,118,23,DaySmart,Matched — Both Systems,2026-04-14
DS-207910,ZCR-107222,DS-207910,Emily,Russell,adamsmartin@example.org,(459) 999-8728,2012-07-06,2010-11-02,1,247.0,Highlights,ARCHIVE,New,catch-all,Pass,Pre-2019 last appointment,79,18,DaySmart,Matched — Both Systems,2026-04-14
DS-203522,ZCR-107226,DS-203522,Victoria,Rivera,ashleylee@example.org,(386) 517-6737,2014-08-19,2018-03-21,2,447.93,Facial,ARCHIVE,Converted,valid,Pass,Pre-2019 last appointment,104,36,DaySmart,Matched — Both Systems,2026-04-14
DS-202807,ZCR-107233,DS-202807,Karen,Long,victoria14@example.com,(877) 747-6397,2012-03-10,2015-02-25,4,285.19,Massage,ARCHIVE,Unqualified,valid,Pass,Pre-2019 last appointment,37,15,DaySmart,Matched — Both Systems,2026-04-14
DS-207959,ZCR-107267,DS-207959,Robert,Wiley,nancyjones@example.org,(354) 408-1996,2018-06-18,,0,0.0,,ARCHIVE,New,do_not_mail,Unsubscribe Rule,Pre-2019 last appointment,32,32,DaySmart,Matched — Both Systems,2026-04-14
DS-207976,ZCR-107282,DS-207976,Michael,Oliver,vlevine@example.com,(501) 695-3790,2011-12-19,,0,0.0,,ARCHIVE,New,valid,Unsubscribe Rule,Pre-2019 last appointment,28,9,DaySmart,Matched — Both Systems,2026-04-14
DS-200963,ZCR-107286,DS-200963,Melissa,Cunningham,hrodriguez@example.net,(638) 558-8195,2011-07-23,2018-08-01,1,278.7,Manicure,ARCHIVE,Converted,catch-all,Pass,Pre-2019 last appointment,78,34,DaySmart,Matched — Both Systems,2026-04-14
DS-202759,ZCR-107568,DS-202759,Melissa,Rivas,jessica97@example.net,(934) 965-7758,2012-10-06,2015-09-15,2,548.28,Manicure,ARCHIVE,Working,valid,Pass,Pre-2019 last appointment,29,0,DaySmart,Matched — Both Systems,2026-04-14
DS-203261,ZCR-107687,DS-203261,Karen,Anderson,stephanie85@example.com,(366) 673-1396,2010-03-26,2016-01-19,5,812.71,Haircut,ARCHIVE,Unqualified,valid,Unsubscribe Rule,Pre-2019 last appointment,45,14,DaySmart,Matched — Both Systems,2026-04-14
DS-201765,ZCR-107838,DS-201765,Whitney,Bennett,mjohnson@example.net,(440) 654-5259,2016-12-05,2010-02-23,1,228.74,Manicure,ARCHIVE,Qualified,valid,Pass,Pre-2019 last appointment,108,7,DaySmart,Matched — Both Systems,2026-04-14
DS-200138,ZCR-108055,DS-200138,Oscar,Norris,imartin@example.org,(309) 584-9825,2013-01-22,2014-02-19,2,325.44,Massage,ARCHIVE,Converted,valid,Unsubscribe Rule,Pre-2019 last appointment,33,10,DaySmart,Matched — Both Systems,2026-04-14
DS-205852,ZCR-108165,DS-205852,Luis,Robbins,cgaines@example.com,(810) 905-6546,2018-04-12,2016-11-16,2,325.81,Consultation,ARCHIVE,Working,valid,Pass,Pre-2019 last appointment,54,6,DaySmart,Matched — Both Systems,2026-04-14
DS-200798,ZCR-108407,DS-200798,Melanie,Allen,hsmith@example.com,(937) 830-6396,2018-06-02,2010-01-09,1,108.65,Keratin Treatment,ARCHIVE,Working,valid,Pass,Pre-2019 last appointment,118,32,DaySmart,Matched — Both Systems,2026-04-14
DS-205218,ZCR-108474,DS-205218,Regina,Nelson,david42@example.com,(939) 768-4849,2013-08-25,2016-08-18,3,298.15,Massage,ARCHIVE,Qualified,valid,Unsubscribe Rule,Pre-2019 last appointment,73,47,DaySmart,Matched — Both Systems,2026-04-14
DS-201567,ZCR-108516,DS-201567,Erin,Wilson,mmoore@example.net,(032) 234-7714,2016-04-07,2010-12-17,1,210.34,Facial,ARCHIVE,Working,valid,Pass,Pre-2019 last appointment,31,4,DaySmart,Matched — Both Systems,2026-04-14
DS-203701,ZCR-108523,DS-203701,Deanna,Nichols,ngrant@example.com,(172) 635-2882,2011-11-29,2014-07-22,2,488.38,Manicure,ARCHIVE,Unqualified,valid,Pass,Pre-2019 last appointment,8,2,DaySmart,Matched — Both Systems,2026-04-14
DS-205719,ZCR-108707,DS-205719,Andrew,Ferguson,aanderson@example.net,(929) 031-8813,2016-07-05,2018-08-22,1,42.85,Pedicure,ARCHIVE,Unqualified,valid,Pass,Pre-2019 last appointment,102,11,DaySmart,Matched — Both Systems,2026-04-14
DS-202859,ZCR-108710,DS-202859,Shannon,Sanders,rbrown@example.net,(187) 171-0459,2013-01-11,,0,0.0,,ARCHIVE,Unqualified,valid,Pass,Pre-2019 last appointment,119,49,DaySmart,Matched — Both Systems,2026-04-14
DS-205294,ZCR-108731,DS-205294,Phillip,Mason,christopher18@example.com,(381) 243-8311,2018-08-01,2017-08-27,3,624.12,Massage,ARCHIVE,Working,catch-all,Unsubscribe Rule,Pre-2019 last appointment,72,39,DaySmart,Matched — Both Systems,2026-04-14
DS-207259,ZCR-108875,DS-207259,Jesus,Ford,barbara85@example.net,(821) 781-0517,2015-07-05,,0,0.0,,ARCHIVE,Converted,valid,Unsubscribe Rule,Pre-2019 last appointment,44,4,DaySmart,Matched — Both Systems,2026-04-14
DS-203937,ZCR-109068,DS-203937,Karen,Mcbride,michaelwilson@example.com,(885) 018-2999,2018-04-14,2018-01-11,3,347.33,Massage,ARCHIVE,New,valid,Unsubscribe Rule,Pre-2019 last appointment,33,16,DaySmart,Matched — Both Systems,2026-04-14
DS-200025,ZCR-109154,DS-200025,Billy,Mitchell,matthew81@example.org,(236) 231-6658,2013-07-10,2018-11-22,4,792.99,Keratin Treatment,ARCHIVE,Working,valid,Pass,Pre-2019 last appointment,50,48,DaySmart,Matched — Both Systems,2026-04-14
DS-206726,ZCR-109228,DS-206726,Ricardo,Garcia,uharris@example.org,(188) 360-5053,2013-09-04,,0,0.0,,ARCHIVE,Qualified,valid,Unsubscribe Rule,Pre-2019 last appointment,81,34,DaySmart,Matched — Both Systems,2026-04-14
DS-204248,ZCR-109354,DS-204248,Jennifer,Huff,fwilkerson@example.com,(687) 041-1516,2018-09-26,2018-03-23,4,212.58,Manicure,ARCHIVE,Working,valid,Pass,Pre-2019 last appointment,79,6,DaySmart,Matched — Both Systems,2026-04-14
DS-206761,ZCR-109365,DS-206761,William,Taylor,fjackson@example.com,(265) 116-5975,2011-08-26,2018-06-30,2,191.19,Manicure,ARCHIVE,Unqualified,valid,Pass,Pre-2019 last appointment,39,32,DaySmart,Matched — Both Systems,2026-04-14
DS-205440,ZCR-109478,DS-205440,Diane,Hicks,michael21@example.org,(294) 435-4006,2018-03-06,2017-10-20,2,242.03,Consultation,ARCHIVE,Qualified,unknown,Pass,Pre-2019 last appointment,95,32,DaySmart,Matched — Both Systems,2026-04-14
DS-205237,ZCR-109623,DS-205237,David,Keller,xmurphy@example.org,(446) 220-3699,2010-04-25,2011-12-18,1,132.76,Blowout,ARCHIVE,Converted,valid,Pass,Pre-2019 last appointment,115,54,DaySmart,Matched — Both Systems,2026-04-14
DS-204855,ZCR-109669,DS-204855,Colleen,Jones,stephanie65@example.com,(680) 178-2926,2016-01-23,,0,0.0,,ARCHIVE,Converted,valid,Pass,Pre-2019 last appointment,74,27,DaySmart,Matched — Both Systems,2026-04-14
DS-202076,ZCR-109674,DS-202076,Andrew,Bernard,alyssa06@example.net,(483) 681-6723,2011-04-15,,0,0.0,,ARCHIVE,New,valid,Unsubscribe Rule,Pre-2019 last appointment,81,37,DaySmart,Matched — Both Systems,2026-04-14
DS-203578,ZCR-109806,DS-203578,Ryan,Brown,thomasnelson@example.com,(464) 225-5922,2015-08-26,2012-03-04,2,320.63,Keratin Treatment,ARCHIVE,Qualified,valid,Pass,Pre-2019 last appointment,43,4,DaySmart,Matched — Both Systems,2026-04-14
DS-200371,ZCR-109823,DS-200371,Samuel,Martin,wmitchell@example.net,(214) 764-9251,2012-04-11,2018-12-05,3,635.08,Blowout,ARCHIVE,New,valid,Unsubscribe Rule,Pre-2019 last appointment,68,2,DaySmart,Matched — Both Systems,2026-04-14
DS-200651,ZCR-109862,DS-200651,Tina,Murphy,sarah33@example.com,(264) 335-0271,2014-12-18,,0,0.0,,ARCHIVE,New,valid,Unsubscribe Rule,Pre-2019 last appointment,77,32,DaySmart,Matched — Both Systems,2026-04-14
DS-200994,ZCR-109874,DS-200994,Mary,Jones,udavis@example.net,(124) 139-3696,2018-10-28,2016-08-11,3,374.64,Consultation,ARCHIVE,Unqualified,valid,Pass,Pre-2019 last appointment,46,16,DaySmart,Matched — Both Systems,2026-04-14
DS-200128,ZCR-110066,DS-200128,Mr.,David Hopkins DDS,mjones@example.com,(968) 868-0589,2013-08-09,2018-06-25,3,425.84,Consultation,ARCHIVE,Qualified,unknown,Pass,Pre-2019 last appointment,53,51,DaySmart,Matched — Both Systems,2026-04-14
DS-206970,ZCR-110142,DS-206970,Marvin,Lee,kimberlylong@example.org,(585) 440-9779,2017-10-12,2015-03-08,3,326.16,Haircut,ARCHIVE,Working,valid,Unsubscribe Rule,Pre-2019 last appointment,56,31,DaySmart,Matched — Both Systems,2026-04-14
DS-206507,ZCR-110169,DS-206507,Brooke,Hoffman,jessica75@example.com,(668) 146-1704,2010-09-24,2017-01-19,5,939.13,Haircut,ARCHIVE,New,valid,Pass,Pre-2019 last appointment,84,58,DaySmart,Matched — Both Systems,2026-04-14
DS-202199,ZCR-110415,DS-202199,Jeffrey,Gregory,christophertorres@example.net,(594) 568-1508,2014-12-27,2011-11-11,1,96.99,Facial,ARCHIVE,Unqualified,valid,Unsubscribe Rule,Pre-2019 last appointment,2,2,DaySmart,Matched — Both Systems,2026-04-14
DS-202273,ZCR-110564,DS-202273,Alexander,Green,dcooper@example.org,(618) 910-9531,2011-01-27,2018-07-10,1,91.64,Massage,ARCHIVE,Unqualified,valid,Pass,Pre-2019 last appointment,40,27,DaySmart,Matched — Both Systems,2026-04-14
DS-202191,ZCR-110583,DS-202191,Michelle,Smith,yclay@example.com,(937) 590-4479,2015-09-04,2015-12-27,3,292.35,Haircut,ARCHIVE,Converted,valid,Pass,Pre-2019 last appointment,43,28,DaySmart,Matched — Both Systems,2026-04-14
DS-202192,ZCR-110730,DS-202192,Samantha,Brown,fsmith@example.net,(890) 276-4513,2018-09-10,2015-08-07,2,317.17,Color Treatment,ARCHIVE,Qualified,valid,Unsubscribe Rule,Pre-2019 last appointment,54,45,DaySmart,Matched — Both Systems,2026-04-14
DS-203974,ZCR-110866,DS-203974,Nicole,Lawrence,qadams@example.net,(085) 228-6198,2016-03-10,2016-11-08,1,158.3,Color Treatment,ARCHIVE,Working,valid,Unsubscribe Rule,Pre-2019 last appointment,89,51,DaySmart,Matched — Both Systems,2026-04-14
DS-201174,ZCR-110899,DS-201174,Joanne,Lopez,hsmith@example.org,(482) 084-9315,2010-03-21,2018-12-14,7,645.72,Blowout,ARCHIVE,Unqualified,valid,Unsubscribe Rule,Pre-2019 last appointment,89,32,DaySmart,Matched — Both Systems,2026-04-14
DS-205969,ZCR-111040,DS-205969,Shannon,Davis,ywilliams@example.net,(384) 868-1747,2018-01-05,2017-12-07,1,194.07,Manicure,ARCHIVE,Unqualified,valid,Unsubscribe Rule,Pre-2019 last appointment,108,50,DaySmart,Matched — Both Systems,2026-04-14
DS-202746,ZCR-111264,DS-202746,Susan,Roach,nclark@example.org,(270) 289-9666,2018-12-20,2016-06-04,2,219.58,Facial,ARCHIVE,Qualified,valid,Unsubscribe Rule,Pre-2019 last appointment,92,5,DaySmart,Matched — Both Systems,2026-04-14
DS-200659,ZCR-111397,DS-200659,Kevin,Black,kathleen25@example.com,(529) 060-3202,2015-07-18,2017-08-28,5,807.86,Haircut,ARCHIVE,Unqualified,valid,Pass,Pre-2019 last appointment,103,4,DaySmart,Matched — Both Systems,2026-04-14
DS-203226,ZCR-111405,DS-203226,Tara,Martinez,kwilliams@example.net,(667) 885-1682,2010-02-20,2014-11-01,3,396.5,Haircut,ARCHIVE,Converted,valid,Pass,Pre-2019 last appointment,21,7,DaySmart,Matched — Both Systems,2026-04-14
DS-202147,ZCR-111527,DS-202147,Jessica,Jackson,jsmith@example.net,(924) 662-5760,2011-01-06,2018-05-06,1,248.96,Manicure,ARCHIVE,Unqualified,valid,Unsubscribe Rule,Pre-2019 last appointment,110,40,DaySmart,Matched — Both Systems,2026-04-14
DS-201495,ZCR-111572,DS-201495,Maria,Turner,pgordon@example.net,(554) 042-3169,2014-05-24,2012-01-30,1,221.36,Highlights,ARCHIVE,Working,valid,Unsubscribe Rule,Pre-2019 last appointment,59,33,DaySmart,Matched — Both Systems,2026-04-14
DS-206482,ZCR-111629,DS-206482,Joshua,Wright,jennifer18@example.com,(767) 774-4172,2010-12-02,2018-05-01,4,795.28,Manicure,ARCHIVE,New,valid,Unsubscribe Rule,Pre-2019 last appointment,91,22,DaySmart,Matched — Both Systems,2026-04-14
DS-207816,ZCR-111750,DS-207816,Jesus,Ramirez,jonesscott@example.org,(575) 991-8066,2011-08-13,2014-02-20,1,219.75,Massage,ARCHIVE,Unqualified,catch-all,Pass,Pre-2019 last appointment,87,18,DaySmart,Matched — Both Systems,2026-04-14
DS-203928,ZCR-111775,DS-203928,David,Hanson,jason99@example.net,(909) 547-1774,2018-12-29,2017-09-16,5,594.01,Haircut,ARCHIVE,Unqualified,valid,Pass,Pre-2019 last appointment,114,18,DaySmart,Matched — Both Systems,2026-04-14
DS-206291,ZCR-111844,DS-206291,Andrew,Wilkins,kelly43@example.com,(755) 437-0695,2016-09-02,2016-11-01,1,240.19,Massage,ARCHIVE,Converted,valid,Unsubscribe Rule,Pre-2019 last appointment,32,17,DaySmart,Matched — Both Systems,2026-04-14
DS-204075,ZCR-112082,DS-204075,William,Combs,johnsonemily@example.net,(208) 235-0968,2012-01-12,2016-06-14,2,195.91,Highlights,ARCHIVE,Unqualified,valid,Pass,Pre-2019 last appointment,13,8,DaySmart,Matched — Both Systems,2026-04-14
DS-201700,ZCR-112119,DS-201700,Heather,Willis,qhudson@example.org,(666) 048-5312,2016-03-16,2014-01-04,1,195.25,Highlights,ARCHIVE,Converted,catch-all,Pass,Pre-2019 last appointment,1,1,DaySmart,Matched — Both Systems,2026-04-14
DS-201480,ZCR-112158,DS-201480,Kimberly,Hunter,usmith@example.org,(028) 745-1202,2016-08-31,,0,0.0,,ARCHIVE,Unqualified,valid,Unsubscribe Rule,Pre-2019 last appointment,69,46,DaySmart,Matched — Both Systems,2026-04-14
DS-203926,ZCR-112212,DS-203926,Robert,Nguyen,dberry@example.net,(206) 474-0550,2015-09-25,2017-01-10,2,182.97,Consultation,ARCHIVE,Qualified,valid,Unsubscribe Rule,Pre-2019 last appointment,35,15,DaySmart,Matched — Both Systems,2026-04-14
DS-207754,ZCR-112276,DS-207754,Dr.,Richard Bennett,jessica04@example.net,(969) 595-7146,2011-11-18,2018-04-20,4,543.28,Keratin Treatment,ARCHIVE,Unqualified,valid,Pass,Pre-2019 last appointment,38,32,DaySmart,Matched — Both Systems,2026-04-14
DS-200980,ZCR-112363,DS-200980,Jodi,Gutierrez,rperez@example.org,(081) 785-2211,2011-02-14,,0,0.0,,ARCHIVE,Working,valid,Unsubscribe Rule,Pre-2019 last appointment,57,13,DaySmart,Matched — Both Systems,2026-04-14
DS-205935,ZCR-112401,DS-205935,Anthony,Perez,julie65@example.net,(841) 069-2276,2011-12-16,2017-10-12,1,249.37,Facial,ARCHIVE,Unqualified,valid,Unsubscribe Rule,Pre-2019 last appointment,16,14,DaySmart,Matched — Both Systems,2026-04-14
DS-206668,ZCR-112622,DS-206668,Elizabeth,Estrada,annette63@example.com,(841) 519-1504,2017-03-16,2017-04-20,3,326.45,Haircut,ARCHIVE,New,valid,Pass,Pre-2019 last appointment,26,2,DaySmart,Matched — Both Systems,2026-04-14
DS-205855,ZCR-112624,DS-205855,Rebecca,Rodriguez,nicholas19@example.net,(334) 846-3700,2010-04-05,2017-02-04,4,500.77,Haircut,ARCHIVE,Qualified,catch-all,Unsubscribe Rule,Pre-2019 last appointment,74,58,DaySmart,Matched — Both Systems,2026-04-14
DS-207578,ZCR-112670,DS-207578,Joyce,Hill,vjackson@example.net,(089) 020-1708,2013-08-12,2010-09-18,1,245.53,Highlights,ARCHIVE,Converted,valid,Pass,Pre-2019 last appointment,48,17,DaySmart,Matched — Both Systems,2026-04-14
DS-200005,,DS-200005,Heidi,Osborn,williamdavis@example.org,(122) 691-6697,2014-04-06,,0,0.0,,ARCHIVE,,unknown,Pass,Pre-2019 last appointment,0,0,DaySmart,DaySmart Only,2026-04-14
DS-200011,,DS-200011,Angela,Morton,williamsyvette@example.org,(132) 677-3602,2018-06-03,2014-06-20,3,432.03,Massage,ARCHIVE,,valid,Unsubscribe Rule,Pre-2019 last appointment,0,0,DaySmart,DaySmart Only,2026-04-14
DS-200012,,DS-200012,Jordan,Henderson,smoore@example.org,(098) 050-0978,2015-09-11,2018-06-07,5,821.86,Keratin Treatment,ARCHIVE,,valid,Pass,Pre-2019 last appointment,0,0,DaySmart,DaySmart Only,2026-04-14
DS-200015,,DS-200015,Roy,Warner,contrerasangela@example.net,(124) 118-2449,2017-09-26,2015-05-19,3,480.07,Consultation,ARCHIVE,,catch-all,Pass,Pre-2019 last appointment,0,0,DaySmart,DaySmart Only,2026-04-14
DS-200017,,DS-200017,Kimberly,Davenport,russellwilliams@example.com,(053) 315-8692,2013-09-15,2018-02-06,2,104.24,Manicure,ARCHIVE,,valid,Pass,Pre-2019 last appointment,0,0,DaySmart,DaySmart Only,2026-04-14
DS-200018,,DS-200018,Cassandra,Gutierrez,jillcook@example.com,(342) 160-7337,2012-02-19,2017-12-27,3,438.33,Blowout,ARCHIVE,,valid,Pass,Pre-2019 last appointment,0,0,DaySmart,DaySmart Only,2026-04-14
DS-200029,,DS-200029,Brian,Gould,xlyons@example.com,(299) 124-1904,2010-07-28,2010-04-25,1,163.57,Color Treatment,ARCHIVE,,valid,Unsubscribe Rule,Pre-2019 last appointment,0,0,DaySmart,DaySmart Only,2026-04-14
DS-200030,,DS-200030,Christina,Vargas,curtisbarton@example.net,(919) 058-6518,2016-03-09,2018-10-04,2,289.57,Consultation,ARCHIVE,,valid,Pass,Pre-2019 last appointment,0,0,DaySmart,DaySmart Only,2026-04-14
DS-200032,,DS-200032,Dana,Marshall,frogers@example.com,(273) 545-4948,2014-07-23,,0,0.0,,ARCHIVE,,valid,Unsubscribe Rule,Pre-2019 last appointment,0,0,DaySmart,DaySmart Only,2026-04-14
DS-200033,,DS-200033,Katherine,Chang,fbrewer@example.com,(014) 363-4957,2018-03-30,2018-01-06,4,954.28,Massage,ARCHIVE,,valid,Pass,Pre-2019 last appointment,0,0,DaySmart,DaySmart Only,2026-04-14
DS-200034,,DS-200034,Heather,Chavez,john13@example.com,(182) 337-4989,2015-03-01,,0,0.0,,ARCHIVE,,valid,Unsubscribe Rule,Pre-2019 last appointment,0,0,DaySmart,DaySmart Only,2026-04-14
DS-200035,,DS-200035,Christopher,Smith,joshuamccann@example.net,(427) 109-4777,2013-02-17,,0,0.0,,ARCHIVE,,valid,Unsubscribe Rule,Pre-2019 last appointment,0,0,DaySmart,DaySmart Only,2026-04-14
DS-200037,,DS-200037,Joanna,Ramos,ntorres@example.org,(913) 341-2328,2012-02-18,2011-07-23,1,150.47,Facial,ARCHIVE,,valid,Unsubscribe Rule,Pre-2019 last appointment,0,0,DaySmart,DaySmart Only,2026-04-14
DS-200048,,DS-200048,David,Jenkins,georgemiller@example.com,(937) 923-7474,2016-07-20,2017-04-26,2,356.3,Blowout,ARCHIVE,,valid,Unsubscribe Rule,Pre-2019 last appointment,0,0,DaySmart,DaySmart Only,2026-04-14
DS-200050,,DS-200050,Ronald,Foster,knightgina@example.net,(097) 439-5339,2014-07-15,2013-05-02,3,141.46,Facial,ARCHIVE,,valid,Pass,Pre-2019 last appointment,0,0,DaySmart,DaySmart Only,2026-04-14
DS-200052,,DS-200052,Christopher,Sloan,scoffey@example.net,(517) 123-6851,2014-09-23,2015-01-24,2,291.42,Facial,ARCHIVE,,valid,Pass,Pre-2019 last appointment,0,0,DaySmart,DaySmart Only,2026-04-14
DS-200054,,DS-200054,Tracy,Torres,pwilson@example.net,(267) 586-9261,2018-08-08,2018-03-24,2,397.13,Consultation,ARCHIVE,,valid,Pass,Pre-2019 last appointment,0,0,DaySmart,DaySmart Only,2026-04-14
DS-200056,,DS-200056,Richard,Sanchez,kristinharris@example.net,(393) 352-9042,2017-09-03,2010-03-27,1,250.99,Blowout,ARCHIVE,,catch-all,Pass,Pre-2019 last appointment,0,0,DaySmart,DaySmart Only,2026-04-14
DS-200059,,DS-200059,Erika,Vang,shawn96@example.org,(183) 673-6576,2010-12-21,2014-02-09,1,176.77,Haircut,ARCHIVE,,valid,Unsubscribe Rule,Pre-2019 last appointment,0,0,DaySmart,DaySmart Only,2026-04-14
DS-200061,,DS-200061,Jenny,Moon,schmittcaroline@example.com,(198) 327-3158,2010-12-17,,0,0.0,,ARCHIVE,,valid,Unsubscribe Rule,Pre-2019 last appointment,0,0,DaySmart,DaySmart Only,2026-04-14
DS-200062,,DS-200062,Sarah,Villegas,lynchdiane@example.net,(402) 445-5022,2011-01-17,2017-04-02,5,867.45,Blowout,ARCHIVE,,valid,Unsubscribe Rule,Pre-2019 last appointment,0,0,DaySmart,DaySmart Only,2026-04-14
DS-200063,,DS-200063,Amanda,Reese,nicholaschavez@example.org,(545) 991-0229,2016-03-04,2016-05-19,2,159.37,Facial,ARCHIVE,,valid,Unsubscribe Rule,Pre-2019 last appointment,0,0,DaySmart,DaySmart Only,2026-04-14
DS-200068,,DS-200068,Trevor,Burton,wwebster@example.net,(799) 552-7177,2013-05-29,2015-03-11,2,191.41,Blowout,ARCHIVE,,unknown,Unsubscribe Rule,Pre-2019 last appointment,0,0,DaySmart,DaySmart Only,2026-04-14
DS-200069,,DS-200069,Benjamin,Murray,brownmarie@example.org,(199) 867-9807,2013-05-02,2016-11-12,4,797.09,Haircut,ARCHIVE,,valid,Pass,Pre-2019 last appointment,0,0,DaySmart,DaySmart Only,2026-04-14
DS-200084,,DS-200084,Jerry,Watson,khines@example.org,(856) 543-1027,2017-11-28,2015-07-30,4,370.97,Facial,ARCHIVE,,catch-all,Pass,Pre-2019 last appointment,0,0,DaySmart,DaySmart Only,2026-04-14
DS-200086,,DS-200086,Tammy,Little,william13@example.org,(370) 589-5782,2017-04-15,,0,0.0,,ARCHIVE,,valid,Pass,Pre-2019 last appointment,0,0,DaySmart,DaySmart Only,2026-04-14
DS-200088,,DS-200088,Elizabeth,Martin,michaeleverett@example.com,(143) 842-4981,2010-04-29,2011-12-03,1,251.0,Pedicure,ARCHIVE,,valid,Unsubscribe Rule,Pre-2019 last appointment,0,0,DaySmart,DaySmart Only,2026-04-14
DS-200089,,DS-200089,Matthew,Le,megan90@example.org,(109) 439-6907,2012-01-08,2012-11-13,1,21.59,Color Treatment,ARCHIVE,,valid,Pass,Pre-2019 last appointment,0,0,DaySmart,DaySmart Only,2026-04-14
DS-200091,,DS-200091,Vanessa,Anderson,zachary15@example.org,(714) 732-1046,2013-05-10,2017-10-15,3,493.72,Blowout,ARCHIVE,,valid,Pass,Pre-2019 last appointment,0,0,DaySmart,DaySmart Only,2026-04-14
DS-200093,,DS-200093,Stephen,Pena MD,booneryan@example.com,(565) 060-9835,2012-07-31,2017-12-25,5,518.48,Blowout,ARCHIVE,,valid,Pass,Pre-2019 last appointment,0,0,DaySmart,DaySmart Only,2026-04-14
DS-200096,,DS-200096,Veronica,Silva,carlsonjoseph@example.net,(993) 097-2896,2011-04-17,2016-07-19,3,319.7,Blowout,ARCHIVE,,valid,Unsubscribe Rule,Pre-2019 last appointment,0,0,DaySmart,DaySmart Only,2026-04-14
DS-200097,,DS-200097,Ashley,Smith,robert63@example.com,(897) 028-3857,2010-02-27,2016-09-23,3,445.94,Consultation,ARCHIVE,,valid,Unsubscribe Rule,Pre-2019 last appointment,0,0,DaySmart,DaySmart Only,2026-04-14
DS-200098,,DS-200098,Gloria,Gomez,chelsea33@example.com,(843) 443-7575,2011-03-20,2018-07-19,2,252.37,Massage,ARCHIVE,,valid,Pass,Pre-2019 last appointment,0,0,DaySmart,DaySmart Only,2026-04-14
DS-200099,,DS-200099,Kenneth,Daniels,xcardenas@example.org,(404) 157-4733,2017-11-11,2015-11-26,1,121.63,Color Treatment,ARCHIVE,,valid,Unsubscribe Rule,Pre-2019 last appointment,0,0,DaySmart,DaySmart Only,2026-04-14
DS-200102,,DS-200102,Tammy,Mcdowell,evanscarrie@example.com,(478) 872-8743,2014-02-13,2014-12-28,2,511.62,Manicure,ARCHIVE,,valid,Pass,Pre-2019 last appointment,0,0,DaySmart,DaySmart Only,2026-04-14
DS-200107,,DS-200107,Joel,Roman,fosterlisa@example.net,(391) 065-1801,2017-05-22,2017-02-04,1,59.85,Manicure,ARCHIVE,,valid,Unsubscribe Rule,Pre-2019 last appointment,0,0,DaySmart,DaySmart Only,2026-04-14
DS-200108,,DS-200108,Martin,Daniel,ybrooks@example.com,(661) 825-1286,2010-10-29,,0,0.0,,ARCHIVE,,valid,Unsubscribe Rule,Pre-2019 last appointment,0,0,DaySmart,DaySmart Only,2026-04-14
DS-200122,,DS-200122,Billy,Jacobs,unovak@example.org,(477) 358-6629,2010-12-27,2015-02-01,1,133.95,Blowout,ARCHIVE,,valid,Unsubscribe Rule,Pre-2019 last appointment,0,0,DaySmart,DaySmart Only,2026-04-14
DS-200123,,DS-200123,Michelle,Miller,normanbowers@example.org,(655) 110-4754,2012-06-26,2016-10-14,4,310.92,Keratin Treatment,ARCHIVE,,valid,Unsubscribe Rule,Pre-2019 last appointment,0,0,DaySmart,DaySmart Only,2026-04-14
DS-200124,,DS-200124,Kayla,Garcia,gomezchristopher@example.net,(560) 466-1839,2017-03-28,2016-04-20,1,146.76,Blowout,ARCHIVE,,catch-all,Pass,Pre-2019 last appointment,0,0,DaySmart,DaySmart Only,2026-04-14
DS-200125,,DS-200125,Derrick,Thomas,ryanfisher@example.com,(154) 379-9371,2017-01-16,,0,0.0,,ARCHIVE,,valid,Unsubscribe Rule,Pre-2019 last appointment,0,0,DaySmart,DaySmart Only,2026-04-14
DS-200131,,DS-200131,Jodi,Jones,patrickdarin@example.com,(123) 828-2586,2017-05-13,2017-06-26,2,175.14,Manicure,ARCHIVE,,valid,Pass,Pre-2019 last appointment,0,0,DaySmart,DaySmart Only,2026-04-14
DS-200132,,DS-200132,Martin,Reynolds,mclaughlinnicole@example.com,(966) 033-4191,2010-12-14,,0,0.0,,ARCHIVE,,valid,Unsubscribe Rule,Pre-2019 last appointment,0,0,DaySmart,DaySmart Only,2026-04-14
DS-200135,,DS-200135,Zoe,Peters,lroberts@example.com,(790) 507-2368,2011-11-10,2016-07-17,5,865.8,Blowout,ARCHIVE,,valid,Unsubscribe Rule,Pre-2019 last appointment,0,0,DaySmart,DaySmart Only,2026-04-14
DS-200137,,DS-200137,Samantha,Richardson,wolfscott@example.org,(613) 407-4517,2018-12-26,2017-10-16,1,253.02,Keratin Treatment,ARCHIVE,,valid,Unsubscribe Rule,Pre-2019 last appointment,0,0,DaySmart,DaySmart Only,2026-04-14
DS-200144,,DS-200144,Megan,Jones,bishopfrank@example.com,(326) 973-1121,2010-10-05,2015-12-10,3,653.12,Color Treatment,ARCHIVE,,valid,Unsubscribe Rule,Pre-2019 last appointment,0,0,DaySmart,DaySmart Only,2026-04-14
DS-200147,,DS-200147,Austin,Baker,livingstonstacy@example.com,(848) 666-1889,2015-02-18,2016-01-19,1,164.41,Color Treatment,ARCHIVE,,valid,Unsubscribe Rule,Pre-2019 last appointment,0,0,DaySmart,DaySmart Only,2026-04-14
DS-200153,,DS-200153,Kimberly,Flynn,adamortiz@example.org,(850) 506-4138,2017-08-09,2016-06-27,2,346.04,Blowout,ARCHIVE,,valid,Unsubscribe Rule,Pre-2019 last appointment,0,0,DaySmart,DaySmart Only,2026-04-14
DS-200156,,DS-200156,Hunter,Townsend,qparker@example.org,(124) 903-5213,2012-05-28,,0,0.0,,ARCHIVE,,valid,Pass,Pre-2019 last appointment,0,0,DaySmart,DaySmart Only,2026-04-14
DS-200158,,DS-200158,Maria,Aguilar,samantha10@example.org,(372) 151-0702,2017-11-08,2018-06-16,4,545.15,Color Treatment,ARCHIVE,,valid,Pass,Pre-2019 last appointment,0,0,DaySmart,DaySmart Only,2026-04-14
DS-200160,,DS-200160,Stephen,Fox,mayokimberly@example.com,(787) 598-5642,2010-10-30,2013-03-07,1,45.36,Massage,ARCHIVE,,valid,Pass,Pre-2019 last appointment,0,0,DaySmart,DaySmart Only,2026-04-14
DS-200165,,DS-200165,Tiffany,Fry,xrosales@example.net,(029) 593-9172,2015-06-02,2018-03-03,2,438.32,Color Treatment,ARCHIVE,,valid,Unsubscribe Rule,Pre-2019 last appointment,0,0,DaySmart,DaySmart Only,2026-04-14
DS-200167,,DS-200167,Ashley,Mendoza,franciscojones@example.org,(405) 411-5262,2015-10-11,2014-06-02,2,361.7,Pedicure,ARCHIVE,,valid,Pass,Pre-2019 last appointment,0,0,DaySmart,DaySmart Only,2026-04-14
DS-200171,,DS-200171,Antonio,Goodwin,millermaurice@example.net,(693) 806-8687,2018-02-27,,0,0.0,,ARCHIVE,,valid,Unsubscribe Rule,Pre-2019 last appointment,0,0,DaySmart,DaySmart Only,2026-04-14
DS-200175,,DS-200175,Shawn,Vaughn,reesesamantha@example.com,(054) 447-1324,2018-04-17,2017-01-01,1,260.68,Keratin Treatment,ARCHIVE,,valid,Unsubscribe Rule,Pre-2019 last appointment,0,0,DaySmart,DaySmart Only,2026-04-14
DS-200180,,DS-200180,Adrienne,Key,anna99@example.com,(417) 154-5444,2018-01-31,2016-10-08,2,365.08,Facial,ARCHIVE,,valid,Pass,Pre-2019 last appointment,0,0,DaySmart,DaySmart Only,2026-04-14
DS-200183,,DS-200183,Erin,Green,steven17@example.org,(999) 173-8168,2018-05-20,,0,0.0,,ARCHIVE,,valid,Pass,Pre-2019 last appointment,0,0,DaySmart,DaySmart Only,2026-04-14
DS-200185,,DS-200185,Phillip,Miller DDS,epowell@example.com,(008) 350-5830,2011-02-16,,0,0.0,,ARCHIVE,,valid,Unsubscribe Rule,Pre-2019 last appointment,0,0,DaySmart,DaySmart Only,2026-04-14
DS-200190,,DS-200190,Daniel,Fitzpatrick MD,smithchristopher@example.org,(972) 181-1437,2012-03-02,2016-02-12,1,192.91,Consultation,ARCHIVE,,valid,Pass,Pre-2019 last appointment,0,0,DaySmart,DaySmart Only,2026-04-14
DS-200192,,DS-200192,Denise,Cruz,pmarsh@example.org,(120) 216-9797,2010-02-16,2018-02-15,2,384.88,Highlights,ARCHIVE,,valid,Pass,Pre-2019 last appointment,0,0,DaySmart,DaySmart Only,2026-04-14
DS-200194,,DS-200194,Mercedes,Davis,timothyalvarado@example.net,(628) 900-2877,2016-10-17,2016-04-26,3,567.33,Pedicure,ARCHIVE,,valid,Pass,Pre-2019 last appointment,0,0,DaySmart,DaySmart Only,2026-04-14
DS-200195,,DS-200195,Wayne,Williams,andreagray@example.org,(177) 971-7751,2018-10-31,2011-08-01,1,205.46,Haircut,ARCHIVE,,catch-all,Pass,Pre-2019 last appointment,0,0,DaySmart,DaySmart Only,2026-04-14
DS-200196,,DS-200196,Joshua,Petersen,pamela83@example.net,(755) 037-5899,2012-04-08,,0,0.0,,ARCHIVE,,valid,Unsubscribe Rule,Pre-2019 last appointment,0,0,DaySmart,DaySmart Only,2026-04-14
DS-200197,,DS-200197,Peter,Walker,michael48@example.net,(510) 272-6149,2014-12-30,2014-09-17,2,115.89,Haircut,ARCHIVE,,valid,Unsubscribe Rule,Pre-2019 last appointment,0,0,DaySmart,DaySmart Only,2026-04-14
DS-200199,,DS-200199,Tammy,Norman,heatherthompson@example.org,(169) 958-6693,2015-04-18,2018-06-30,5,741.92,Pedicure,ARCHIVE,,valid,Unsubscribe Rule,Pre-2019 last appointment,0,0,DaySmart,DaySmart Only,2026-04-14
DS-200201,,DS-200201,Kristina,Aguilar,icraig@example.com,(608) 106-2003,2010-01-15,,0,0.0,,ARCHIVE,,valid,Pass,Pre-2019 last appointment,0,0,DaySmart,DaySmart Only,2026-04-14
DS-200205,,DS-200205,Elizabeth,Tyler,charles58@example.org,(281) 826-8861,2017-05-28,,0,0.0,,ARCHIVE,,catch-all,Unsubscribe Rule,Pre-2019 last appointment,0,0,DaySmart,DaySmart Only,2026-04-14
DS-200212,,DS-200212,Brian,Lambert,yorksarah@example.net,(781) 414-1397,2014-02-27,2015-07-11,3,538.92,Consultation,ARCHIVE,,catch-all,Unsubscribe Rule,Pre-2019 last appointment,0,0,DaySmart,DaySmart Only,2026-04-14
DS-200214,,DS-200214,Destiny,Ward,natalie77@example.com,(478) 129-1428,2017-03-13,2017-01-20,1,285.26,Blowout,ARCHIVE,,valid,Pass,Pre-2019 last appointment,0,0,DaySmart,DaySmart Only,2026-04-14
DS-200221,,DS-200221,Claire,Obrien,kdillon@example.org,(692) 929-8425,2017-10-06,2017-05-01,6,1148.13,Massage,ARCHIVE,,valid,Pass,Pre-2019 last appointment,0,0,DaySmart,DaySmart Only,2026-04-14
DS-200223,,DS-200223,Todd,Gregory,xboyd@example.org,(863) 765-9916,2011-07-28,2018-04-14,6,1236.87,Manicure,ARCHIVE,,valid,Unsubscribe Rule,Pre-2019 last appointment,0,0,DaySmart,DaySmart Only,2026-04-14
DS-200224,,DS-200224,Diane,Mcdowell,ascott@example.net,(098) 180-6356,2016-09-05,,0,0.0,,ARCHIVE,,valid,Pass,Pre-2019 last appointment,0,0,DaySmart,DaySmart Only,2026-04-14
DS-200227,,DS-200227,Timothy,Graham,bakernathan@example.net,(066) 984-9027,2011-02-23,2013-11-09,3,602.9,Color Treatment,ARCHIVE,,unknown,Pass,Pre-2019 last appointment,0,0,DaySmart,DaySmart Only,2026-04-14
DS-200229,,DS-200229,Krista,Barber,michael43@example.net,(376) 904-2681,2012-09-21,2017-04-05,4,825.36,Consultation,ARCHIVE,,valid,Pass,Pre-2019 last appointment,0,0,DaySmart,DaySmart Only,2026-04-14
DS-200232,,DS-200232,Tara,Lee,jimmyallen@example.com,(333) 395-2111,2017-04-20,2016-03-04,5,727.41,Keratin Treatment,ARCHIVE,,valid,Unsubscribe Rule,Pre-2019 last appointment,0,0,DaySmart,DaySmart Only,2026-04-14
DS-200233,,DS-200233,Kimberly,Williams,uwatson@example.com,(947) 284-6392,2017-02-05,2016-07-18,2,189.21,Facial,ARCHIVE,,valid,Unsubscribe Rule,Pre-2019 last appointment,0,0,DaySmart,DaySmart Only,2026-04-14
DS-200234,,DS-200234,Kathryn,Long,stephenmartinez@example.net,(750) 036-9155,2012-03-29,2018-01-12,6,665.72,Highlights,ARCHIVE,,valid,Unsubscribe Rule,Pre-2019 last appointment,0,0,DaySmart,DaySmart Only,2026-04-14
DS-200237,,DS-200237,David,Combs,colematthew@example.com,(588) 450-6159,2016-01-09,2018-03-22,4,632.84,Blowout,ARCHIVE,,valid,Unsubscribe Rule,Pre-2019 last appointment,0,0,DaySmart,DaySmart Only,2026-04-14
DS-200238,,DS-200238,Richard,Kelly,champton@example.org,(694) 722-5699,2014-10-30,2017-01-07,1,194.55,Facial,ARCHIVE,,valid,Unsubscribe Rule,Pre-2019 last appointment,0,0,DaySmart,DaySmart Only,2026-04-14
DS-200243,,DS-200243,Joseph,Watts,earroyo@example.com,(064) 930-8536,2012-03-19,2017-10-01,2,486.34,Blowout,ARCHIVE,,valid,Pass,Pre-2019 last appointment,0,0,DaySmart,DaySmart Only,2026-04-14
DS-200251,,DS-200251,Edward,Baker,shawn86@example.net,(209) 593-5186,2014-02-11,2012-01-01,1,57.03,Color Treatment,ARCHIVE,,valid,Unsubscribe Rule,Pre-2019 last appointment,0,0,DaySmart,DaySmart Only,2026-04-14
DS-200255,,DS-200255,Jessica,Garcia,andreawagner@example.net,(289) 755-8556,2011-06-04,2014-04-17,4,549.2,Keratin Treatment,ARCHIVE,,valid,Unsubscribe Rule,Pre-2019 last appointment,0,0,DaySmart,DaySmart Only,2026-04-14
DS-200257,,DS-200257,Samantha,Ellison,clintonstevens@example.org,(245) 933-4419,2013-09-02,2010-09-20,1,285.8,Highlights,ARCHIVE,,valid,Unsubscribe Rule,Pre-2019 last appointment,0,0,DaySmart,DaySmart Only,2026-04-14
DS-200260,,DS-200260,Bradley,Duncan,kelleyjose@example.com,(862) 278-3769,2017-04-16,2016-07-11,4,659.97,Consultation,ARCHIVE,,valid,Pass,Pre-2019 last appointment,0,0,DaySmart,DaySmart Only,2026-04-14
DS-200262,,DS-200262,Lisa,Alexander,jamesbrooks@example.net,(110) 392-4051,2010-02-08,2018-05-03,4,663.73,Keratin Treatment,ARCHIVE,,valid,Pass,Pre-2019 last appointment,0,0,DaySmart,DaySmart Only,2026-04-14
DS-200273,,DS-200273,Stephanie,Khan,wrightheather@example.net,(211) 175-1868,2018-04-22,2018-07-08,7,792.88,Haircut,ARCHIVE,,valid,Unsubscribe Rule,Pre-2019 last appointment,0,0,DaySmart,DaySmart Only,2026-04-14
DS-200276,,DS-200276,Gregory,Thomas,estradamary@example.com,(510) 162-2499,2010-01-11,2015-04-03,1,71.02,Consultation,ARCHIVE,,valid,Pass,Pre-2019 last appointment,0,0,DaySmart,DaySmart Only,2026-04-14
DS-200278,,DS-200278,Nicholas,Fuller,webbhaley@example.net,(469) 548-9952,2010-08-04,2010-07-07,1,63.98,Massage,ARCHIVE,,valid,Unsubscribe Rule,Pre-2019 last appointment,0,0,DaySmart,DaySmart Only,2026-04-14
DS-200280,,DS-200280,Elizabeth,Hunter,katie15@example.com,(699) 023-5577,2018-08-31,,0,0.0,,ARCHIVE,,catch-all,Pass,Pre-2019 last appointment,0,0,DaySmart,DaySmart Only,2026-04-14
DS-200282,,DS-200282,James,Ferguson,ashleyprice@example.net,(145) 046-1735,2011-01-17,,0,0.0,,ARCHIVE,,valid,Pass,Pre-2019 last appointment,0,0,DaySmart,DaySmart Only,2026-04-14
DS-200289,,DS-200289,Bethany,Garcia,nguyendebra@example.com,(876) 963-9382,2014-03-05,2016-01-18,5,851.38,Color Treatment,ARCHIVE,,do_not_mail,Do Not Mail,Pre-2019 last appointment,0,0,DaySmart,DaySmart Only,2026-04-14
DS-200290,,DS-200290,Leslie,Mueller,vbradley@example.net,(321) 971-9975,2014-12-22,2010-06-24,1,150.02,Haircut,ARCHIVE,,valid,Unsubscribe Rule,Pre-2019 last appointment,0,0,DaySmart,DaySmart Only,2026-04-14
DS-200292,,DS-200292,Shawn,Evans,samantha65@example.org,(909) 862-4058,2010-05-22,,0,0.0,,ARCHIVE,,catch-all,Pass,Pre-2019 last appointment,0,0,DaySmart,DaySmart Only,2026-04-14
DS-200294,,DS-200294,Brittany,Bright,dennisjones@example.org,(276) 212-6796,2013-11-10,,0,0.0,,ARCHIVE,,valid,Pass,Pre-2019 last appointment,0,0,DaySmart,DaySmart Only,2026-04-14
DS-200297,,DS-200297,Laura,Rivera,susan44@example.org,(094) 940-7929,2016-05-14,2018-11-12,7,1374.92,Massage,ARCHIVE,,valid,Pass,Pre-2019 last appointment,0,0,DaySmart,DaySmart Only,2026-04-14
DS-200303,,DS-200303,Kristopher,Shannon,stephanielittle@example.net,(119) 269-2124,2011-11-19,2014-06-26,2,380.25,Massage,ARCHIVE,,valid,Unsubscribe Rule,Pre-2019 last appointment,0,0,DaySmart,DaySmart Only,2026-04-14
DS-200304,,DS-200304,Zachary,Hammond,jonathan14@example.org,(665) 044-2717,2018-01-29,2013-10-08,3,541.42,Pedicure,ARCHIVE,,valid,Unsubscribe Rule,Pre-2019 last appointment,0,0,DaySmart,DaySmart Only,2026-04-14
DS-200307,,DS-200307,Eric,Brown,diazmelissa@example.com,(174) 328-0634,2015-06-01,2012-04-20,1,153.86,Keratin Treatment,ARCHIVE,,valid,Pass,Pre-2019 last appointment,0,0,DaySmart,DaySmart Only,2026-04-14
DS-200313,,DS-200313,Todd,Bishop,carlsonjennifer@example.net,(145) 608-3318,2014-09-11,,0,0.0,,ARCHIVE,,valid,Pass,Pre-2019 last appointment,0,0,DaySmart,DaySmart Only,2026-04-14
DS-200315,,DS-200315,Brian,Williams,ericjohnson@example.net,(113) 799-5635,2017-01-13,2018-06-27,1,237.9,Keratin Treatment,ARCHIVE,,valid,Pass,Pre-2019 last appointment,0,0,DaySmart,DaySmart Only,2026-04-14
DS-200319,,DS-200319,William,Quinn,simmonsphillip@example.net,(177) 318-0632,2013-09-19,2012-08-23,2,208.3,Color Treatment,ARCHIVE,,valid,Unsubscribe Rule,Pre-2019 last appointment,0,0,DaySmart,DaySmart Only,2026-04-14
DS-200320,,DS-200320,Michael,Martin,vhodge@example.net,(077) 262-5701,2017-10-22,,0,0.0,,ARCHIVE,,valid,Unsubscribe Rule,Pre-2019 last appointment,0,0,DaySmart,DaySmart Only,2026-04-14
DS-200327,,DS-200327,Vanessa,Hernandez,kfernandez@example.net,(410) 672-7520,2013-06-05,2017-11-10,2,76.86,Pedicure,ARCHIVE,,valid,Unsubscribe Rule,Pre-2019 last appointment,0,0,DaySmart,DaySmart Only,2026-04-14
DS-200329,,DS-200329,Lee,Lee,kimberlywang@example.org,(018) 718-6375,2015-05-28,,0,0.0,,ARCHIVE,,valid,Pass,Pre-2019 last appointment,0,0,DaySmart,DaySmart Only,2026-04-14
DS-200332,,DS-200332,Michelle,Fischer,jamescollier@example.com,(870) 494-7873,2016-04-05,,0,0.0,,ARCHIVE,,valid,Unsubscribe Rule,Pre-2019 last appointment,0,0,DaySmart,DaySmart Only,2026-04-14
DS-200336,,DS-200336,Jacqueline,Washington,samantha21@example.org,(283) 389-8881,2012-01-09,2018-12-09,3,320.35,Keratin Treatment,ARCHIVE,,valid,Unsubscribe Rule,Pre-2019 last appointment,0,0,DaySmart,DaySmart Only,2026-04-14
DS-200337,,DS-200337,Alan,Bailey,don79@example.net,(524) 013-2234,2011-11-22,,0,0.0,,ARCHIVE,,valid,Unsubscribe Rule,Pre-2019 last appointment,0,0,DaySmart,DaySmart Only,2026-04-14
DS-200338,,DS-200338,Rachel,Jones,ctodd@example.org,(108) 907-1401,2014-04-20,2015-11-27,3,239.97,Haircut,ARCHIVE,,unknown,Pass,Pre-2019 last appointment,0,0,DaySmart,DaySmart Only,2026-04-14
DS-200340,,DS-200340,Daniel,Lee,george80@example.net,(138) 759-2712,2013-05-06,2017-03-29,2,308.74,Pedicure,ARCHIVE,,valid,Unsubscribe Rule,Pre-2019 last appointment,0,0,DaySmart,DaySmart Only,2026-04-14
DS-200346,,DS-200346,Phillip,Ewing,reyesleonard@example.com,(770) 028-4276,2013-04-24,2018-03-22,5,876.66,Blowout,ARCHIVE,,valid,Pass,Pre-2019 last appointment,0,0,DaySmart,DaySmart Only,2026-04-14
DS-200350,,DS-200350,Jonathan,Cain,garrett45@example.com,(371) 834-4049,2013-01-03,2012-09-22,1,141.76,Highlights,ARCHIVE,,valid,Unsubscribe Rule,Pre-2019 last appointment,0,0,DaySmart,DaySmart Only,2026-04-14
DS-200351,,DS-200351,Ryan,Davis,joshua98@example.com,(635) 148-4685,2015-05-13,2016-09-25,2,424.94,Facial,ARCHIVE,,valid,Pass,Pre-2019 last appointment,0,0,DaySmart,DaySmart Only,2026-04-14
DS-200352,,DS-200352,Phillip,White,burtonzachary@example.org,(973) 748-9690,2015-06-01,,0,0.0,,ARCHIVE,,valid,Pass,Pre-2019 last appointment,0,0,DaySmart,DaySmart Only,2026-04-14
DS-200353,,DS-200353,Michael,Evans,ejenkins@example.net,(364) 424-9363,2011-04-08,2014-07-29,3,485.07,Consultation,ARCHIVE,,valid,Unsubscribe Rule,Pre-2019 last appointment,0,0,DaySmart,DaySmart Only,2026-04-14
DS-200360,,DS-200360,Martin,Smith,courtneyedwards@example.org,(123) 829-6577,2012-06-27,2014-12-29,2,488.9,Color Treatment,ARCHIVE,,valid,Pass,Pre-2019 last appointment,0,0,DaySmart,DaySmart Only,2026-04-14
DS-200362,,DS-200362,Lindsay,Hernandez,george91@example.org,(867) 713-3344,2012-02-20,,0,0.0,,ARCHIVE,,do_not_mail,Do Not Mail,Pre-2019 last appointment,0,0,DaySmart,DaySmart Only,2026-04-14
DS-200364,,DS-200364,Jennifer,Lewis,verickson@example.net,(411) 800-5375,2011-03-01,2017-09-05,3,337.44,Manicure,ARCHIVE,,valid,Pass,Pre-2019 last appointment,0,0,DaySmart,DaySmart Only,2026-04-14
DS-200366,,DS-200366,Joseph,Thomas,edwardstiffany@example.com,(456) 449-4856,2016-03-17,2018-04-15,2,242.93,Facial,ARCHIVE,,valid,Pass,Pre-2019 last appointment,0,0,DaySmart,DaySmart Only,2026-04-14
DS-200368,,DS-200368,Mr.,Ryan Camacho,baileyjames@example.com,(228) 499-3908,2015-11-12,2016-08-06,3,593.78,Manicure,ARCHIVE,,do_not_mail,Do Not Mail,Pre-2019 last appointment,0,0,DaySmart,DaySmart Only,2026-04-14
DS-200369,,DS-200369,Jonathan,Davis,anthony16@example.com,(915) 201-7774,2011-08-23,2013-12-12,2,376.42,Blowout,ARCHIVE,,valid,Pass,Pre-2019 last appointment,0,0,DaySmart,DaySmart Only,2026-04-14
DS-200374,,DS-200374,Jennifer,Marshall,michael91@example.net,(017) 226-0164,2016-03-03,2014-12-15,2,375.02,Facial,ARCHIVE,,valid,Pass,Pre-2019 last appointment,0,0,DaySmart,DaySmart Only,2026-04-14
DS-200376,,DS-200376,Natasha,Swanson,christine95@example.net,(641) 220-3103,2017-04-13,,0,0.0,,ARCHIVE,,valid,Pass,Pre-2019 last appointment,0,0,DaySmart,DaySmart Only,2026-04-14
DS-200377,,DS-200377,Jessica,Garrett,christophercarrillo@example.org,(760) 122-7770,2014-04-12,,0,0.0,,ARCHIVE,,valid,Unsubscribe Rule,Pre-2019 last appointment,0,0,DaySmart,DaySmart Only,2026-04-14
DS-200379,,DS-200379,Sharon,Hall,ricerobert@example.com,(814) 671-7957,2018-09-04,2013-11-25,2,187.45,Highlights,ARCHIVE,,catch-all,Pass,Pre-2019 last appointment,0,0,DaySmart,DaySmart Only,2026-04-14
DS-200380,,DS-200380,Gregg,Hall,brianacohen@example.net,(724) 665-7293,2010-04-08,,0,0.0,,ARCHIVE,,valid,Pass,Pre-2019 last appointment,0,0,DaySmart,DaySmart Only,2026-04-14
DS-200381,,DS-200381,Curtis,Obrien,leonsherry@example.com,(433) 800-5452,2012-11-25,2014-09-25,3,374.93,Highlights,ARCHIVE,,valid,Pass,Pre-2019 last appointment,0,0,DaySmart,DaySmart Only,2026-04-14
DS-200382,,DS-200382,Gail,Wilson,davidwalker@example.com,(550) 842-8910,2010-09-17,2010-04-19,1,294.98,Keratin Treatment,ARCHIVE,,valid,Pass,Pre-2019 last appointment,0,0,DaySmart,DaySmart Only,2026-04-14
DS-200383,,DS-200383,Ashley,Rodriguez,colonbobby@example.org,(213) 524-7871,2014-11-28,2016-02-14,2,78.37,Blowout,ARCHIVE,,valid,Unsubscribe Rule,Pre-2019 last appointment,0,0,DaySmart,DaySmart Only,2026-04-14
DS-200391,,DS-200391,Lauren,Fields,fbarker@example.net,(622) 827-7288,2017-01-10,2011-08-21,1,236.1,Pedicure,ARCHIVE,,valid,Pass,Pre-2019 last appointment,0,0,DaySmart,DaySmart Only,2026-04-14
DS-200396,,DS-200396,Alicia,Barrett,suzannehill@example.org,(397) 189-5690,2017-02-08,2018-11-17,2,335.97,Keratin Treatment,ARCHIVE,,valid,Pass,Pre-2019 last appointment,0,0,DaySmart,DaySmart Only,2026-04-14
DS-200399,,DS-200399,Jason,Washington,bschultz@example.com,(891) 382-4967,2018-01-29,2018-12-06,3,233.53,Pedicure,ARCHIVE,,unknown,Pass,Pre-2019 last appointment,0,0,DaySmart,DaySmart Only,2026-04-14
DS-200401,,DS-200401,Dr.,Christy Pittman MD,jocelynhart@example.com,(161) 284-6398,2017-02-24,2017-11-11,3,319.47,Pedicure,ARCHIVE,,valid,Pass,Pre-2019 last appointment,0,0,DaySmart,DaySmart Only,2026-04-14
DS-200402,,DS-200402,Dean,Mullins,qnelson@example.com,(537) 950-2097,2016-09-27,2013-08-12,1,100.47,Manicure,ARCHIVE,,valid,Unsubscribe Rule,Pre-2019 last appointment,0,0,DaySmart,DaySmart Only,2026-04-14
DS-200407,,DS-200407,Amanda,Griffith,ramirezrobert@example.com,(506) 351-9036,2014-08-01,,0,0.0,,ARCHIVE,,valid,Pass,Pre-2019 last appointment,0,0,DaySmart,DaySmart Only,2026-04-14
DS-200408,,DS-200408,Arthur,Garrett,castillolindsey@example.net,(543) 173-5058,2014-08-02,2018-04-25,5,943.76,Manicure,ARCHIVE,,valid,Unsubscribe Rule,Pre-2019 last appointment,0,0,DaySmart,DaySmart Only,2026-04-14
DS-200416,,DS-200416,Michael,Gray,morganjason@example.com,(355) 289-6112,2015-02-06,2015-11-17,5,620.51,Manicure,ARCHIVE,,unknown,Unsubscribe Rule,Pre-2019 last appointment,0,0,DaySmart,DaySmart Only,2026-04-14
DS-200417,,DS-200417,Melissa,Stewart,prowland@example.org,(993) 842-5304,2015-10-04,2016-07-09,1,32.35,Massage,ARCHIVE,,unknown,Unsubscribe Rule,Pre-2019 last appointment,0,0,DaySmart,DaySmart Only,2026-04-14
DS-200420,,DS-200420,Gregory,Silva,vhunt@example.com,(776) 657-5460,2015-05-06,2018-11-11,6,857.3,Facial,ARCHIVE,,valid,Unsubscribe Rule,Pre-2019 last appointment,0,0,DaySmart,DaySmart Only,2026-04-14
DS-200422,,DS-200422,Michael,Bolton,alan44@example.com,(669) 078-2633,2017-07-31,2017-02-13,4,890.01,Highlights,ARCHIVE,,do_not_mail,Unsubscribe Rule,Pre-2019 last appointment,0,0,DaySmart,DaySmart Only,2026-04-14
DS-200424,,DS-200424,Robert,Flowers,jeremiah66@example.net,(845) 909-0225,2015-05-14,,0,0.0,,ARCHIVE,,valid,Unsubscribe Rule,Pre-2019 last appointment,0,0,DaySmart,DaySmart Only,2026-04-14
DS-200425,,DS-200425,Jeanne,James,ybrown@example.org,(715) 974-1218,2015-02-28,,0,0.0,,ARCHIVE,,valid,Unsubscribe Rule,Pre-2019 last appointment,0,0,DaySmart,DaySmart Only,2026-04-14
DS-200426,,DS-200426,Cristian,Pruitt,ocampbell@example.com,(817) 058-0256,2012-02-06,2010-06-22,1,237.66,Blowout,ARCHIVE,,valid,Pass,Pre-2019 last appointment,0,0,DaySmart,DaySmart Only,2026-04-14
DS-200427,,DS-200427,Patrick,Price,davidharris@example.com,(729) 949-3874,2014-03-05,,0,0.0,,ARCHIVE,,catch-all,Pass,Pre-2019 last appointment,0,0,DaySmart,DaySmart Only,2026-04-14
DS-200430,,DS-200430,Jerry,King,murraycharles@example.net,(765) 636-0041,2010-09-03,2017-06-26,1,203.48,Color Treatment,ARCHIVE,,valid,Unsubscribe Rule,Pre-2019 last appointment,0,0,DaySmart,DaySmart Only,2026-04-14
DS-200433,,DS-200433,David,Kerr,christopherfisher@example.org,(531) 312-2068,2013-10-13,2018-07-13,3,189.39,Massage,ARCHIVE,,valid,Pass,Pre-2019 last appointment,0,0,DaySmart,DaySmart Only,2026-04-14
DS-200436,,DS-200436,Samuel,Olson,andres97@example.com,(838) 903-0914,2015-04-23,2010-08-29,1,121.7,Blowout,ARCHIVE,,valid,Pass,Pre-2019 last appointment,0,0,DaySmart,DaySmart Only,2026-04-14
DS-200437,,DS-200437,Chad,Jimenez,edwardharris@example.org,(397) 524-5086,2014-05-16,,0,0.0,,ARCHIVE,,valid,Pass,Pre-2019 last appointment,0,0,DaySmart,DaySmart Only,2026-04-14
DS-200438,,DS-200438,Erin,Allen,knoxelizabeth@example.org,(396) 852-7017,2013-08-25,2015-05-23,2,494.9,Pedicure,ARCHIVE,,valid,Unsubscribe Rule,Pre-2019 last appointment,0,0,DaySmart,DaySmart Only,2026-04-14
DS-200439,,DS-200439,Dan,Davis,joelmiller@example.net,(742) 336-2934,2016-04-29,2017-07-25,2,448.4,Manicure,ARCHIVE,,valid,Unsubscribe Rule,Pre-2019 last appointment,0,0,DaySmart,DaySmart Only,2026-04-14
DS-200447,,DS-200447,Jessica,Durham,oneillgabriel@example.com,(161) 415-0937,2010-10-20,2015-05-19,4,744.95,Manicure,ARCHIVE,,valid,Unsubscribe Rule,Pre-2019 last appointment,0,0,DaySmart,DaySmart Only,2026-04-14
DS-200451,,DS-200451,Teresa,Alvarez,navarrokelly@example.org,(289) 802-7148,2015-05-01,2013-11-29,2,353.48,Pedicure,ARCHIVE,,valid,Pass,Pre-2019 last appointment,0,0,DaySmart,DaySmart Only,2026-04-14
DS-200455,,DS-200455,Samuel,Stewart,mary77@example.org,(942) 095-4814,2016-01-28,2013-01-22,1,262.82,Haircut,ARCHIVE,,valid,Unsubscribe Rule,Pre-2019 last appointment,0,0,DaySmart,DaySmart Only,2026-04-14
DS-200459,,DS-200459,Charles,Sharp,austinallen@example.com,(492) 617-6475,2010-11-24,,0,0.0,,ARCHIVE,,valid,Unsubscribe Rule,Pre-2019 last appointment,0,0,DaySmart,DaySmart Only,2026-04-14
DS-200463,,DS-200463,Kelly,Andersen,catherine83@example.net,(103) 032-4329,2014-12-20,2014-11-01,2,287.43,Haircut,ARCHIVE,,valid,Unsubscribe Rule,Pre-2019 last appointment,0,0,DaySmart,DaySmart Only,2026-04-14
DS-200466,,DS-200466,Courtney,Smith,opetty@example.com,(112) 849-7185,2016-03-17,,0,0.0,,ARCHIVE,,valid,Unsubscribe Rule,Pre-2019 last appointment,0,0,DaySmart,DaySmart Only,2026-04-14
DS-200469,,DS-200469,Scott,Meza,ftownsend@example.net,(113) 129-0148,2013-10-01,2017-09-06,2,441.98,Manicure,ARCHIVE,,do_not_mail,Unsubscribe Rule,Pre-2019 last appointment,0,0,DaySmart,DaySmart Only,2026-04-14
DS-200471,,DS-200471,Shirley,Rice,lawsontami@example.net,(832) 152-8506,2014-05-29,2018-06-05,2,278.95,Consultation,ARCHIVE,,valid,Pass,Pre-2019 last appointment,0,0,DaySmart,DaySmart Only,2026-04-14
DS-200476,,DS-200476,Gregory,Smith,brettgallegos@example.com,(906) 744-7163,2011-10-01,,0,0.0,,ARCHIVE,,valid,Unsubscribe Rule,Pre-2019 last appointment,0,0,DaySmart,DaySmart Only,2026-04-14
DS-200479,,DS-200479,Danielle,Jacobson,blakewilliams@example.net,(534) 749-1624,2016-12-06,2013-09-15,1,103.7,Keratin Treatment,ARCHIVE,,valid,Pass,Pre-2019 last appointment,0,0,DaySmart,DaySmart Only,2026-04-14
DS-200483,,DS-200483,Cheryl,Olsen,gcohen@example.org,(278) 686-6943,2013-02-21,2017-07-25,4,652.35,Haircut,ARCHIVE,,catch-all,Unsubscribe Rule,Pre-2019 last appointment,0,0,DaySmart,DaySmart Only,2026-04-14
DS-200488,,DS-200488,Stephen,Roth,chadjones@example.org,(761) 820-9166,2014-01-11,2018-12-19,1,275.86,Keratin Treatment,ARCHIVE,,valid,Pass,Pre-2019 last appointment,0,0,DaySmart,DaySmart Only,2026-04-14
DS-200490,,DS-200490,David,Stephens,courtney10@example.org,(184) 186-2030,2012-04-10,,0,0.0,,ARCHIVE,,valid,Pass,Pre-2019 last appointment,0,0,DaySmart,DaySmart Only,2026-04-14
DS-200494,,DS-200494,Jonathan,Ferguson,patrickcarpenter@example.com,(893) 135-0305,2015-01-25,2018-08-22,1,276.14,Highlights,ARCHIVE,,catch-all,Unsubscribe Rule,Pre-2019 last appointment,0,0,DaySmart,DaySmart Only,2026-04-14
DS-200498,,DS-200498,William,Boyd,juliamorales@example.org,(362) 891-7756,2015-01-02,2011-11-19,1,241.8,Blowout,ARCHIVE,,valid,Pass,Pre-2019 last appointment,0,0,DaySmart,DaySmart Only,2026-04-14
DS-200502,,DS-200502,Rhonda,Pena,victoriamason@example.net,(985) 725-4596,2011-10-23,,0,0.0,,ARCHIVE,,valid,Unsubscribe Rule,Pre-2019 last appointment,0,0,DaySmart,DaySmart Only,2026-04-14
DS-200505,,DS-200505,Ryan,Crane,christopher68@example.com,(409) 038-0214,2012-11-29,2012-10-23,1,269.54,Keratin Treatment,ARCHIVE,,valid,Unsubscribe Rule,Pre-2019 last appointment,0,0,DaySmart,DaySmart Only,2026-04-14
DS-200507,,DS-200507,Ashley,Gibson,stacythomas@example.org,(590) 960-5673,2014-08-23,2014-01-28,1,280.66,Highlights,ARCHIVE,,valid,Unsubscribe Rule,Pre-2019 last appointment,0,0,DaySmart,DaySmart Only,2026-04-14
DS-200510,,DS-200510,Nancy,Stewart,peggypeck@example.com,(516) 480-7279,2014-08-23,2018-04-28,1,160.08,Haircut,ARCHIVE,,valid,Unsubscribe Rule,Pre-2019 last appointment,0,0,DaySmart,DaySmart Only,2026-04-14
DS-200513,,DS-200513,Annette,Miller,davisallen@example.com,(179) 817-8904,2013-05-24,2018-12-16,5,788.88,Massage,ARCHIVE,,valid,Pass,Pre-2019 last appointment,0,0,DaySmart,DaySmart Only,2026-04-14
DS-200515,,DS-200515,Steven,Perry,johnsonkrystal@example.net,(955) 296-3863,2011-02-07,2015-11-21,4,629.73,Consultation,ARCHIVE,,catch-all,Pass,Pre-2019 last appointment,0,0,DaySmart,DaySmart Only,2026-04-14
DS-200516,,DS-200516,Jessica,Ayers,lmadden@example.com,(582) 631-2819,2017-09-15,2016-01-17,1,280.83,Manicure,ARCHIVE,,valid,Pass,Pre-2019 last appointment,0,0,DaySmart,DaySmart Only,2026-04-14
DS-200517,,DS-200517,Juan,Fry,christopherjohnson@example.org,(920) 981-9602,2017-03-01,2017-07-16,1,142.41,Color Treatment,ARCHIVE,,valid,Pass,Pre-2019 last appointment,0,0,DaySmart,DaySmart Only,2026-04-14
DS-200520,,DS-200520,Steven,Keller,wilsonmatthew@example.com,(799) 802-8413,2010-07-26,2017-06-16,1,74.39,Manicure,ARCHIVE,,valid,Unsubscribe Rule,Pre-2019 last appointment,0,0,DaySmart,DaySmart Only,2026-04-14
DS-200524,,DS-200524,Benjamin,Sandoval,dustin51@example.org,(505) 379-5381,2013-03-02,2017-08-24,1,77.66,Haircut,ARCHIVE,,valid,Unsubscribe Rule,Pre-2019 last appointment,0,0,DaySmart,DaySmart Only,2026-04-14
DS-200527,,DS-200527,Evan,Reed,hawkinslawrence@example.net,(064) 771-5910,2016-06-09,2015-10-26,2,372.56,Consultation,ARCHIVE,,valid,Pass,Pre-2019 last appointment,0,0,DaySmart,DaySmart Only,2026-04-14
DS-200528,,DS-200528,Shannon,Ramsey MD,leerachel@example.com,(800) 401-0414,2010-10-13,2014-02-13,1,231.53,Keratin Treatment,ARCHIVE,,valid,Pass,Pre-2019 last appointment,0,0,DaySmart,DaySmart Only,2026-04-14
DS-200529,,DS-200529,Christopher,Taylor,uwilson@example.org,(967) 188-3977,2015-01-30,2017-06-07,1,232.22,Keratin Treatment,ARCHIVE,,valid,Unsubscribe Rule,Pre-2019 last appointment,0,0,DaySmart,DaySmart Only,2026-04-14
DS-200530,,DS-200530,Dennis,Phillips,gomezmary@example.org,(311) 703-0376,2017-08-15,,0,0.0,,ARCHIVE,,catch-all,Pass,Pre-2019 last appointment,0,0,DaySmart,DaySmart Only,2026-04-14
DS-200532,,DS-200532,Laura,Garcia,vwalter@example.org,(307) 240-7875,2014-06-03,2014-06-06,3,244.21,Highlights,ARCHIVE,,valid,Unsubscribe Rule,Pre-2019 last appointment,0,0,DaySmart,DaySmart Only,2026-04-14
DS-200539,,DS-200539,Sherry,Shelton,harcher@example.org,(455) 696-4430,2015-04-05,2014-12-09,3,602.62,Facial,ARCHIVE,,valid,Unsubscribe Rule,Pre-2019 last appointment,0,0,DaySmart,DaySmart Only,2026-04-14
DS-200543,,DS-200543,Randall,Wright,tspencer@example.com,(149) 782-6612,2013-11-05,,0,0.0,,ARCHIVE,,valid,Pass,Pre-2019 last appointment,0,0,DaySmart,DaySmart Only,2026-04-14
DS-200548,,DS-200548,Jessica,Fields,donaldgarner@example.org,(288) 377-4419,2018-03-27,,0,0.0,,ARCHIVE,,valid,Pass,Pre-2019 last appointment,0,0,DaySmart,DaySmart Only,2026-04-14
DS-200551,,DS-200551,Ryan,Webb,lobrien@example.net,(884) 259-9599,2017-04-07,2017-03-13,2,120.27,Consultation,ARCHIVE,,valid,Unsubscribe Rule,Pre-2019 last appointment,0,0,DaySmart,DaySmart Only,2026-04-14
DS-200552,,DS-200552,Crystal,Ortega,evilla@example.com,(331) 266-1094,2017-10-06,2018-05-29,1,214.76,Manicure,ARCHIVE,,valid,Unsubscribe Rule,Pre-2019 last appointment,0,0,DaySmart,DaySmart Only,2026-04-14
DS-200553,,DS-200553,Lisa,Pittman,manuelhale@example.com,(298) 334-7743,2012-11-23,2017-11-07,3,455.32,Haircut,ARCHIVE,,valid,Unsubscribe Rule,Pre-2019 last appointment,0,0,DaySmart,DaySmart Only,2026-04-14
DS-200559,,DS-200559,Sherri,Perez,johnsonkimberly@example.org,(896) 087-0662,2011-03-14,,0,0.0,,ARCHIVE,,valid,Pass,Pre-2019 last appointment,0,0,DaySmart,DaySmart Only,2026-04-14
DS-200560,,DS-200560,Steven,Haas,michael56@example.org,(331) 903-6890,2016-08-25,2010-09-02,1,143.31,Consultation,ARCHIVE,,valid,Pass,Pre-2019 last appointment,0,0,DaySmart,DaySmart Only,2026-04-14
DS-200565,,DS-200565,Nicole,Rogers,lisa93@example.org,(596) 601-8648,2016-06-17,2014-07-05,1,256.47,Massage,ARCHIVE,,valid,Pass,Pre-2019 last appointment,0,0,DaySmart,DaySmart Only,2026-04-14
DS-200567,,DS-200567,Sarah,Wallace,gonzalessteven@example.com,(783) 609-1498,2010-11-27,2014-12-22,6,1000.22,Keratin Treatment,ARCHIVE,,valid,Pass,Pre-2019 last appointment,0,0,DaySmart,DaySmart Only,2026-04-14
DS-200569,,DS-200569,Vanessa,Smith DVM,amber09@example.org,(511) 871-8133,2013-05-18,2016-11-14,2,130.37,Highlights,ARCHIVE,,do_not_mail,Unsubscribe Rule,Pre-2019 last appointment,0,0,DaySmart,DaySmart Only,2026-04-14
DS-200577,,DS-200577,Jordan,Chapman,halltrevor@example.org,(988) 986-4565,2012-07-29,,0,0.0,,ARCHIVE,,valid,Unsubscribe Rule,Pre-2019 last appointment,0,0,DaySmart,DaySmart Only,2026-04-14
DS-200578,,DS-200578,Sonya,Simon,kstone@example.net,(515) 421-4477,2018-04-04,2018-09-29,2,162.4,Haircut,ARCHIVE,,do_not_mail,Do Not Mail,Pre-2019 last appointment,0,0,DaySmart,DaySmart Only,2026-04-14
DS-200579,,DS-200579,Larry,Rodriguez,elizabeththomas@example.org,(882) 090-8830,2010-06-14,2014-01-08,5,504.84,Facial,ARCHIVE,,valid,Unsubscribe Rule,Pre-2019 last appointment,0,0,DaySmart,DaySmart Only,2026-04-14
DS-200581,,DS-200581,Christopher,Rogers,gmccoy@example.net,(150) 618-5380,2011-10-25,2018-02-06,2,479.31,Color Treatment,ARCHIVE,,valid,Unsubscribe Rule,Pre-2019 last appointment,0,0,DaySmart,DaySmart Only,2026-04-14
DS-200583,,DS-200583,Lisa,Welch,danawashington@example.net,(243) 477-6958,2016-01-31,2016-04-15,2,374.05,Consultation,ARCHIVE,,valid,Pass,Pre-2019 last appointment,0,0,DaySmart,DaySmart Only,2026-04-14
DS-200595,,DS-200595,Larry,Kennedy,sharonho@example.net,(228) 705-6227,2011-10-02,2018-06-04,5,677.5,Massage,ARCHIVE,,valid,Unsubscribe Rule,Pre-2019 last appointment,0,0,DaySmart,DaySmart Only,2026-04-14
DS-200596,,DS-200596,Michael,Medina,cody97@example.net,(215) 835-0344,2018-12-20,2016-05-24,1,58.39,Massage,ARCHIVE,,valid,Unsubscribe Rule,Pre-2019 last appointment,0,0,DaySmart,DaySmart Only,2026-04-14
DS-200600,,DS-200600,Kristina,Henry,gina86@example.net,(520) 575-6398,2014-12-25,2016-01-29,1,269.93,Keratin Treatment,ARCHIVE,,valid,Unsubscribe Rule,Pre-2019 last appointment,0,0,DaySmart,DaySmart Only,2026-04-14
DS-200601,,DS-200601,Timothy,Cowan,scottfox@example.org,(945) 154-8094,2016-09-15,2015-02-03,1,243.41,Highlights,ARCHIVE,,valid,Pass,Pre-2019 last appointment,0,0,DaySmart,DaySmart Only,2026-04-14
DS-200602,,DS-200602,Michael,King,maddoxmadeline@example.net,(797) 727-8105,2010-12-29,2018-11-20,4,595.02,Massage,ARCHIVE,,valid,Pass,Pre-2019 last appointment,0,0,DaySmart,DaySmart Only,2026-04-14
DS-200603,,DS-200603,Shelby,Anderson,hflowers@example.org,(705) 184-3905,2013-03-31,2011-02-05,2,248.07,Pedicure,ARCHIVE,,valid,Pass,Pre-2019 last appointment,0,0,DaySmart,DaySmart Only,2026-04-14
DS-200604,,DS-200604,Susan,Matthews,zachary66@example.net,(013) 824-1270,2011-09-23,2012-12-03,1,149.32,Massage,ARCHIVE,,valid,Pass,Pre-2019 last appointment,0,0,DaySmart,DaySmart Only,2026-04-14
DS-200609,,DS-200609,Frank,Elliott,morrisdaniel@example.com,(026) 755-1254,2014-01-24,2015-06-18,1,31.98,Highlights,ARCHIVE,,valid,Unsubscribe Rule,Pre-2019 last appointment,0,0,DaySmart,DaySmart Only,2026-04-14
DS-200611,,DS-200611,Leslie,Martin,sandratanner@example.net,(839) 225-0142,2011-04-23,2018-08-17,4,756.17,Massage,ARCHIVE,,valid,Unsubscribe Rule,Pre-2019 last appointment,0,0,DaySmart,DaySmart Only,2026-04-14
DS-200612,,DS-200612,Charles,Andrade,kyle23@example.org,(613) 285-0725,2010-04-28,2016-03-29,1,101.02,Haircut,ARCHIVE,,catch-all,Pass,Pre-2019 last appointment,0,0,DaySmart,DaySmart Only,2026-04-14
DS-200613,,DS-200613,John,Bennett,wmccarthy@example.org,(625) 265-4696,2014-10-07,2015-12-14,1,21.81,Consultation,ARCHIVE,,valid,Pass,Pre-2019 last appointment,0,0,DaySmart,DaySmart Only,2026-04-14
DS-200614,,DS-200614,Alyssa,Blackwell,katrinawood@example.com,(809) 961-3273,2015-10-05,2017-04-15,2,126.08,Pedicure,ARCHIVE,,valid,Pass,Pre-2019 last appointment,0,0,DaySmart,DaySmart Only,2026-04-14
DS-200615,,DS-200615,Christopher,Hernandez,paul70@example.com,(622) 681-7151,2012-04-21,2018-09-25,2,158.83,Blowout,ARCHIVE,,valid,Unsubscribe Rule,Pre-2019 last appointment,0,0,DaySmart,DaySmart Only,2026-04-14
DS-200619,,DS-200619,Parker,Wright,nicholsdavid@example.org,(764) 579-3897,2013-07-11,2014-04-02,1,162.13,Consultation,ARCHIVE,,valid,Pass,Pre-2019 last appointment,0,0,DaySmart,DaySmart Only,2026-04-14
DS-200630,,DS-200630,Julie,Cruz,trosario@example.net,(198) 077-0460,2017-05-27,2018-06-02,2,307.93,Massage,ARCHIVE,,catch-all,Unsubscribe Rule,Pre-2019 last appointment,0,0,DaySmart,DaySmart Only,2026-04-14
DS-200631,,DS-200631,Jessica,Martinez,melaniechang@example.net,(125) 652-3734,2016-12-01,2011-11-07,1,202.17,Massage,ARCHIVE,,valid,Unsubscribe Rule,Pre-2019 last appointment,0,0,DaySmart,DaySmart Only,2026-04-14
DS-200634,,DS-200634,Nichole,Ferrell,kwoods@example.com,(298) 585-6728,2014-09-27,2018-09-16,1,176.47,Keratin Treatment,ARCHIVE,,valid,Unsubscribe Rule,Pre-2019 last appointment,0,0,DaySmart,DaySmart Only,2026-04-14
DS-200640,,DS-200640,Philip,Chambers,schaeferscott@example.net,(823) 133-4845,2018-04-29,2012-06-08,1,173.53,Blowout,ARCHIVE,,unknown,Pass,Pre-2019 last appointment,0,0,DaySmart,DaySmart Only,2026-04-14
DS-200643,,DS-200643,Ronnie,Johnson,ugibbs@example.net,(833) 987-4113,2013-06-25,2015-09-12,1,139.46,Manicure,ARCHIVE,,valid,Pass,Pre-2019 last appointment,0,0,DaySmart,DaySmart Only,2026-04-14
DS-200647,,DS-200647,Paul,Johnson,mayronald@example.com,(080) 850-9608,2018-05-24,,0,0.0,,ARCHIVE,,valid,Unsubscribe Rule,Pre-2019 last appointment,0,0,DaySmart,DaySmart Only,2026-04-14
DS-200649,,DS-200649,Brittany,Rivera MD,shawn60@example.com,(940) 960-0356,2011-08-17,2015-03-08,1,25.8,Facial,ARCHIVE,,valid,Pass,Pre-2019 last appointment,0,0,DaySmart,DaySmart Only,2026-04-14
DS-200650,,DS-200650,Kim,Valdez,kaylaandrews@example.com,(923) 234-2108,2017-07-13,2018-11-28,3,590.08,Blowout,ARCHIVE,,valid,Pass,Pre-2019 last appointment,0,0,DaySmart,DaySmart Only,2026-04-14
DS-200652,,DS-200652,Natalie,James,mgonzales@example.org,(691) 128-9812,2011-10-19,2018-09-09,5,804.64,Haircut,ARCHIVE,,valid,Unsubscribe Rule,Pre-2019 last appointment,0,0,DaySmart,DaySmart Only,2026-04-14
DS-200660,,DS-200660,Adam,Castillo,jacob96@example.com,(379) 487-1485,2016-09-23,2018-05-24,4,671.53,Haircut,ARCHIVE,,valid,Pass,Pre-2019 last appointment,0,0,DaySmart,DaySmart Only,2026-04-14
DS-200661,,DS-200661,Katherine,Dunn,barnettmatthew@example.net,(415) 608-2137,2012-08-22,2015-09-05,1,292.02,Highlights,ARCHIVE,,valid,Unsubscribe Rule,Pre-2019 last appointment,0,0,DaySmart,DaySmart Only,2026-04-14
DS-200664,,DS-200664,Julie,Taylor,aaron48@example.net,(439) 910-6227,2016-04-10,2015-04-24,2,396.76,Pedicure,ARCHIVE,,valid,Unsubscribe Rule,Pre-2019 last appointment,0,0,DaySmart,DaySmart Only,2026-04-14
DS-200670,,DS-200670,Michelle,Williams,kphelps@example.net,(066) 039-2051,2010-01-17,2018-09-08,5,780.77,Blowout,ARCHIVE,,valid,Unsubscribe Rule,Pre-2019 last appointment,0,0,DaySmart,DaySmart Only,2026-04-14
DS-200679,,DS-200679,Erin,Hudson,ithomas@example.net,(950) 905-9119,2013-05-15,2017-05-03,4,715.58,Blowout,ARCHIVE,,valid,Pass,Pre-2019 last appointment,0,0,DaySmart,DaySmart Only,2026-04-14
DS-200684,,DS-200684,Brett,Lee,wendymora@example.com,(867) 181-5352,2016-12-01,,0,0.0,,ARCHIVE,,valid,Pass,Pre-2019 last appointment,0,0,DaySmart,DaySmart Only,2026-04-14
DS-200685,,DS-200685,Ian,Rangel,qcochran@example.net,(918) 158-9988,2012-02-10,2018-12-30,2,265.34,Haircut,ARCHIVE,,valid,Pass,Pre-2019 last appointment,0,0,DaySmart,DaySmart Only,2026-04-14
DS-200686,,DS-200686,Jerome,Gonzalez,ypowell@example.org,(707) 158-7964,2011-08-30,2016-07-08,3,416.45,Color Treatment,ARCHIVE,,valid,Unsubscribe Rule,Pre-2019 last appointment,0,0,DaySmart,DaySmart Only,2026-04-14
DS-200688,,DS-200688,Susan,Garcia,patriciajoseph@example.org,(373) 990-0631,2018-04-08,2013-03-27,2,480.68,Consultation,ARCHIVE,,valid,Pass,Pre-2019 last appointment,0,0,DaySmart,DaySmart Only,2026-04-14
DS-200696,,DS-200696,Jasmin,Jennings,vcole@example.org,(794) 577-2785,2018-06-23,2018-12-02,4,595.04,Highlights,ARCHIVE,,unknown,Pass,Pre-2019 last appointment,0,0,DaySmart,DaySmart Only,2026-04-14
DS-200701,,DS-200701,Austin,Smith,riverachristopher@example.com,(323) 415-9597,2018-01-18,,0,0.0,,ARCHIVE,,valid,Unsubscribe Rule,Pre-2019 last appointment,0,0,DaySmart,DaySmart Only,2026-04-14
DS-200705,,DS-200705,Sydney,Burns,brettallen@example.com,(476) 504-7158,2013-03-08,,0,0.0,,ARCHIVE,,valid,Pass,Pre-2019 last appointment,0,0,DaySmart,DaySmart Only,2026-04-14
DS-200706,,DS-200706,Kenneth,Turner,rebeccajames@example.org,(465) 586-6525,2016-01-21,2017-12-13,5,792.48,Blowout,ARCHIVE,,valid,Unsubscribe Rule,Pre-2019 last appointment,0,0,DaySmart,DaySmart Only,2026-04-14
DS-200708,,DS-200708,Nathaniel,Doyle,molly91@example.org,(975) 191-0231,2016-07-10,,0,0.0,,ARCHIVE,,valid,Unsubscribe Rule,Pre-2019 last appointment,0,0,DaySmart,DaySmart Only,2026-04-14
DS-200709,,DS-200709,Michael,Clark,hughescolleen@example.org,(737) 927-4907,2011-03-08,,0,0.0,,ARCHIVE,,valid,Unsubscribe Rule,Pre-2019 last appointment,0,0,DaySmart,DaySmart Only,2026-04-14
DS-200713,,DS-200713,Erika,Hogan,dford@example.com,(226) 602-5626,2011-03-28,2017-12-01,2,435.91,Haircut,ARCHIVE,,unknown,Unsubscribe Rule,Pre-2019 last appointment,0,0,DaySmart,DaySmart Only,2026-04-14
DS-200717,,DS-200717,Stephanie,Schultz,jbuchanan@example.com,(953) 259-3993,2013-08-25,2017-10-23,2,368.31,Blowout,ARCHIVE,,valid,Unsubscribe Rule,Pre-2019 last appointment,0,0,DaySmart,DaySmart Only,2026-04-14
DS-200720,,DS-200720,Nancy,Lee,john66@example.net,(044) 324-0061,2012-10-01,2014-01-14,3,490.37,Massage,ARCHIVE,,valid,Pass,Pre-2019 last appointment,0,0,DaySmart,DaySmart Only,2026-04-14
DS-200723,,DS-200723,Kathleen,Mcintosh,edwardmills@example.net,(315) 551-6517,2013-05-05,2013-09-13,2,344.07,Pedicure,ARCHIVE,,catch-all,Pass,Pre-2019 last appointment,0,0,DaySmart,DaySmart Only,2026-04-14
DS-200726,,DS-200726,Michael,Perkins,william26@example.org,(280) 944-8586,2011-05-30,2017-02-10,1,235.15,Blowout,ARCHIVE,,valid,Pass,Pre-2019 last appointment,0,0,DaySmart,DaySmart Only,2026-04-14
DS-200729,,DS-200729,Tammie,Castillo,laura31@example.net,(100) 900-4047,2016-04-25,2017-01-15,6,971.02,Facial,ARCHIVE,,valid,Unsubscribe Rule,Pre-2019 last appointment,0,0,DaySmart,DaySmart Only,2026-04-14
DS-200735,,DS-200735,Chad,Middleton,ihayes@example.net,(205) 829-5829,2017-01-04,2017-09-16,1,30.19,Blowout,ARCHIVE,,valid,Unsubscribe Rule,Pre-2019 last appointment,0,0,DaySmart,DaySmart Only,2026-04-14
DS-200736,,DS-200736,Angela,Barnes,mooneyamy@example.net,(190) 482-3571,2012-05-06,2011-08-05,1,274.69,Facial,ARCHIVE,,do_not_mail,Do Not Mail,Pre-2019 last appointment,0,0,DaySmart,DaySmart Only,2026-04-14
DS-200737,,DS-200737,Kelly,Weiss,barbarabrady@example.net,(137) 230-8172,2017-07-16,2015-06-06,2,178.5,Color Treatment,ARCHIVE,,valid,Pass,Pre-2019 last appointment,0,0,DaySmart,DaySmart Only,2026-04-14
DS-200738,,DS-200738,Elizabeth,Clark,lynnjames@example.org,(041) 321-1471,2013-01-28,2015-04-23,1,225.03,Consultation,ARCHIVE,,catch-all,Pass,Pre-2019 last appointment,0,0,DaySmart,DaySmart Only,2026-04-14
DS-200743,,DS-200743,Renee,Whitehead,lwilliams@example.org,(597) 371-1222,2010-08-11,,0,0.0,,ARCHIVE,,valid,Pass,Pre-2019 last appointment,0,0,DaySmart,DaySmart Only,2026-04-14
DS-200744,,DS-200744,Jacob,Hale,ericksonrachael@example.com,(816) 704-6861,2010-05-17,2012-08-21,1,152.34,Massage,ARCHIVE,,valid,Unsubscribe Rule,Pre-2019 last appointment,0,0,DaySmart,DaySmart Only,2026-04-14
DS-200746,,DS-200746,Eric,Francis,dsmith@example.net,(018) 498-0425,2012-08-12,2017-03-31,5,746.98,Massage,ARCHIVE,,valid,Unsubscribe Rule,Pre-2019 last appointment,0,0,DaySmart,DaySmart Only,2026-04-14
DS-200747,,DS-200747,John,Mendoza,thompsonangela@example.net,(812) 282-1781,2018-10-12,,0,0.0,,ARCHIVE,,valid,Pass,Pre-2019 last appointment,0,0,DaySmart,DaySmart Only,2026-04-14
DS-200753,,DS-200753,Richard,Greer,paigepacheco@example.com,(367) 497-8524,2017-03-01,2010-07-09,1,112.86,Highlights,ARCHIVE,,valid,Unsubscribe Rule,Pre-2019 last appointment,0,0,DaySmart,DaySmart Only,2026-04-14
DS-200756,,DS-200756,George,Weber,justin33@example.org,(999) 485-3208,2012-10-04,2015-01-22,1,238.78,Manicure,ARCHIVE,,valid,Unsubscribe Rule,Pre-2019 last appointment,0,0,DaySmart,DaySmart Only,2026-04-14
DS-200757,,DS-200757,Janet,Weaver,bestchristopher@example.net,(947) 113-6337,2011-03-31,,0,0.0,,ARCHIVE,,valid,Pass,Pre-2019 last appointment,0,0,DaySmart,DaySmart Only,2026-04-14
DS-200758,,DS-200758,Aaron,Lambert,mriley@example.com,(733) 116-7726,2016-12-27,2014-08-16,5,811.95,Highlights,ARCHIVE,,valid,Unsubscribe Rule,Pre-2019 last appointment,0,0,DaySmart,DaySmart Only,2026-04-14
DS-200762,,DS-200762,Sarah,Werner,brandon31@example.net,(219) 804-1847,2015-04-25,2012-05-05,2,287.65,Manicure,ARCHIVE,,valid,Unsubscribe Rule,Pre-2019 last appointment,0,0,DaySmart,DaySmart Only,2026-04-14
DS-200764,,DS-200764,Raymond,Adams,amandamaxwell@example.net,(522) 823-0524,2013-04-23,2011-07-23,1,233.61,Color Treatment,ARCHIVE,,valid,Unsubscribe Rule,Pre-2019 last appointment,0,0,DaySmart,DaySmart Only,2026-04-14
DS-200768,,DS-200768,Riley,Sanders,allenperez@example.com,(476) 775-3726,2011-07-19,2012-03-27,1,289.81,Pedicure,ARCHIVE,,valid,Unsubscribe Rule,Pre-2019 last appointment,0,0,DaySmart,DaySmart Only,2026-04-14
DS-200772,,DS-200772,James,Williams,alexander23@example.com,(936) 268-9430,2013-10-23,2015-06-01,3,770.26,Color Treatment,ARCHIVE,,valid,Pass,Pre-2019 last appointment,0,0,DaySmart,DaySmart Only,2026-04-14
DS-200781,,DS-200781,Shaun,Hernandez,umartinez@example.org,(455) 937-6618,2012-01-22,2017-04-04,5,952.31,Blowout,ARCHIVE,,valid,Unsubscribe Rule,Pre-2019 last appointment,0,0,DaySmart,DaySmart Only,2026-04-14
DS-200782,,DS-200782,Mary,Diaz,elee@example.org,(046) 277-6572,2017-10-30,2016-12-14,1,254.04,Color Treatment,ARCHIVE,,valid,Pass,Pre-2019 last appointment,0,0,DaySmart,DaySmart Only,2026-04-14
DS-200783,,DS-200783,Tina,Walton,adrianlogan@example.com,(617) 520-2389,2013-08-28,2018-12-19,2,466.66,Manicure,ARCHIVE,,valid,Pass,Pre-2019 last appointment,0,0,DaySmart,DaySmart Only,2026-04-14
DS-200785,,DS-200785,Christina,Carrillo,gibsonjennifer@example.net,(487) 045-0691,2013-09-01,2018-09-03,4,750.56,Facial,ARCHIVE,,valid,Unsubscribe Rule,Pre-2019 last appointment,0,0,DaySmart,DaySmart Only,2026-04-14
DS-200790,,DS-200790,Michael,Ramirez,kellychristopher@example.org,(638) 409-1122,2012-06-22,,0,0.0,,ARCHIVE,,valid,Unsubscribe Rule,Pre-2019 last appointment,0,0,DaySmart,DaySmart Only,2026-04-14
DS-200799,,DS-200799,Kevin,Bartlett,joseph91@example.net,(649) 701-6934,2015-11-06,2018-02-10,1,50.5,Keratin Treatment,ARCHIVE,,valid,Pass,Pre-2019 last appointment,0,0,DaySmart,DaySmart Only,2026-04-14
DS-200800,,DS-200800,Tracy,Wright,halljohn@example.org,(162) 341-9031,2012-04-16,2017-12-03,3,651.21,Pedicure,ARCHIVE,,valid,Pass,Pre-2019 last appointment,0,0,DaySmart,DaySmart Only,2026-04-14
DS-200806,,DS-200806,Michael,Nelson,courtneysantiago@example.net,(995) 167-9335,2014-06-05,2015-10-21,3,616.91,Keratin Treatment,ARCHIVE,,valid,Unsubscribe Rule,Pre-2019 last appointment,0,0,DaySmart,DaySmart Only,2026-04-14
DS-200807,,DS-200807,Gavin,Perez,norrisdakota@example.org,(360) 376-8118,2011-05-25,2018-04-13,7,783.72,Haircut,ARCHIVE,,valid,Unsubscribe Rule,Pre-2019 last appointment,0,0,DaySmart,DaySmart Only,2026-04-14
DS-200808,,DS-200808,Brent,Scott,rmartinez@example.net,(973) 153-9114,2017-02-13,2017-12-25,3,432.42,Haircut,ARCHIVE,,valid,Pass,Pre-2019 last appointment,0,0,DaySmart,DaySmart Only,2026-04-14
DS-200809,,DS-200809,Amanda,Barker,dianedominguez@example.org,(736) 511-8939,2011-08-29,2018-09-14,4,924.41,Manicure,ARCHIVE,,valid,Pass,Pre-2019 last appointment,0,0,DaySmart,DaySmart Only,2026-04-14
DS-200810,,DS-200810,Jesse,Dominguez,rodgerstina@example.net,(043) 223-0233,2017-03-24,2013-08-13,1,95.38,Highlights,ARCHIVE,,valid,Pass,Pre-2019 last appointment,0,0,DaySmart,DaySmart Only,2026-04-14
DS-200818,,DS-200818,Karen,Henry,hernandezmadison@example.com,(890) 567-0867,2013-11-06,2018-04-26,1,280.74,Facial,ARCHIVE,,valid,Unsubscribe Rule,Pre-2019 last appointment,0,0,DaySmart,DaySmart Only,2026-04-14
DS-200823,,DS-200823,Elizabeth,Evans,sanchezrobert@example.net,(258) 631-4417,2015-03-28,2014-10-13,2,313.3,Keratin Treatment,ARCHIVE,,valid,Pass,Pre-2019 last appointment,0,0,DaySmart,DaySmart Only,2026-04-14
DS-200824,,DS-200824,Mrs.,Heather Christensen,michelle02@example.com,(355) 824-3017,2017-05-26,2012-12-23,2,287.12,Facial,ARCHIVE,,valid,Unsubscribe Rule,Pre-2019 last appointment,0,0,DaySmart,DaySmart Only,2026-04-14
DS-200825,,DS-200825,Kenneth,Briggs,ingramjessica@example.com,(388) 824-5279,2017-06-20,2016-03-10,2,292.56,Facial,ARCHIVE,,catch-all,Unsubscribe Rule,Pre-2019 last appointment,0,0,DaySmart,DaySmart Only,2026-04-14
DS-200826,,DS-200826,Michael,Brown,john33@example.com,(384) 951-6321,2018-08-05,2018-02-26,3,492.66,Facial,ARCHIVE,,valid,Pass,Pre-2019 last appointment,0,0,DaySmart,DaySmart Only,2026-04-14
DS-200828,,DS-200828,Lisa,Wagner,victoria17@example.net,(688) 002-3009,2016-06-21,2014-03-17,2,421.71,Consultation,ARCHIVE,,valid,Unsubscribe Rule,Pre-2019 last appointment,0,0,DaySmart,DaySmart Only,2026-04-14
DS-200829,,DS-200829,Kyle,Glass,haleycook@example.net,(744) 916-0936,2018-12-07,,0,0.0,,ARCHIVE,,valid,Unsubscribe Rule,Pre-2019 last appointment,0,0,DaySmart,DaySmart Only,2026-04-14
DS-200830,,DS-200830,Eric,Jones,pittsdanielle@example.net,(418) 433-6875,2013-04-30,2018-06-30,3,848.4,Color Treatment,ARCHIVE,,valid,Unsubscribe Rule,Pre-2019 last appointment,0,0,DaySmart,DaySmart Only,2026-04-14
DS-200834,,DS-200834,Catherine,Armstrong,fsims@example.com,(829) 384-4013,2014-06-01,2018-01-03,1,31.18,Highlights,ARCHIVE,,valid,Unsubscribe Rule,Pre-2019 last appointment,0,0,DaySmart,DaySmart Only,2026-04-14
DS-200836,,DS-200836,Dylan,Andrews,espinozashawn@example.com,(926) 999-6996,2016-06-15,2014-05-06,2,568.96,Consultation,ARCHIVE,,valid,Pass,Pre-2019 last appointment,0,0,DaySmart,DaySmart Only,2026-04-14
DS-200851,,DS-200851,Nicholas,Obrien II,odelacruz@example.net,(318) 285-6053,2011-08-23,2015-10-19,3,412.18,Blowout,ARCHIVE,,valid,Unsubscribe Rule,Pre-2019 last appointment,0,0,DaySmart,DaySmart Only,2026-04-14
DS-200852,,DS-200852,Michael,Stephens DDS,hbecker@example.com,(706) 736-8205,2011-05-21,2011-03-05,2,426.3,Facial,ARCHIVE,,valid,Unsubscribe Rule,Pre-2019 last appointment,0,0,DaySmart,DaySmart Only,2026-04-14
DS-200855,,DS-200855,Steven,Johnson,lauren93@example.net,(869) 484-2495,2017-08-09,2018-04-25,2,367.54,Blowout,ARCHIVE,,valid,Unsubscribe Rule,Pre-2019 last appointment,0,0,DaySmart,DaySmart Only,2026-04-14
DS-200857,,DS-200857,Luis,Hill,stuartbryan@example.net,(779) 876-8299,2011-01-19,2018-10-14,4,402.42,Manicure,ARCHIVE,,valid,Unsubscribe Rule,Pre-2019 last appointment,0,0,DaySmart,DaySmart Only,2026-04-14
DS-200862,,DS-200862,Kathy,Castro MD,anthony78@example.com,(685) 095-7443,2017-03-18,2018-06-30,3,533.39,Blowout,ARCHIVE,,unknown,Unsubscribe Rule,Pre-2019 last appointment,0,0,DaySmart,DaySmart Only,2026-04-14
DS-200868,,DS-200868,Cassandra,Anderson,poncelisa@example.com,(502) 000-2453,2018-10-02,2016-02-11,2,479.23,Color Treatment,ARCHIVE,,valid,Pass,Pre-2019 last appointment,0,0,DaySmart,DaySmart Only,2026-04-14
DS-200871,,DS-200871,Tamara,Roberts,foxlinda@example.org,(812) 312-3920,2017-11-11,2016-05-18,1,133.52,Haircut,ARCHIVE,,valid,Pass,Pre-2019 last appointment,0,0,DaySmart,DaySmart Only,2026-04-14
DS-200872,,DS-200872,Stacey,Stone,kbaker@example.org,(875) 082-7681,2016-08-18,2014-12-08,2,347.51,Facial,ARCHIVE,,valid,Pass,Pre-2019 last appointment,0,0,DaySmart,DaySmart Only,2026-04-14
DS-200877,,DS-200877,Robert,Hampton,whitesean@example.net,(702) 927-1205,2014-01-20,2017-06-30,4,404.49,Manicure,ARCHIVE,,valid,Pass,Pre-2019 last appointment,0,0,DaySmart,DaySmart Only,2026-04-14
DS-200878,,DS-200878,Kathleen,Rodriguez,uzimmerman@example.org,(988) 322-0125,2011-05-08,2018-12-15,2,235.7,Haircut,ARCHIVE,,valid,Unsubscribe Rule,Pre-2019 last appointment,0,0,DaySmart,DaySmart Only,2026-04-14
DS-200883,,DS-200883,Nichole,Davis,reyesdan@example.org,(019) 072-5873,2018-11-13,,0,0.0,,ARCHIVE,,catch-all,Pass,Pre-2019 last appointment,0,0,DaySmart,DaySmart Only,2026-04-14
DS-200886,,DS-200886,Bethany,Neal,xcolon@example.org,(371) 243-6585,2017-01-07,2017-12-11,3,497.11,Haircut,ARCHIVE,,valid,Unsubscribe Rule,Pre-2019 last appointment,0,0,DaySmart,DaySmart Only,2026-04-14
DS-200898,,DS-200898,Brett,Robinson,stephanie77@example.net,(433) 256-2389,2018-11-06,2018-01-02,2,132.47,Massage,ARCHIVE,,valid,Pass,Pre-2019 last appointment,0,0,DaySmart,DaySmart Only,2026-04-14
DS-200903,,DS-200903,Angela,Moore,lcraig@example.com,(296) 882-7697,2010-08-17,2016-05-23,5,709.14,Haircut,ARCHIVE,,valid,Pass,Pre-2019 last appointment,0,0,DaySmart,DaySmart Only,2026-04-14
DS-200906,,DS-200906,Jeremy,Hernandez,curtis22@example.com,(936) 488-2089,2014-12-24,2012-05-28,1,141.76,Manicure,ARCHIVE,,valid,Pass,Pre-2019 last appointment,0,0,DaySmart,DaySmart Only,2026-04-14
DS-200908,,DS-200908,Ronald,Willis,michaelcampos@example.net,(236) 133-7605,2015-11-07,,0,0.0,,ARCHIVE,,valid,Pass,Pre-2019 last appointment,0,0,DaySmart,DaySmart Only,2026-04-14
DS-200909,,DS-200909,Jorge,Morales,kentmichael@example.com,(472) 419-1650,2016-10-14,,0,0.0,,ARCHIVE,,valid,Unsubscribe Rule,Pre-2019 last appointment,0,0,DaySmart,DaySmart Only,2026-04-14
DS-200912,,DS-200912,William,Foster,gcollins@example.com,(941) 559-4501,2016-05-02,2018-05-23,5,665.69,Pedicure,ARCHIVE,,valid,Pass,Pre-2019 last appointment,0,0,DaySmart,DaySmart Only,2026-04-14
DS-200920,,DS-200920,Heather,Galvan,galvanjoshua@example.org,(642) 612-1203,2011-05-23,,0,0.0,,ARCHIVE,,valid,Unsubscribe Rule,Pre-2019 last appointment,0,0,DaySmart,DaySmart Only,2026-04-14
DS-200922,,DS-200922,Sherry,Cox,brandon64@example.com,(547) 523-1123,2017-11-06,2016-08-22,3,476.74,Highlights,ARCHIVE,,unknown,Pass,Pre-2019 last appointment,0,0,DaySmart,DaySmart Only,2026-04-14
DS-200924,,DS-200924,Christopher,Jones,agomez@example.net,(801) 963-0453,2014-06-14,2018-09-01,4,631.85,Color Treatment,ARCHIVE,,valid,Pass,Pre-2019 last appointment,0,0,DaySmart,DaySmart Only,2026-04-14
DS-200925,,DS-200925,Nathan,Shaw,josephenglish@example.com,(340) 018-1677,2011-04-14,,0,0.0,,ARCHIVE,,catch-all,Unsubscribe Rule,Pre-2019 last appointment,0,0,DaySmart,DaySmart Only,2026-04-14
DS-200930,,DS-200930,Mr.,Robert Acevedo MD,zacharyrobertson@example.org,(983) 221-0102,2016-09-11,2017-03-23,3,609.63,Haircut,ARCHIVE,,valid,Pass,Pre-2019 last appointment,0,0,DaySmart,DaySmart Only,2026-04-14
DS-200931,,DS-200931,Jasmin,Hamilton,williamsanthony@example.net,(987) 610-8143,2011-08-28,2017-01-14,2,316.56,Haircut,ARCHIVE,,unknown,Unsubscribe Rule,Pre-2019 last appointment,0,0,DaySmart,DaySmart Only,2026-04-14
DS-200934,,DS-200934,Jean,Adams,smithdeborah@example.com,(411) 340-7851,2014-08-23,2015-08-16,2,369.82,Blowout,ARCHIVE,,catch-all,Pass,Pre-2019 last appointment,0,0,DaySmart,DaySmart Only,2026-04-14
DS-200941,,DS-200941,Ronald,Page,hurleybrandon@example.net,(635) 640-7232,2014-05-19,,0,0.0,,ARCHIVE,,valid,Pass,Pre-2019 last appointment,0,0,DaySmart,DaySmart Only,2026-04-14
DS-200949,,DS-200949,Jeremy,Wallace,janet65@example.com,(955) 156-2392,2011-05-14,,0,0.0,,ARCHIVE,,valid,Pass,Pre-2019 last appointment,0,0,DaySmart,DaySmart Only,2026-04-14
DS-200958,,DS-200958,William,Edwards Jr.,gwhite@example.com,(842) 902-9233,2013-07-25,2017-06-04,1,54.76,Color Treatment,ARCHIVE,,valid,Pass,Pre-2019 last appointment,0,0,DaySmart,DaySmart Only,2026-04-14
DS-200961,,DS-200961,Anthony,Ashley,robertbrock@example.org,(027) 558-2147,2014-08-28,2015-07-20,2,318.9,Highlights,ARCHIVE,,valid,Unsubscribe Rule,Pre-2019 last appointment,0,0,DaySmart,DaySmart Only,2026-04-14
DS-200964,,DS-200964,Michael,James,fletcherkaren@example.com,(378) 931-8692,2012-11-29,2017-08-22,5,783.17,Highlights,ARCHIVE,,valid,Unsubscribe Rule,Pre-2019 last appointment,0,0,DaySmart,DaySmart Only,2026-04-14
DS-200982,,DS-200982,Jennifer,Peterson,jeffreywallace@example.com,(296) 656-3370,2017-05-24,2016-06-04,2,535.98,Facial,ARCHIVE,,valid,Unsubscribe Rule,Pre-2019 last appointment,0,0,DaySmart,DaySmart Only,2026-04-14
DS-200983,,DS-200983,Phillip,Graves,lisarandolph@example.org,(055) 800-0272,2012-03-04,,0,0.0,,ARCHIVE,,valid,Unsubscribe Rule,Pre-2019 last appointment,0,0,DaySmart,DaySmart Only,2026-04-14
DS-200985,,DS-200985,Kelly,Myers,burkejacob@example.net,(735) 259-5332,2016-05-10,2018-04-15,6,1069.42,Blowout,ARCHIVE,,valid,Unsubscribe Rule,Pre-2019 last appointment,0,0,DaySmart,DaySmart Only,2026-04-14
DS-200989,,DS-200989,Michael,Hernandez,samantharomero@example.net,(194) 425-8922,2013-04-06,2018-05-11,3,396.82,Keratin Treatment,ARCHIVE,,unknown,Unsubscribe Rule,Pre-2019 last appointment,0,0,DaySmart,DaySmart Only,2026-04-14
DS-200990,,DS-200990,Roberto,Williamson,jason06@example.org,(731) 180-4674,2011-02-06,2017-09-17,3,612.1,Consultation,ARCHIVE,,valid,Pass,Pre-2019 last appointment,0,0,DaySmart,DaySmart Only,2026-04-14
DS-200991,,DS-200991,Scott,Dodson,delgadomario@example.org,(136) 260-8463,2012-10-21,2017-08-23,5,866.04,Color Treatment,ARCHIVE,,catch-all,Pass,Pre-2019 last appointment,0,0,DaySmart,DaySmart Only,2026-04-14
DS-200997,,DS-200997,Catherine,Martinez,moorebrenda@example.com,(057) 644-9747,2015-07-22,2011-06-23,1,77.43,Keratin Treatment,ARCHIVE,,valid,Unsubscribe Rule,Pre-2019 last appointment,0,0,DaySmart,DaySmart Only,2026-04-14
DS-200998,,DS-200998,Julie,Torres,tcrawford@example.net,(797) 416-3656,2011-04-15,,0,0.0,,ARCHIVE,,valid,Pass,Pre-2019 last appointment,0,0,DaySmart,DaySmart Only,2026-04-14
DS-201000,,DS-201000,Jamie,Morris,nealbrittney@example.net,(025) 512-8276,2017-05-19,2010-06-29,1,197.73,Consultation,ARCHIVE,,catch-all,Pass,Pre-2019 last appointment,0,0,DaySmart,DaySmart Only,2026-04-14
DS-201001,,DS-201001,Erik,Roberts,cheryl54@example.com,(634) 544-3441,2016-02-18,2018-09-26,3,405.93,Massage,ARCHIVE,,valid,Unsubscribe Rule,Pre-2019 last appointment,0,0,DaySmart,DaySmart Only,2026-04-14
DS-201005,,DS-201005,Adam,Turner,ycharles@example.org,(293) 900-2512,2013-12-12,2017-07-01,2,390.15,Facial,ARCHIVE,,valid,Unsubscribe Rule,Pre-2019 last appointment,0,0,DaySmart,DaySmart Only,2026-04-14
DS-201006,,DS-201006,James,Kelly,llee@example.com,(708) 619-9314,2017-03-27,,0,0.0,,ARCHIVE,,valid,Pass,Pre-2019 last appointment,0,0,DaySmart,DaySmart Only,2026-04-14
DS-201008,,DS-201008,Matthew,Smith,elizabethklein@example.com,(868) 008-5294,2015-08-08,2016-09-03,1,110.14,Color Treatment,ARCHIVE,,valid,Unsubscribe Rule,Pre-2019 last appointment,0,0,DaySmart,DaySmart Only,2026-04-14
DS-201009,,DS-201009,Martha,Lucas,skim@example.org,(743) 043-5023,2010-09-11,2016-06-08,2,269.52,Pedicure,ARCHIVE,,valid,Pass,Pre-2019 last appointment,0,0,DaySmart,DaySmart Only,2026-04-14
DS-201012,,DS-201012,Paul,Thompson,jason12@example.org,(984) 723-0342,2010-01-22,,0,0.0,,ARCHIVE,,valid,Unsubscribe Rule,Pre-2019 last appointment,0,0,DaySmart,DaySmart Only,2026-04-14
DS-201013,,DS-201013,Rebecca,Pacheco,davisjennifer@example.org,(240) 507-6487,2016-05-25,,0,0.0,,ARCHIVE,,valid,Unsubscribe Rule,Pre-2019 last appointment,0,0,DaySmart,DaySmart Only,2026-04-14
DS-201017,,DS-201017,Kevin,Harvey,heather29@example.com,(171) 222-7643,2010-05-13,2018-12-16,4,400.8,Massage,ARCHIVE,,catch-all,Pass,Pre-2019 last appointment,0,0,DaySmart,DaySmart Only,2026-04-14
DS-201018,,DS-201018,Dylan,Thomas,rthompson@example.com,(496) 330-8334,2013-09-12,2012-01-26,3,609.5,Blowout,ARCHIVE,,valid,Unsubscribe Rule,Pre-2019 last appointment,0,0,DaySmart,DaySmart Only,2026-04-14
DS-201019,,DS-201019,Jonathan,Stone,alexander70@example.org,(059) 685-1953,2016-09-16,,0,0.0,,ARCHIVE,,unknown,Pass,Pre-2019 last appointment,0,0,DaySmart,DaySmart Only,2026-04-14
DS-201021,,DS-201021,Stephen,Bailey,thomascassandra@example.org,(592) 294-1156,2010-03-16,2018-08-04,2,364.5,Pedicure,ARCHIVE,,valid,Pass,Pre-2019 last appointment,0,0,DaySmart,DaySmart Only,2026-04-14
DS-201027,,DS-201027,David,Robinson,campbelltodd@example.net,(911) 797-2699,2017-11-29,,0,0.0,,ARCHIVE,,valid,Unsubscribe Rule,Pre-2019 last appointment,0,0,DaySmart,DaySmart Only,2026-04-14
DS-201032,,DS-201032,Darius,Lynch,nunezmelinda@example.net,(352) 791-8750,2016-12-20,2015-01-03,3,400.08,Manicure,ARCHIVE,,valid,Unsubscribe Rule,Pre-2019 last appointment,0,0,DaySmart,DaySmart Only,2026-04-14
DS-201038,,DS-201038,Christine,Quinn,osbornkelly@example.net,(804) 450-9286,2017-05-10,,0,0.0,,ARCHIVE,,valid,Unsubscribe Rule,Pre-2019 last appointment,0,0,DaySmart,DaySmart Only,2026-04-14
DS-201042,,DS-201042,Veronica,Ortega,ryan90@example.net,(701) 872-6001,2014-03-15,2017-05-12,4,766.73,Massage,ARCHIVE,,valid,Pass,Pre-2019 last appointment,0,0,DaySmart,DaySmart Only,2026-04-14
DS-201044,,DS-201044,Beth,Morris,cheryl67@example.org,(562) 221-9053,2010-05-14,2016-02-18,5,759.21,Pedicure,ARCHIVE,,valid,Pass,Pre-2019 last appointment,0,0,DaySmart,DaySmart Only,2026-04-14
DS-201045,,DS-201045,Allen,Porter,tlester@example.net,(455) 939-6521,2016-10-22,2017-10-04,2,573.43,Highlights,ARCHIVE,,catch-all,Pass,Pre-2019 last appointment,0,0,DaySmart,DaySmart Only,2026-04-14
DS-201053,,DS-201053,Brandon,Mendoza,lmahoney@example.com,(914) 336-2999,2015-09-18,2018-06-08,1,26.69,Consultation,ARCHIVE,,valid,Unsubscribe Rule,Pre-2019 last appointment,0,0,DaySmart,DaySmart Only,2026-04-14
DS-201057,,DS-201057,Sally,Evans,daniellesolomon@example.com,(170) 598-4451,2011-08-01,2014-12-03,1,21.56,Facial,ARCHIVE,,valid,Pass,Pre-2019 last appointment,0,0,DaySmart,DaySmart Only,2026-04-14
DS-201059,,DS-201059,Denise,Hendricks,clayandrew@example.net,(921) 779-0552,2018-01-12,2011-04-25,2,146.14,Highlights,ARCHIVE,,valid,Unsubscribe Rule,Pre-2019 last appointment,0,0,DaySmart,DaySmart Only,2026-04-14
DS-201061,,DS-201061,Kim,Farrell,pparker@example.com,(513) 609-0858,2010-06-07,2017-01-12,3,243.93,Haircut,ARCHIVE,,valid,Pass,Pre-2019 last appointment,0,0,DaySmart,DaySmart Only,2026-04-14
DS-201065,,DS-201065,Jamie,Smith,kennethboyd@example.com,(441) 610-1975,2015-07-01,2018-07-25,5,762.54,Manicure,ARCHIVE,,valid,Pass,Pre-2019 last appointment,0,0,DaySmart,DaySmart Only,2026-04-14
DS-201073,,DS-201073,Annette,Walters,douglashill@example.com,(098) 726-4963,2015-11-27,,0,0.0,,ARCHIVE,,valid,Pass,Pre-2019 last appointment,0,0,DaySmart,DaySmart Only,2026-04-14
DS-201074,,DS-201074,Rebecca,Lopez,bakerpamela@example.net,(326) 118-9003,2012-10-09,2017-12-30,1,240.65,Haircut,ARCHIVE,,valid,Pass,Pre-2019 last appointment,0,0,DaySmart,DaySmart Only,2026-04-14
DS-201076,,DS-201076,Amanda,Morgan,bjacobs@example.org,(173) 259-0073,2018-10-20,2014-11-28,1,210.96,Keratin Treatment,ARCHIVE,,valid,Unsubscribe Rule,Pre-2019 last appointment,0,0,DaySmart,DaySmart Only,2026-04-14
DS-201081,,DS-201081,Brandi,Gould,breanna51@example.com,(021) 191-5891,2011-09-09,2017-08-02,2,162.75,Pedicure,ARCHIVE,,valid,Unsubscribe Rule,Pre-2019 last appointment,0,0,DaySmart,DaySmart Only,2026-04-14
DS-201083,,DS-201083,Jessica,Sandoval,daviladaniel@example.org,(749) 921-6400,2014-03-19,2018-06-23,3,577.01,Highlights,ARCHIVE,,valid,Unsubscribe Rule,Pre-2019 last appointment,0,0,DaySmart,DaySmart Only,2026-04-14
DS-201093,,DS-201093,Manuel,Riddle,andrearivera@example.net,(161) 255-9046,2010-08-02,,0,0.0,,ARCHIVE,,do_not_mail,Do Not Mail,Pre-2019 last appointment,0,0,DaySmart,DaySmart Only,2026-04-14
DS-201095,,DS-201095,Calvin,Pena,stacey50@example.com,(665) 344-6042,2017-12-23,2014-12-27,2,377.37,Massage,ARCHIVE,,valid,Pass,Pre-2019 last appointment,0,0,DaySmart,DaySmart Only,2026-04-14
DS-201096,,DS-201096,Mark,Reyes,rodriguezchristopher@example.org,(057) 347-2435,2017-04-24,,0,0.0,,ARCHIVE,,valid,Pass,Pre-2019 last appointment,0,0,DaySmart,DaySmart Only,2026-04-14
DS-201099,,DS-201099,Jordan,Mason,jholder@example.org,(354) 340-4668,2017-11-24,,0,0.0,,ARCHIVE,,valid,Unsubscribe Rule,Pre-2019 last appointment,0,0,DaySmart,DaySmart Only,2026-04-14
DS-201102,,DS-201102,Rose,Kaiser,christopherochoa@example.com,(434) 123-0160,2013-07-20,2016-10-02,4,677.04,Blowout,ARCHIVE,,valid,Unsubscribe Rule,Pre-2019 last appointment,0,0,DaySmart,DaySmart Only,2026-04-14
DS-201103,,DS-201103,Tracy,Crawford,reevesdarlene@example.net,(600) 320-3197,2010-09-24,2017-04-18,1,121.69,Manicure,ARCHIVE,,valid,Unsubscribe Rule,Pre-2019 last appointment,0,0,DaySmart,DaySmart Only,2026-04-14
DS-201105,,DS-201105,Timothy,Hodges,gabriela90@example.net,(841) 947-8550,2010-12-19,2016-01-23,3,302.06,Blowout,ARCHIVE,,valid,Unsubscribe Rule,Pre-2019 last appointment,0,0,DaySmart,DaySmart Only,2026-04-14
DS-201111,,DS-201111,Mariah,Wang,julianlewis@example.net,(198) 392-4848,2012-11-23,2018-12-19,2,360.62,Consultation,ARCHIVE,,valid,Unsubscribe Rule,Pre-2019 last appointment,0,0,DaySmart,DaySmart Only,2026-04-14
DS-201114,,DS-201114,Barbara,Kennedy,manuel12@example.net,(177) 512-3959,2015-02-13,2013-09-12,1,71.84,Massage,ARCHIVE,,valid,Unsubscribe Rule,Pre-2019 last appointment,0,0,DaySmart,DaySmart Only,2026-04-14
DS-201117,,DS-201117,Elizabeth,Jones,wesley57@example.net,(260) 292-5468,2011-08-03,2013-08-04,1,200.52,Keratin Treatment,ARCHIVE,,valid,Pass,Pre-2019 last appointment,0,0,DaySmart,DaySmart Only,2026-04-14
DS-201122,,DS-201122,Nicole,Anderson,henrymccarthy@example.org,(271) 117-5769,2016-11-05,2017-09-26,3,412.18,Haircut,ARCHIVE,,valid,Unsubscribe Rule,Pre-2019 last appointment,0,0,DaySmart,DaySmart Only,2026-04-14
DS-201124,,DS-201124,Christopher,Gutierrez,davistiffany@example.com,(264) 710-6801,2014-09-24,2016-10-01,4,484.73,Massage,ARCHIVE,,unknown,Pass,Pre-2019 last appointment,0,0,DaySmart,DaySmart Only,2026-04-14
DS-201125,,DS-201125,Renee,Miller,seanosborne@example.com,(004) 933-2672,2010-02-20,2016-02-26,4,474.51,Massage,ARCHIVE,,valid,Unsubscribe Rule,Pre-2019 last appointment,0,0,DaySmart,DaySmart Only,2026-04-14
DS-201129,,DS-201129,Kathy,Payne,lisa67@example.com,(602) 080-1929,2015-03-01,2016-05-30,1,256.9,Facial,ARCHIVE,,valid,Pass,Pre-2019 last appointment,0,0,DaySmart,DaySmart Only,2026-04-14
DS-201138,,DS-201138,Brandon,Gardner,courtney58@example.org,(920) 487-7067,2010-02-21,,0,0.0,,ARCHIVE,,valid,Pass,Pre-2019 last appointment,0,0,DaySmart,DaySmart Only,2026-04-14
DS-201139,,DS-201139,David,Jackson,wgomez@example.net,(025) 784-6408,2017-07-19,2014-08-05,4,625.94,Keratin Treatment,ARCHIVE,,unknown,Pass,Pre-2019 last appointment,0,0,DaySmart,DaySmart Only,2026-04-14
DS-201140,,DS-201140,Kerry,Gallegos,teresaflores@example.com,(726) 208-4672,2015-12-10,2015-10-11,1,179.33,Manicure,ARCHIVE,,valid,Pass,Pre-2019 last appointment,0,0,DaySmart,DaySmart Only,2026-04-14
DS-201151,,DS-201151,Michael,Brown,krauseaaron@example.com,(385) 574-2164,2018-01-11,2018-02-14,4,620.71,Haircut,ARCHIVE,,valid,Unsubscribe Rule,Pre-2019 last appointment,0,0,DaySmart,DaySmart Only,2026-04-14
DS-201152,,DS-201152,Amanda,Norman,qferguson@example.net,(604) 761-4378,2015-09-27,2016-09-05,1,157.91,Consultation,ARCHIVE,,valid,Pass,Pre-2019 last appointment,0,0,DaySmart,DaySmart Only,2026-04-14
DS-201156,,DS-201156,Barbara,Fitzpatrick,jessicafisher@example.com,(941) 908-7886,2011-10-11,2013-07-26,2,168.3,Facial,ARCHIVE,,valid,Pass,Pre-2019 last appointment,0,0,DaySmart,DaySmart Only,2026-04-14
DS-201158,,DS-201158,Bruce,Gibson,deborah86@example.net,(186) 706-6320,2018-05-12,2015-10-04,3,212.42,Manicure,ARCHIVE,,valid,Unsubscribe Rule,Pre-2019 last appointment,0,0,DaySmart,DaySmart Only,2026-04-14
DS-201166,,DS-201166,Karl,May,fwelch@example.org,(680) 691-9612,2014-12-19,,0,0.0,,ARCHIVE,,valid,Unsubscribe Rule,Pre-2019 last appointment,0,0,DaySmart,DaySmart Only,2026-04-14
DS-201168,,DS-201168,Miss,Sheri Yoder MD,fitzgeraldkenneth@example.net,(242) 536-9091,2012-01-17,,0,0.0,,ARCHIVE,,valid,Unsubscribe Rule,Pre-2019 last appointment,0,0,DaySmart,DaySmart Only,2026-04-14
DS-201171,,DS-201171,Mr.,Donald Joseph MD,susanhall@example.org,(667) 998-6491,2018-10-24,2012-03-10,2,193.86,Color Treatment,ARCHIVE,,catch-all,Unsubscribe Rule,Pre-2019 last appointment,0,0,DaySmart,DaySmart Only,2026-04-14
DS-201186,,DS-201186,Cynthia,Watson,rcohen@example.net,(078) 802-6529,2013-08-30,2018-05-25,5,590.42,Haircut,ARCHIVE,,valid,Unsubscribe Rule,Pre-2019 last appointment,0,0,DaySmart,DaySmart Only,2026-04-14
DS-201189,,DS-201189,Jamie,Davis,angela80@example.com,(263) 211-9604,2014-03-17,2018-04-24,3,331.5,Highlights,ARCHIVE,,valid,Pass,Pre-2019 last appointment,0,0,DaySmart,DaySmart Only,2026-04-14
DS-201191,,DS-201191,Monica,Ray,fwalter@example.com,(626) 235-9605,2014-01-07,2011-08-10,1,278.96,Manicure,ARCHIVE,,valid,Unsubscribe Rule,Pre-2019 last appointment,0,0,DaySmart,DaySmart Only,2026-04-14
DS-201193,,DS-201193,Carl,Schmidt,hollandroy@example.org,(989) 103-9091,2014-11-14,2017-08-05,5,1059.26,Manicure,ARCHIVE,,valid,Unsubscribe Rule,Pre-2019 last appointment,0,0,DaySmart,DaySmart Only,2026-04-14
DS-201196,,DS-201196,Justin,Mccoy,higginscaitlin@example.com,(583) 445-6622,2018-04-28,2013-01-04,1,227.43,Color Treatment,ARCHIVE,,valid,Unsubscribe Rule,Pre-2019 last appointment,0,0,DaySmart,DaySmart Only,2026-04-14
DS-201211,,DS-201211,Michael,Stanley,madisonhampton@example.com,(432) 239-4612,2016-11-02,2013-10-27,1,247.58,Pedicure,ARCHIVE,,valid,Unsubscribe Rule,Pre-2019 last appointment,0,0,DaySmart,DaySmart Only,2026-04-14
DS-201212,,DS-201212,Kimberly,Curtis,riverakeith@example.com,(340) 012-7622,2014-09-22,2014-12-04,2,314.19,Facial,ARCHIVE,,valid,Pass,Pre-2019 last appointment,0,0,DaySmart,DaySmart Only,2026-04-14
DS-201215,,DS-201215,Michael,Robertson,khanson@example.com,(383) 097-2361,2016-07-27,,0,0.0,,ARCHIVE,,valid,Pass,Pre-2019 last appointment,0,0,DaySmart,DaySmart Only,2026-04-14
DS-201217,,DS-201217,Vincent,Scott,ahill@example.org,(687) 586-8240,2018-06-17,2012-03-14,1,198.44,Pedicure,ARCHIVE,,valid,Unsubscribe Rule,Pre-2019 last appointment,0,0,DaySmart,DaySmart Only,2026-04-14
DS-201220,,DS-201220,Logan,Nichols,birdkimberly@example.com,(134) 909-6197,2013-12-31,,0,0.0,,ARCHIVE,,valid,Unsubscribe Rule,Pre-2019 last appointment,0,0,DaySmart,DaySmart Only,2026-04-14
DS-201221,,DS-201221,Sherry,Taylor,matthew28@example.com,(135) 694-8045,2017-12-12,2018-11-22,2,424.39,Blowout,ARCHIVE,,valid,Pass,Pre-2019 last appointment,0,0,DaySmart,DaySmart Only,2026-04-14
DS-201223,,DS-201223,Shane,Gates,taragomez@example.net,(925) 849-0734,2013-11-23,2017-04-01,1,56.3,Facial,ARCHIVE,,unknown,Pass,Pre-2019 last appointment,0,0,DaySmart,DaySmart Only,2026-04-14
DS-201225,,DS-201225,Rachel,Meyer,zhorton@example.com,(196) 233-2605,2013-11-10,2010-06-21,1,289.46,Facial,ARCHIVE,,valid,Unsubscribe Rule,Pre-2019 last appointment,0,0,DaySmart,DaySmart Only,2026-04-14
DS-201227,,DS-201227,Jonathan,Phillips,oliviamorrow@example.com,(946) 989-0623,2011-02-19,2013-09-16,2,493.84,Blowout,ARCHIVE,,valid,Pass,Pre-2019 last appointment,0,0,DaySmart,DaySmart Only,2026-04-14
DS-201228,,DS-201228,Jerry,Shaw,hoopernicole@example.org,(790) 065-4870,2015-06-12,2013-01-18,1,41.43,Massage,ARCHIVE,,valid,Pass,Pre-2019 last appointment,0,0,DaySmart,DaySmart Only,2026-04-14
DS-201231,,DS-201231,Jennifer,Hernandez,lmaldonado@example.org,(905) 188-1298,2018-04-04,2014-12-02,2,183.31,Haircut,ARCHIVE,,valid,Pass,Pre-2019 last appointment,0,0,DaySmart,DaySmart Only,2026-04-14
DS-201236,,DS-201236,Meredith,Goodwin,tiffanymcguire@example.org,(368) 715-6891,2018-10-18,2017-02-04,2,361.64,Consultation,ARCHIVE,,valid,Unsubscribe Rule,Pre-2019 last appointment,0,0,DaySmart,DaySmart Only,2026-04-14
DS-201237,,DS-201237,Lisa,Medina,jessebeltran@example.net,(456) 844-6794,2016-03-19,2016-06-22,1,166.86,Highlights,ARCHIVE,,valid,Unsubscribe Rule,Pre-2019 last appointment,0,0,DaySmart,DaySmart Only,2026-04-14
DS-201238,,DS-201238,Molly,Simmons,lisa16@example.org,(295) 737-8315,2011-12-03,2015-05-08,2,259.37,Pedicure,ARCHIVE,,valid,Pass,Pre-2019 last appointment,0,0,DaySmart,DaySmart Only,2026-04-14
DS-201240,,DS-201240,Cristina,Thompson MD,casey54@example.net,(396) 607-3446,2013-06-23,2017-08-14,2,404.01,Manicure,ARCHIVE,,valid,Pass,Pre-2019 last appointment,0,0,DaySmart,DaySmart Only,2026-04-14
DS-201242,,DS-201242,Maria,Bender,perezkathryn@example.com,(760) 948-3774,2012-01-05,2013-05-18,2,374.54,Keratin Treatment,ARCHIVE,,valid,Unsubscribe Rule,Pre-2019 last appointment,0,0,DaySmart,DaySmart Only,2026-04-14
DS-201245,,DS-201245,Amanda,Yoder,jessicastanton@example.net,(367) 590-1779,2010-09-07,2018-08-10,2,324.48,Keratin Treatment,ARCHIVE,,valid,Pass,Pre-2019 last appointment,0,0,DaySmart,DaySmart Only,2026-04-14
DS-201256,,DS-201256,Jaime,Taylor,daviselizabeth@example.net,(011) 348-4339,2015-07-22,2015-12-30,1,93.38,Blowout,ARCHIVE,,valid,Unsubscribe Rule,Pre-2019 last appointment,0,0,DaySmart,DaySmart Only,2026-04-14
DS-201257,,DS-201257,James,Dudley,ericquinn@example.com,(564) 523-4286,2017-05-25,2017-01-15,3,379.07,Consultation,ARCHIVE,,valid,Pass,Pre-2019 last appointment,0,0,DaySmart,DaySmart Only,2026-04-14
DS-201260,,DS-201260,Jennifer,Evans,thomas53@example.org,(695) 247-4665,2011-06-12,2016-07-01,3,714.0,Blowout,ARCHIVE,,valid,Pass,Pre-2019 last appointment,0,0,DaySmart,DaySmart Only,2026-04-14
DS-201264,,DS-201264,John,Martin,hahnjoshua@example.net,(678) 082-6493,2017-06-08,,0,0.0,,ARCHIVE,,valid,Unsubscribe Rule,Pre-2019 last appointment,0,0,DaySmart,DaySmart Only,2026-04-14
DS-201265,,DS-201265,Craig,Tate,usanders@example.net,(429) 264-5633,2013-12-05,,0,0.0,,ARCHIVE,,valid,Pass,Pre-2019 last appointment,0,0,DaySmart,DaySmart Only,2026-04-14
DS-201274,,DS-201274,Thomas,Porter,sandovalnicholas@example.net,(423) 215-4013,2016-05-17,,0,0.0,,ARCHIVE,,valid,Unsubscribe Rule,Pre-2019 last appointment,0,0,DaySmart,DaySmart Only,2026-04-14
DS-201277,,DS-201277,Gregory,Alvarado,xclark@example.net,(422) 717-2662,2013-01-24,2018-05-09,3,465.83,Blowout,ARCHIVE,,valid,Pass,Pre-2019 last appointment,0,0,DaySmart,DaySmart Only,2026-04-14
DS-201282,,DS-201282,Adrienne,Noble,david57@example.net,(097) 830-2801,2011-08-24,2015-08-25,2,212.8,Haircut,ARCHIVE,,valid,Pass,Pre-2019 last appointment,0,0,DaySmart,DaySmart Only,2026-04-14
DS-201283,,DS-201283,Michelle,Rivera,chris52@example.net,(144) 786-7428,2014-01-24,2018-07-21,3,447.28,Blowout,ARCHIVE,,valid,Unsubscribe Rule,Pre-2019 last appointment,0,0,DaySmart,DaySmart Only,2026-04-14
DS-201284,,DS-201284,Lisa,Johnson,katelynjimenez@example.net,(037) 891-2139,2010-10-10,,0,0.0,,ARCHIVE,,valid,Unsubscribe Rule,Pre-2019 last appointment,0,0,DaySmart,DaySmart Only,2026-04-14
DS-201285,,DS-201285,Cynthia,Le,floresmartin@example.com,(575) 994-0842,2018-10-27,,0,0.0,,ARCHIVE,,valid,Pass,Pre-2019 last appointment,0,0,DaySmart,DaySmart Only,2026-04-14
DS-201286,,DS-201286,Jessica,Walsh,michael28@example.net,(860) 610-6567,2012-02-26,,0,0.0,,ARCHIVE,,valid,Unsubscribe Rule,Pre-2019 last appointment,0,0,DaySmart,DaySmart Only,2026-04-14
DS-201287,,DS-201287,Andrew,Ross,seandavis@example.org,(681) 498-0253,2013-10-14,,0,0.0,,ARCHIVE,,valid,Pass,Pre-2019 last appointment,0,0,DaySmart,DaySmart Only,2026-04-14
DS-201290,,DS-201290,Jamie,Martin,miguelbrown@example.org,(329) 594-5231,2010-04-05,2018-04-01,4,650.73,Color Treatment,ARCHIVE,,valid,Pass,Pre-2019 last appointment,0,0,DaySmart,DaySmart Only,2026-04-14
DS-201293,,DS-201293,Christopher,Williams,adrian20@example.com,(190) 193-3359,2012-08-12,,0,0.0,,ARCHIVE,,valid,Pass,Pre-2019 last appointment,0,0,DaySmart,DaySmart Only,2026-04-14
DS-201294,,DS-201294,Anthony,Smith,russell62@example.org,(564) 718-5594,2016-10-15,2010-06-14,1,75.81,Keratin Treatment,ARCHIVE,,valid,Pass,Pre-2019 last appointment,0,0,DaySmart,DaySmart Only,2026-04-14
DS-201295,,DS-201295,Brenda,Smith,jessica32@example.net,(316) 778-1456,2012-12-14,2010-02-01,1,165.64,Color Treatment,ARCHIVE,,valid,Pass,Pre-2019 last appointment,0,0,DaySmart,DaySmart Only,2026-04-14
DS-201296,,DS-201296,Richard,Wilson,sierra53@example.net,(911) 776-6650,2018-06-25,,0,0.0,,ARCHIVE,,valid,Pass,Pre-2019 last appointment,0,0,DaySmart,DaySmart Only,2026-04-14
DS-201304,,DS-201304,James,Mcfarland,thomasemily@example.com,(276) 729-3509,2011-10-17,2013-01-16,1,222.96,Keratin Treatment,ARCHIVE,,valid,Unsubscribe Rule,Pre-2019 last appointment,0,0,DaySmart,DaySmart Only,2026-04-14
DS-201310,,DS-201310,Sherri,Greene,hartmitchell@example.com,(490) 132-4951,2018-03-01,2014-05-16,1,232.84,Haircut,ARCHIVE,,valid,Unsubscribe Rule,Pre-2019 last appointment,0,0,DaySmart,DaySmart Only,2026-04-14
DS-201312,,DS-201312,Mark,Brown,nelsoncaleb@example.com,(685) 135-3814,2016-10-13,2013-09-22,2,406.75,Highlights,ARCHIVE,,valid,Unsubscribe Rule,Pre-2019 last appointment,0,0,DaySmart,DaySmart Only,2026-04-14
DS-201313,,DS-201313,Jonathan,Gonzalez,garciarichard@example.com,(647) 177-8401,2014-09-29,2018-11-24,4,749.67,Manicure,ARCHIVE,,valid,Unsubscribe Rule,Pre-2019 last appointment,0,0,DaySmart,DaySmart Only,2026-04-14
DS-201318,,DS-201318,Dawn,Jones,lisa02@example.com,(285) 461-3087,2011-07-28,2014-03-16,1,186.72,Haircut,ARCHIVE,,valid,Unsubscribe Rule,Pre-2019 last appointment,0,0,DaySmart,DaySmart Only,2026-04-14
DS-201320,,DS-201320,Tammy,Gonzalez,smithrebecca@example.org,(102) 423-4473,2012-04-28,2014-07-28,3,418.21,Massage,ARCHIVE,,valid,Pass,Pre-2019 last appointment,0,0,DaySmart,DaySmart Only,2026-04-14
DS-201325,,DS-201325,Susan,Harper,jeffreyroberts@example.net,(357) 192-1496,2012-11-15,,0,0.0,,ARCHIVE,,do_not_mail,Do Not Mail,Pre-2019 last appointment,0,0,DaySmart,DaySmart Only,2026-04-14
DS-201327,,DS-201327,Deborah,Small,vanessajimenez@example.org,(400) 020-8601,2013-05-08,2012-03-14,1,30.79,Pedicure,ARCHIVE,,valid,Unsubscribe Rule,Pre-2019 last appointment,0,0,DaySmart,DaySmart Only,2026-04-14
DS-201329,,DS-201329,Terry,Brown,lawrencealicia@example.net,(931) 878-1048,2016-10-01,2013-02-27,2,383.39,Manicure,ARCHIVE,,valid,Pass,Pre-2019 last appointment,0,0,DaySmart,DaySmart Only,2026-04-14
DS-201332,,DS-201332,Sharon,Davis DVM,emilyharmon@example.org,(967) 397-9842,2013-05-22,2018-04-16,2,280.32,Manicure,ARCHIVE,,valid,Unsubscribe Rule,Pre-2019 last appointment,0,0,DaySmart,DaySmart Only,2026-04-14
DS-201334,,DS-201334,Tina,Ortiz,ryanfox@example.net,(501) 627-6292,2012-06-01,2014-07-23,1,79.34,Pedicure,ARCHIVE,,valid,Unsubscribe Rule,Pre-2019 last appointment,0,0,DaySmart,DaySmart Only,2026-04-14
DS-201335,,DS-201335,Kayla,Hudson,sethsanders@example.com,(522) 898-9074,2016-06-20,2015-05-01,2,357.09,Color Treatment,ARCHIVE,,valid,Unsubscribe Rule,Pre-2019 last appointment,0,0,DaySmart,DaySmart Only,2026-04-14
DS-201338,,DS-201338,Angela,Wilson,alicia00@example.net,(500) 924-4928,2013-11-21,2012-07-09,2,379.33,Facial,ARCHIVE,,valid,Pass,Pre-2019 last appointment,0,0,DaySmart,DaySmart Only,2026-04-14
DS-201339,,DS-201339,Joel,Williams,dawnschroeder@example.net,(301) 125-0186,2015-07-19,2017-07-01,2,307.34,Highlights,ARCHIVE,,valid,Unsubscribe Rule,Pre-2019 last appointment,0,0,DaySmart,DaySmart Only,2026-04-14
DS-201345,,DS-201345,Colleen,Calderon,kevin69@example.net,(580) 504-5050,2012-09-17,2014-10-14,3,689.13,Massage,ARCHIVE,,unknown,Pass,Pre-2019 last appointment,0,0,DaySmart,DaySmart Only,2026-04-14
DS-201349,,DS-201349,Stephen,Montoya,andreapittman@example.com,(251) 085-7383,2016-12-15,,0,0.0,,ARCHIVE,,catch-all,Unsubscribe Rule,Pre-2019 last appointment,0,0,DaySmart,DaySmart Only,2026-04-14
DS-201361,,DS-201361,Adam,Norman,joshuacohen@example.com,(541) 823-6881,2018-12-26,2011-05-22,1,129.5,Massage,ARCHIVE,,valid,Pass,Pre-2019 last appointment,0,0,DaySmart,DaySmart Only,2026-04-14
DS-201362,,DS-201362,Jill,Jones,craig34@example.com,(018) 422-0138,2015-09-20,2018-01-07,5,712.37,Pedicure,ARCHIVE,,valid,Pass,Pre-2019 last appointment,0,0,DaySmart,DaySmart Only,2026-04-14
DS-201363,,DS-201363,Ray,Singh,keithemily@example.net,(163) 603-8917,2017-01-06,2018-09-11,3,716.31,Highlights,ARCHIVE,,catch-all,Unsubscribe Rule,Pre-2019 last appointment,0,0,DaySmart,DaySmart Only,2026-04-14
DS-201370,,DS-201370,Jordan,Webb,robinsonandrea@example.org,(004) 837-9363,2014-01-20,2018-06-06,4,737.6,Massage,ARCHIVE,,valid,Pass,Pre-2019 last appointment,0,0,DaySmart,DaySmart Only,2026-04-14
DS-201373,,DS-201373,Kelly,King,lkline@example.net,(799) 052-2171,2015-02-06,2018-09-19,3,615.7,Haircut,ARCHIVE,,unknown,Unsubscribe Rule,Pre-2019 last appointment,0,0,DaySmart,DaySmart Only,2026-04-14
DS-201380,,DS-201380,David,Summers,lucas15@example.com,(309) 307-9685,2014-12-18,,0,0.0,,ARCHIVE,,valid,Pass,Pre-2019 last appointment,0,0,DaySmart,DaySmart Only,2026-04-14
DS-201383,,DS-201383,Theresa,Davis,lisabrown@example.net,(323) 654-0181,2012-08-03,,0,0.0,,ARCHIVE,,valid,Pass,Pre-2019 last appointment,0,0,DaySmart,DaySmart Only,2026-04-14
DS-201389,,DS-201389,Kimberly,Hall,jonathankennedy@example.org,(866) 940-8654,2012-03-11,2018-06-09,1,62.96,Manicure,ARCHIVE,,valid,Unsubscribe Rule,Pre-2019 last appointment,0,0,DaySmart,DaySmart Only,2026-04-14
DS-201390,,DS-201390,Manuel,Anderson,matthew74@example.org,(509) 528-8959,2018-02-10,2013-12-25,1,153.2,Massage,ARCHIVE,,valid,Unsubscribe Rule,Pre-2019 last appointment,0,0,DaySmart,DaySmart Only,2026-04-14
DS-201391,,DS-201391,Alejandra,Hudson,ncampbell@example.com,(917) 650-4718,2015-08-14,2016-05-27,2,304.07,Facial,ARCHIVE,,valid,Pass,Pre-2019 last appointment,0,0,DaySmart,DaySmart Only,2026-04-14
DS-201392,,DS-201392,Gina,Taylor,rlewis@example.com,(966) 866-7989,2016-06-08,2016-11-09,2,261.54,Manicure,ARCHIVE,,valid,Pass,Pre-2019 last appointment,0,0,DaySmart,DaySmart Only,2026-04-14
DS-201395,,DS-201395,Melanie,Harris,tararichardson@example.net,(698) 504-5056,2011-06-02,2016-09-24,3,553.2,Consultation,ARCHIVE,,valid,Unsubscribe Rule,Pre-2019 last appointment,0,0,DaySmart,DaySmart Only,2026-04-14
DS-201397,,DS-201397,Franklin,Thornton,lpatterson@example.com,(481) 638-4936,2018-05-27,2017-09-26,4,725.08,Keratin Treatment,ARCHIVE,,valid,Unsubscribe Rule,Pre-2019 last appointment,0,0,DaySmart,DaySmart Only,2026-04-14
DS-201399,,DS-201399,Terry,Mckee,hstevens@example.com,(703) 656-2036,2013-04-25,2018-02-13,4,605.8,Pedicure,ARCHIVE,,valid,Pass,Pre-2019 last appointment,0,0,DaySmart,DaySmart Only,2026-04-14
DS-201404,,DS-201404,Billy,Webster,deniseclark@example.net,(900) 094-0656,2014-12-07,2018-05-13,4,626.93,Facial,ARCHIVE,,valid,Unsubscribe Rule,Pre-2019 last appointment,0,0,DaySmart,DaySmart Only,2026-04-14
DS-201407,,DS-201407,Tyrone,Cobb,richard14@example.net,(477) 618-6870,2011-11-10,,0,0.0,,ARCHIVE,,valid,Unsubscribe Rule,Pre-2019 last appointment,0,0,DaySmart,DaySmart Only,2026-04-14
DS-201409,,DS-201409,Meredith,Holt,blairaudrey@example.org,(764) 054-7398,2014-11-13,2012-03-20,1,299.11,Keratin Treatment,ARCHIVE,,valid,Pass,Pre-2019 last appointment,0,0,DaySmart,DaySmart Only,2026-04-14
DS-201411,,DS-201411,Carl,Lopez,julian02@example.net,(387) 351-8664,2017-10-27,2018-07-09,4,494.84,Consultation,ARCHIVE,,valid,Pass,Pre-2019 last appointment,0,0,DaySmart,DaySmart Only,2026-04-14
DS-201416,,DS-201416,William,Phillips,pdavis@example.org,(555) 301-5303,2014-02-11,,0,0.0,,ARCHIVE,,unknown,Pass,Pre-2019 last appointment,0,0,DaySmart,DaySmart Only,2026-04-14
DS-201417,,DS-201417,Brandon,Joseph,jensenpamela@example.com,(598) 455-7663,2010-12-04,2017-05-11,2,419.99,Haircut,ARCHIVE,,valid,Unsubscribe Rule,Pre-2019 last appointment,0,0,DaySmart,DaySmart Only,2026-04-14
DS-201419,,DS-201419,Tabitha,Goodman,fvaughn@example.org,(082) 242-1682,2015-10-10,2018-10-01,3,159.13,Massage,ARCHIVE,,catch-all,Pass,Pre-2019 last appointment,0,0,DaySmart,DaySmart Only,2026-04-14
DS-201422,,DS-201422,Kristie,Crosby,chelseadavis@example.com,(205) 802-8606,2011-08-28,2017-06-06,3,385.56,Haircut,ARCHIVE,,valid,Unsubscribe Rule,Pre-2019 last appointment,0,0,DaySmart,DaySmart Only,2026-04-14
DS-201425,,DS-201425,Cynthia,Harris,butlerdavid@example.org,(901) 138-6047,2018-10-16,,0,0.0,,ARCHIVE,,valid,Unsubscribe Rule,Pre-2019 last appointment,0,0,DaySmart,DaySmart Only,2026-04-14
DS-201426,,DS-201426,Angela,Ray,lewisallen@example.com,(148) 953-8294,2012-01-24,,0,0.0,,ARCHIVE,,valid,Pass,Pre-2019 last appointment,0,0,DaySmart,DaySmart Only,2026-04-14
DS-201427,,DS-201427,Robert,Simon,jesus72@example.net,(395) 167-3095,2012-09-10,2013-01-12,1,95.83,Consultation,ARCHIVE,,valid,Unsubscribe Rule,Pre-2019 last appointment,0,0,DaySmart,DaySmart Only,2026-04-14
DS-201431,,DS-201431,Caitlin,Shaw,thill@example.com,(411) 486-2675,2016-10-29,2016-11-18,1,72.12,Consultation,ARCHIVE,,valid,Pass,Pre-2019 last appointment,0,0,DaySmart,DaySmart Only,2026-04-14
DS-201432,,DS-201432,Lisa,Coleman,jeffrey96@example.com,(515) 641-9678,2012-11-06,2015-10-07,2,207.57,Highlights,ARCHIVE,,valid,Pass,Pre-2019 last appointment,0,0,DaySmart,DaySmart Only,2026-04-14
DS-201434,,DS-201434,Cindy,Barton,timothyortiz@example.org,(984) 601-8040,2012-05-24,,0,0.0,,ARCHIVE,,catch-all,Pass,Pre-2019 last appointment,0,0,DaySmart,DaySmart Only,2026-04-14
DS-201435,,DS-201435,Ryan,Cook,samuelallen@example.net,(667) 155-4460,2010-11-23,2017-06-17,2,116.03,Highlights,ARCHIVE,,valid,Pass,Pre-2019 last appointment,0,0,DaySmart,DaySmart Only,2026-04-14
DS-201437,,DS-201437,Mrs.,Nancy Schaefer,leahdiaz@example.org,(215) 538-3077,2017-03-02,2013-02-07,2,540.85,Facial,ARCHIVE,,catch-all,Pass,Pre-2019 last appointment,0,0,DaySmart,DaySmart Only,2026-04-14
DS-201438,,DS-201438,Jasmine,Butler,sherriwood@example.com,(844) 607-8907,2013-10-14,,0,0.0,,ARCHIVE,,valid,Pass,Pre-2019 last appointment,0,0,DaySmart,DaySmart Only,2026-04-14
DS-201439,,DS-201439,Laura,Garcia,bryantnicholas@example.org,(294) 414-9253,2013-12-17,2014-10-15,1,259.42,Keratin Treatment,ARCHIVE,,valid,Pass,Pre-2019 last appointment,0,0,DaySmart,DaySmart Only,2026-04-14
DS-201441,,DS-201441,Lonnie,Wong,danielletorres@example.com,(877) 156-9220,2014-07-07,2015-04-13,1,139.09,Manicure,ARCHIVE,,valid,Pass,Pre-2019 last appointment,0,0,DaySmart,DaySmart Only,2026-04-14
DS-201442,,DS-201442,Katelyn,Potts,kennethrodriguez@example.org,(597) 710-0115,2018-10-04,2018-06-20,4,619.09,Keratin Treatment,ARCHIVE,,valid,Pass,Pre-2019 last appointment,0,0,DaySmart,DaySmart Only,2026-04-14
DS-201445,,DS-201445,Rachel,Copeland,tburgess@example.com,(581) 660-2841,2018-10-26,2017-07-13,2,377.63,Blowout,ARCHIVE,,valid,Pass,Pre-2019 last appointment,0,0,DaySmart,DaySmart Only,2026-04-14
DS-201446,,DS-201446,Mary,Rivers,scott40@example.com,(146) 971-4797,2017-06-16,2018-09-23,3,759.83,Manicure,ARCHIVE,,valid,Pass,Pre-2019 last appointment,0,0,DaySmart,DaySmart Only,2026-04-14
DS-201450,,DS-201450,Amber,Brown,deanmedina@example.com,(133) 513-9014,2011-02-16,2011-08-06,1,150.46,Blowout,ARCHIVE,,valid,Pass,Pre-2019 last appointment,0,0,DaySmart,DaySmart Only,2026-04-14
DS-201455,,DS-201455,Emily,Mitchell,rodriguezconnor@example.net,(851) 367-3805,2014-08-13,2015-10-03,1,128.36,Pedicure,ARCHIVE,,valid,Pass,Pre-2019 last appointment,0,0,DaySmart,DaySmart Only,2026-04-14
DS-201461,,DS-201461,Dr.,Linda Fleming MD,mclaughlinnathaniel@example.net,(136) 829-6707,2010-09-02,2016-03-30,3,574.68,Pedicure,ARCHIVE,,valid,Unsubscribe Rule,Pre-2019 last appointment,0,0,DaySmart,DaySmart Only,2026-04-14
DS-201463,,DS-201463,Brenda,Cameron,jameschaney@example.net,(384) 391-0657,2013-02-02,2017-12-11,5,713.33,Facial,ARCHIVE,,catch-all,Pass,Pre-2019 last appointment,0,0,DaySmart,DaySmart Only,2026-04-14
DS-201466,,DS-201466,Angela,King,amber38@example.net,(533) 768-4187,2016-11-18,2017-09-01,2,463.32,Manicure,ARCHIVE,,catch-all,Unsubscribe Rule,Pre-2019 last appointment,0,0,DaySmart,DaySmart Only,2026-04-14
DS-201469,,DS-201469,Gregory,Smith,megan27@example.org,(799) 594-7611,2014-01-01,,0,0.0,,ARCHIVE,,valid,Pass,Pre-2019 last appointment,0,0,DaySmart,DaySmart Only,2026-04-14
DS-201471,,DS-201471,Olivia,Carpenter,sue68@example.com,(606) 699-2613,2016-02-25,2016-10-27,3,718.28,Facial,ARCHIVE,,catch-all,Unsubscribe Rule,Pre-2019 last appointment,0,0,DaySmart,DaySmart Only,2026-04-14
DS-201472,,DS-201472,Mario,Atkins,czamora@example.net,(570) 399-6263,2014-08-03,2018-05-19,7,963.58,Facial,ARCHIVE,,valid,Pass,Pre-2019 last appointment,0,0,DaySmart,DaySmart Only,2026-04-14
DS-201474,,DS-201474,David,Cohen,brettthomas@example.net,(934) 460-6069,2013-09-16,2018-09-29,3,372.36,Manicure,ARCHIVE,,valid,Unsubscribe Rule,Pre-2019 last appointment,0,0,DaySmart,DaySmart Only,2026-04-14
DS-201476,,DS-201476,Samantha,Rogers,vchan@example.org,(119) 804-2554,2018-03-20,2018-08-30,5,801.12,Color Treatment,ARCHIVE,,catch-all,Pass,Pre-2019 last appointment,0,0,DaySmart,DaySmart Only,2026-04-14
DS-201485,,DS-201485,Michelle,Martinez,janetmontes@example.com,(049) 379-5829,2011-01-02,2011-01-23,1,84.59,Consultation,ARCHIVE,,valid,Unsubscribe Rule,Pre-2019 last appointment,0,0,DaySmart,DaySmart Only,2026-04-14
DS-201486,,DS-201486,Jacqueline,Morris,jonesmegan@example.net,(714) 920-7574,2013-10-15,2016-01-08,1,21.91,Color Treatment,ARCHIVE,,valid,Pass,Pre-2019 last appointment,0,0,DaySmart,DaySmart Only,2026-04-14
DS-201488,,DS-201488,Suzanne,Luna,kathleenbrewer@example.net,(772) 443-4354,2016-10-13,2016-03-01,1,81.84,Highlights,ARCHIVE,,valid,Unsubscribe Rule,Pre-2019 last appointment,0,0,DaySmart,DaySmart Only,2026-04-14
DS-201491,,DS-201491,Tracy,Whitaker,michaelwheeler@example.org,(369) 309-1401,2012-10-03,2011-07-18,2,513.17,Manicure,ARCHIVE,,valid,Unsubscribe Rule,Pre-2019 last appointment,0,0,DaySmart,DaySmart Only,2026-04-14
DS-201493,,DS-201493,Joseph,Mclaughlin,kowen@example.org,(983) 596-6771,2018-10-21,2015-04-09,1,142.78,Facial,ARCHIVE,,valid,Unsubscribe Rule,Pre-2019 last appointment,0,0,DaySmart,DaySmart Only,2026-04-14
DS-201494,,DS-201494,Randy,Martin,steven36@example.com,(003) 299-0900,2016-04-05,2014-11-16,3,465.1,Pedicure,ARCHIVE,,valid,Unsubscribe Rule,Pre-2019 last appointment,0,0,DaySmart,DaySmart Only,2026-04-14
DS-201496,,DS-201496,Trevor,Shepherd,sophia39@example.org,(439) 690-4539,2017-03-21,,0,0.0,,ARCHIVE,,valid,Pass,Pre-2019 last appointment,0,0,DaySmart,DaySmart Only,2026-04-14
DS-201503,,DS-201503,Mary,Mason,elizabeth69@example.com,(714) 336-0809,2010-09-10,2010-08-23,1,153.34,Keratin Treatment,ARCHIVE,,valid,Pass,Pre-2019 last appointment,0,0,DaySmart,DaySmart Only,2026-04-14
DS-201505,,DS-201505,David,Mills,erasmussen@example.net,(851) 856-9050,2011-01-04,2017-06-07,3,628.5,Color Treatment,ARCHIVE,,valid,Pass,Pre-2019 last appointment,0,0,DaySmart,DaySmart Only,2026-04-14
DS-201507,,DS-201507,John,Walker,chungjeffrey@example.com,(978) 999-5145,2018-02-10,2017-12-26,6,1109.04,Massage,ARCHIVE,,valid,Unsubscribe Rule,Pre-2019 last appointment,0,0,DaySmart,DaySmart Only,2026-04-14
DS-201509,,DS-201509,Rebecca,Nicholson,wendywright@example.org,(807) 392-0025,2011-04-04,2017-03-16,3,303.74,Highlights,ARCHIVE,,valid,Unsubscribe Rule,Pre-2019 last appointment,0,0,DaySmart,DaySmart Only,2026-04-14
DS-201515,,DS-201515,John,Castaneda,lopezchristian@example.com,(890) 418-2805,2011-04-23,,0,0.0,,ARCHIVE,,valid,Unsubscribe Rule,Pre-2019 last appointment,0,0,DaySmart,DaySmart Only,2026-04-14
DS-201517,,DS-201517,Robin,Hodge,kevin02@example.org,(482) 488-6313,2018-08-11,2016-05-06,1,32.25,Facial,ARCHIVE,,catch-all,Unsubscribe Rule,Pre-2019 last appointment,0,0,DaySmart,DaySmart Only,2026-04-14
DS-201519,,DS-201519,Rachel,Marks,rivaslisa@example.net,(256) 924-7688,2011-04-20,2018-11-01,4,999.13,Haircut,ARCHIVE,,valid,Unsubscribe Rule,Pre-2019 last appointment,0,0,DaySmart,DaySmart Only,2026-04-14
DS-201527,,DS-201527,Jill,Garcia,ramosaudrey@example.com,(004) 902-1444,2013-06-21,2016-09-06,3,699.29,Highlights,ARCHIVE,,catch-all,Pass,Pre-2019 last appointment,0,0,DaySmart,DaySmart Only,2026-04-14
DS-201538,,DS-201538,Jessica,Allen,logangarrett@example.net,(167) 640-3239,2011-10-22,2018-08-13,3,404.98,Blowout,ARCHIVE,,valid,Pass,Pre-2019 last appointment,0,0,DaySmart,DaySmart Only,2026-04-14
DS-201544,,DS-201544,Debra,Miller,mendozajay@example.com,(703) 862-5676,2011-02-21,2018-12-27,4,655.19,Facial,ARCHIVE,,valid,Pass,Pre-2019 last appointment,0,0,DaySmart,DaySmart Only,2026-04-14
DS-201547,,DS-201547,Jerry,Johnson,devin74@example.net,(162) 796-3651,2011-12-27,2010-01-14,1,65.75,Consultation,ARCHIVE,,valid,Pass,Pre-2019 last appointment,0,0,DaySmart,DaySmart Only,2026-04-14
DS-201548,,DS-201548,Michael,Smith,nicole08@example.org,(948) 422-6230,2016-08-07,2018-03-26,2,233.08,Keratin Treatment,ARCHIVE,,catch-all,Unsubscribe Rule,Pre-2019 last appointment,0,0,DaySmart,DaySmart Only,2026-04-14
DS-201549,,DS-201549,David,Johnson,aaronstrong@example.net,(424) 375-3916,2015-10-24,,0,0.0,,ARCHIVE,,valid,Pass,Pre-2019 last appointment,0,0,DaySmart,DaySmart Only,2026-04-14
DS-201554,,DS-201554,Jackson,Ingram,wilsonmark@example.org,(558) 627-7888,2017-10-04,2014-02-27,1,245.21,Blowout,ARCHIVE,,unknown,Unsubscribe Rule,Pre-2019 last appointment,0,0,DaySmart,DaySmart Only,2026-04-14
DS-201556,,DS-201556,Isabel,Park,donna59@example.org,(055) 967-5779,2011-01-11,2018-01-15,1,36.67,Massage,ARCHIVE,,catch-all,Pass,Pre-2019 last appointment,0,0,DaySmart,DaySmart Only,2026-04-14
DS-201557,,DS-201557,Jerry,Vargas,andrewtorres@example.com,(762) 745-1160,2017-05-13,2015-10-30,1,161.26,Keratin Treatment,ARCHIVE,,valid,Unsubscribe Rule,Pre-2019 last appointment,0,0,DaySmart,DaySmart Only,2026-04-14
DS-201566,,DS-201566,Diane,Young,rileymatthews@example.com,(285) 023-1265,2015-08-29,2015-11-09,2,213.7,Massage,ARCHIVE,,unknown,Unsubscribe Rule,Pre-2019 last appointment,0,0,DaySmart,DaySmart Only,2026-04-14
DS-201569,,DS-201569,Rebecca,Rodriguez,danielelliott@example.net,(912) 706-5076,2010-12-19,2011-02-25,2,367.68,Color Treatment,ARCHIVE,,do_not_mail,Unsubscribe Rule,Pre-2019 last appointment,0,0,DaySmart,DaySmart Only,2026-04-14
DS-201573,,DS-201573,Raymond,Johnson,ujohnson@example.org,(512) 003-9344,2011-06-24,2017-03-28,2,333.3,Pedicure,ARCHIVE,,valid,Unsubscribe Rule,Pre-2019 last appointment,0,0,DaySmart,DaySmart Only,2026-04-14
DS-201574,,DS-201574,Susan,Reyes,arnoldjames@example.org,(391) 929-6921,2013-09-17,2012-02-06,2,358.76,Keratin Treatment,ARCHIVE,,unknown,Unsubscribe Rule,Pre-2019 last appointment,0,0,DaySmart,DaySmart Only,2026-04-14
DS-201581,,DS-201581,Bryce,Thompson,dennis53@example.com,(416) 019-9198,2018-11-06,2013-02-25,1,162.43,Highlights,ARCHIVE,,valid,Pass,Pre-2019 last appointment,0,0,DaySmart,DaySmart Only,2026-04-14
DS-201591,,DS-201591,Jennifer,Moore,ibates@example.org,(554) 829-8781,2012-12-28,2014-09-27,1,106.85,Highlights,ARCHIVE,,valid,Unsubscribe Rule,Pre-2019 last appointment,0,0,DaySmart,DaySmart Only,2026-04-14
DS-201592,,DS-201592,Diane,Bonilla,chelsea84@example.com,(460) 429-3717,2016-05-27,2014-01-04,1,281.54,Keratin Treatment,ARCHIVE,,valid,Pass,Pre-2019 last appointment,0,0,DaySmart,DaySmart Only,2026-04-14
DS-201594,,DS-201594,Kimberly,Murray,rrivera@example.com,(847) 413-4019,2016-09-06,2015-03-04,3,373.55,Massage,ARCHIVE,,valid,Pass,Pre-2019 last appointment,0,0,DaySmart,DaySmart Only,2026-04-14
DS-201595,,DS-201595,Victoria,Perry DVM,vazquezsydney@example.com,(275) 193-4638,2015-10-27,2017-05-04,3,270.82,Highlights,ARCHIVE,,valid,Pass,Pre-2019 last appointment,0,0,DaySmart,DaySmart Only,2026-04-14
DS-201608,,DS-201608,Carla,Stephens,michael77@example.org,(062) 394-5994,2018-04-03,2017-12-16,3,336.15,Pedicure,ARCHIVE,,valid,Pass,Pre-2019 last appointment,0,0,DaySmart,DaySmart Only,2026-04-14
DS-201614,,DS-201614,Edward,Hernandez,billyroman@example.org,(769) 473-0882,2013-03-15,2017-05-03,1,108.05,Facial,ARCHIVE,,valid,Unsubscribe Rule,Pre-2019 last appointment,0,0,DaySmart,DaySmart Only,2026-04-14
DS-201615,,DS-201615,Scott,Jackson,floydjoann@example.com,(402) 936-3409,2017-03-05,2017-12-25,3,483.74,Facial,ARCHIVE,,valid,Unsubscribe Rule,Pre-2019 last appointment,0,0,DaySmart,DaySmart Only,2026-04-14
DS-201619,,DS-201619,Joseph,Guzman,laneerica@example.com,(523) 191-9908,2015-01-09,2018-05-28,1,251.77,Facial,ARCHIVE,,valid,Unsubscribe Rule,Pre-2019 last appointment,0,0,DaySmart,DaySmart Only,2026-04-14
DS-201621,,DS-201621,Jonathan,Farmer,austin01@example.org,(320) 344-9560,2013-03-24,2016-02-19,1,109.38,Facial,ARCHIVE,,valid,Pass,Pre-2019 last appointment,0,0,DaySmart,DaySmart Only,2026-04-14
DS-201622,,DS-201622,James,Brown,wchavez@example.net,(257) 231-6316,2010-04-12,,0,0.0,,ARCHIVE,,catch-all,Unsubscribe Rule,Pre-2019 last appointment,0,0,DaySmart,DaySmart Only,2026-04-14
DS-201623,,DS-201623,Monica,Davis,stewartpamela@example.com,(039) 963-0667,2016-09-07,2013-12-15,2,399.4,Haircut,ARCHIVE,,valid,Pass,Pre-2019 last appointment,0,0,DaySmart,DaySmart Only,2026-04-14
DS-201625,,DS-201625,Ana,Douglas,lgonzalez@example.org,(430) 658-7448,2015-04-30,2016-08-16,2,275.81,Manicure,ARCHIVE,,valid,Unsubscribe Rule,Pre-2019 last appointment,0,0,DaySmart,DaySmart Only,2026-04-14
DS-201627,,DS-201627,Alexander,Lewis,april23@example.com,(788) 387-3693,2012-12-11,2016-10-23,4,596.64,Highlights,ARCHIVE,,valid,Unsubscribe Rule,Pre-2019 last appointment,0,0,DaySmart,DaySmart Only,2026-04-14
DS-201632,,DS-201632,Emily,Braun,emily60@example.org,(301) 196-2272,2012-12-17,,0,0.0,,ARCHIVE,,valid,Pass,Pre-2019 last appointment,0,0,DaySmart,DaySmart Only,2026-04-14
DS-201634,,DS-201634,Mike,Berry,xvega@example.org,(811) 364-0348,2018-06-03,2013-11-11,1,219.69,Blowout,ARCHIVE,,valid,Pass,Pre-2019 last appointment,0,0,DaySmart,DaySmart Only,2026-04-14
DS-201635,,DS-201635,Kara,Ford,vazquezgerald@example.com,(959) 514-2954,2015-08-25,2018-02-22,2,259.62,Consultation,ARCHIVE,,catch-all,Unsubscribe Rule,Pre-2019 last appointment,0,0,DaySmart,DaySmart Only,2026-04-14
DS-201637,,DS-201637,Sharon,Wong,tharris@example.com,(945) 923-5163,2016-01-18,,0,0.0,,ARCHIVE,,valid,Unsubscribe Rule,Pre-2019 last appointment,0,0,DaySmart,DaySmart Only,2026-04-14
DS-201639,,DS-201639,Oscar,Williams,morgan94@example.net,(414) 235-5283,2017-07-25,2018-03-14,4,437.06,Color Treatment,ARCHIVE,,valid,Unsubscribe Rule,Pre-2019 last appointment,0,0,DaySmart,DaySmart Only,2026-04-14
DS-201641,,DS-201641,Monica,Brown,rmoyer@example.net,(941) 079-1161,2014-10-01,2018-08-13,5,628.81,Blowout,ARCHIVE,,valid,Pass,Pre-2019 last appointment,0,0,DaySmart,DaySmart Only,2026-04-14
DS-201648,,DS-201648,Zachary,Nelson,aray@example.org,(345) 220-2626,2018-02-16,2012-01-29,1,156.07,Haircut,ARCHIVE,,valid,Pass,Pre-2019 last appointment,0,0,DaySmart,DaySmart Only,2026-04-14
DS-201650,,DS-201650,John,Garner,david58@example.org,(799) 005-3669,2017-11-08,2012-12-15,1,121.07,Color Treatment,ARCHIVE,,valid,Unsubscribe Rule,Pre-2019 last appointment,0,0,DaySmart,DaySmart Only,2026-04-14
DS-201657,,DS-201657,Tracey,Yates,beckerjessica@example.org,(506) 668-6067,2014-01-19,2018-11-29,5,1112.65,Color Treatment,ARCHIVE,,valid,Unsubscribe Rule,Pre-2019 last appointment,0,0,DaySmart,DaySmart Only,2026-04-14
DS-201658,,DS-201658,Edward,Carroll,jwright@example.net,(591) 038-5242,2012-07-19,,0,0.0,,ARCHIVE,,valid,Pass,Pre-2019 last appointment,0,0,DaySmart,DaySmart Only,2026-04-14
DS-201662,,DS-201662,Amanda,Smith,ufoster@example.org,(732) 644-7893,2015-07-01,2014-01-28,1,127.58,Facial,ARCHIVE,,valid,Pass,Pre-2019 last appointment,0,0,DaySmart,DaySmart Only,2026-04-14
DS-201663,,DS-201663,Diana,Washington,ynorton@example.net,(093) 716-4581,2016-10-28,2013-08-08,3,286.37,Keratin Treatment,ARCHIVE,,valid,Pass,Pre-2019 last appointment,0,0,DaySmart,DaySmart Only,2026-04-14
DS-201667,,DS-201667,Gary,Barajas,loriparks@example.com,(038) 710-8803,2011-02-14,2014-07-26,3,522.95,Blowout,ARCHIVE,,valid,Pass,Pre-2019 last appointment,0,0,DaySmart,DaySmart Only,2026-04-14
DS-201669,,DS-201669,Kenneth,Becker,tiffany86@example.net,(819) 004-1589,2011-12-10,2013-12-05,1,70.06,Massage,ARCHIVE,,valid,Unsubscribe Rule,Pre-2019 last appointment,0,0,DaySmart,DaySmart Only,2026-04-14
DS-201672,,DS-201672,Amanda,Kelly,johnstonemily@example.net,(939) 687-1867,2011-12-18,,0,0.0,,ARCHIVE,,unknown,Unsubscribe Rule,Pre-2019 last appointment,0,0,DaySmart,DaySmart Only,2026-04-14
DS-201676,,DS-201676,Mason,Weaver,contrerasdavid@example.net,(399) 330-2559,2013-12-19,2015-07-24,2,404.1,Color Treatment,ARCHIVE,,valid,Unsubscribe Rule,Pre-2019 last appointment,0,0,DaySmart,DaySmart Only,2026-04-14
DS-201677,,DS-201677,Brandy,Patterson,jeffreygibbs@example.net,(596) 889-1096,2012-03-07,2013-12-06,1,118.84,Pedicure,ARCHIVE,,valid,Unsubscribe Rule,Pre-2019 last appointment,0,0,DaySmart,DaySmart Only,2026-04-14
DS-201678,,DS-201678,Tracy,Howard,frank12@example.org,(360) 816-4180,2013-09-17,2017-04-24,4,401.46,Highlights,ARCHIVE,,valid,Unsubscribe Rule,Pre-2019 last appointment,0,0,DaySmart,DaySmart Only,2026-04-14
DS-201681,,DS-201681,Denise,Torres,robertsmichael@example.net,(762) 538-4766,2011-03-15,,0,0.0,,ARCHIVE,,valid,Unsubscribe Rule,Pre-2019 last appointment,0,0,DaySmart,DaySmart Only,2026-04-14
DS-201685,,DS-201685,Joseph,Mcgee,caroline17@example.org,(150) 520-5353,2017-05-25,2015-07-01,3,573.23,Massage,ARCHIVE,,valid,Pass,Pre-2019 last appointment,0,0,DaySmart,DaySmart Only,2026-04-14
DS-201691,,DS-201691,Kayla,Ruiz,benitezscott@example.com,(666) 082-8874,2010-01-15,2014-10-15,1,184.38,Massage,ARCHIVE,,valid,Pass,Pre-2019 last appointment,0,0,DaySmart,DaySmart Only,2026-04-14
DS-201693,,DS-201693,Michelle,Shepard,kristy43@example.org,(106) 144-5299,2017-12-13,2017-08-03,4,423.67,Haircut,ARCHIVE,,valid,Pass,Pre-2019 last appointment,0,0,DaySmart,DaySmart Only,2026-04-14
DS-201697,,DS-201697,Cindy,Martin,jermaineguzman@example.com,(807) 047-3148,2017-05-29,2012-09-01,1,69.37,Facial,ARCHIVE,,valid,Unsubscribe Rule,Pre-2019 last appointment,0,0,DaySmart,DaySmart Only,2026-04-14
DS-201698,,DS-201698,Nathan,Crawford,stevensjeffrey@example.com,(656) 007-6228,2016-05-21,,0,0.0,,ARCHIVE,,catch-all,Pass,Pre-2019 last appointment,0,0,DaySmart,DaySmart Only,2026-04-14
DS-201699,,DS-201699,Maria,Martinez,michelegordon@example.net,(278) 472-6439,2018-07-27,2013-12-02,2,180.8,Blowout,ARCHIVE,,valid,Pass,Pre-2019 last appointment,0,0,DaySmart,DaySmart Only,2026-04-14
DS-201702,,DS-201702,Elizabeth,Page,kristinaking@example.net,(116) 595-5859,2017-03-26,2014-01-23,2,515.46,Massage,ARCHIVE,,do_not_mail,Do Not Mail,Pre-2019 last appointment,0,0,DaySmart,DaySmart Only,2026-04-14
DS-201704,,DS-201704,Daniel,Rowe,washingtonyesenia@example.org,(953) 808-8426,2011-03-08,2015-04-15,1,227.63,Consultation,ARCHIVE,,valid,Unsubscribe Rule,Pre-2019 last appointment,0,0,DaySmart,DaySmart Only,2026-04-14
DS-201710,,DS-201710,Abigail,Burch,aromero@example.net,(888) 610-8597,2017-05-14,2017-06-22,3,263.97,Blowout,ARCHIVE,,valid,Pass,Pre-2019 last appointment,0,0,DaySmart,DaySmart Only,2026-04-14
DS-201712,,DS-201712,James,Wiggins,jill87@example.net,(669) 494-7155,2012-11-16,2013-06-18,1,181.57,Massage,ARCHIVE,,valid,Pass,Pre-2019 last appointment,0,0,DaySmart,DaySmart Only,2026-04-14
DS-201719,,DS-201719,Keith,Harrison,wendyroy@example.org,(614) 435-7547,2013-05-05,2011-11-24,1,213.83,Highlights,ARCHIVE,,valid,Unsubscribe Rule,Pre-2019 last appointment,0,0,DaySmart,DaySmart Only,2026-04-14
DS-201720,,DS-201720,Susan,Barnett,robertlopez@example.com,(068) 756-7071,2014-05-31,2012-08-22,1,235.79,Blowout,ARCHIVE,,valid,Pass,Pre-2019 last appointment,0,0,DaySmart,DaySmart Only,2026-04-14
DS-201722,,DS-201722,Melissa,Church,tyronemcconnell@example.com,(058) 079-1065,2011-02-21,2018-06-14,4,766.79,Massage,ARCHIVE,,valid,Pass,Pre-2019 last appointment,0,0,DaySmart,DaySmart Only,2026-04-14
DS-201725,,DS-201725,Mrs.,Tiffany Patterson,julie84@example.com,(408) 895-9303,2012-01-17,2017-03-31,5,316.78,Pedicure,ARCHIVE,,valid,Pass,Pre-2019 last appointment,0,0,DaySmart,DaySmart Only,2026-04-14
DS-201726,,DS-201726,Aaron,Reeves,paulerik@example.net,(029) 996-6330,2017-11-05,2015-01-13,2,123.07,Keratin Treatment,ARCHIVE,,valid,Unsubscribe Rule,Pre-2019 last appointment,0,0,DaySmart,DaySmart Only,2026-04-14
DS-201727,,DS-201727,Samuel,Ross,tanya30@example.com,(991) 540-2732,2016-08-06,2016-03-14,4,694.46,Highlights,ARCHIVE,,valid,Pass,Pre-2019 last appointment,0,0,DaySmart,DaySmart Only,2026-04-14
DS-201728,,DS-201728,Cindy,Hansen,adam42@example.org,(182) 068-2048,2011-06-13,2017-11-15,2,278.94,Color Treatment,ARCHIVE,,valid,Pass,Pre-2019 last appointment,0,0,DaySmart,DaySmart Only,2026-04-14
DS-201729,,DS-201729,Walter,Blankenship,kenneth47@example.org,(857) 797-3982,2010-09-27,2016-03-17,2,511.78,Facial,ARCHIVE,,valid,Pass,Pre-2019 last appointment,0,0,DaySmart,DaySmart Only,2026-04-14
DS-201730,,DS-201730,Joseph,Garcia,nicholstodd@example.net,(382) 642-9518,2011-05-01,2015-02-07,2,397.37,Highlights,ARCHIVE,,valid,Unsubscribe Rule,Pre-2019 last appointment,0,0,DaySmart,DaySmart Only,2026-04-14
DS-201732,,DS-201732,Alexis,Erickson,william49@example.net,(150) 892-4464,2013-10-26,,0,0.0,,ARCHIVE,,valid,Pass,Pre-2019 last appointment,0,0,DaySmart,DaySmart Only,2026-04-14
DS-201735,,DS-201735,Dustin,Rivera,carol48@example.com,(967) 416-6239,2014-03-16,2018-08-19,5,656.09,Color Treatment,ARCHIVE,,valid,Unsubscribe Rule,Pre-2019 last appointment,0,0,DaySmart,DaySmart Only,2026-04-14
DS-201741,,DS-201741,Anna,Wood,glenmartin@example.com,(009) 333-9637,2010-12-26,2010-09-17,1,278.93,Color Treatment,ARCHIVE,,catch-all,Pass,Pre-2019 last appointment,0,0,DaySmart,DaySmart Only,2026-04-14
DS-201742,,DS-201742,Cynthia,Castro,pstone@example.org,(889) 384-4781,2012-01-04,,0,0.0,,ARCHIVE,,valid,Unsubscribe Rule,Pre-2019 last appointment,0,0,DaySmart,DaySmart Only,2026-04-14
DS-201743,,DS-201743,Paul,Nelson,jocelynstephens@example.com,(812) 426-6474,2017-10-17,2017-01-01,2,225.0,Massage,ARCHIVE,,valid,Pass,Pre-2019 last appointment,0,0,DaySmart,DaySmart Only,2026-04-14
DS-201744,,DS-201744,Deanna,Wong,katiehubbard@example.com,(966) 379-5818,2010-01-26,2018-08-16,2,211.18,Pedicure,ARCHIVE,,valid,Pass,Pre-2019 last appointment,0,0,DaySmart,DaySmart Only,2026-04-14
DS-201745,,DS-201745,Caroline,Price,talvarado@example.com,(693) 995-3155,2015-11-19,2017-07-17,3,346.2,Color Treatment,ARCHIVE,,valid,Unsubscribe Rule,Pre-2019 last appointment,0,0,DaySmart,DaySmart Only,2026-04-14
DS-201748,,DS-201748,William,Lowe,harrisrobert@example.com,(857) 830-4559,2016-10-29,2014-01-25,3,485.95,Keratin Treatment,ARCHIVE,,valid,Unsubscribe Rule,Pre-2019 last appointment,0,0,DaySmart,DaySmart Only,2026-04-14
DS-201749,,DS-201749,Joann,Ross,margaret78@example.com,(800) 551-2676,2015-10-06,2012-03-07,2,417.12,Facial,ARCHIVE,,valid,Unsubscribe Rule,Pre-2019 last appointment,0,0,DaySmart,DaySmart Only,2026-04-14
DS-201755,,DS-201755,Natalie,Diaz,billyjones@example.net,(221) 689-7453,2012-08-03,2014-08-11,1,109.56,Keratin Treatment,ARCHIVE,,valid,Pass,Pre-2019 last appointment,0,0,DaySmart,DaySmart Only,2026-04-14
DS-201756,,DS-201756,Ruben,Williams,christophermartinez@example.com,(312) 666-5602,2017-09-01,2018-07-14,1,200.12,Pedicure,ARCHIVE,,valid,Unsubscribe Rule,Pre-2019 last appointment,0,0,DaySmart,DaySmart Only,2026-04-14
DS-201758,,DS-201758,Heather,Goodman,cpierce@example.com,(905) 711-2181,2018-04-27,2015-02-01,2,128.39,Pedicure,ARCHIVE,,valid,Pass,Pre-2019 last appointment,0,0,DaySmart,DaySmart Only,2026-04-14
DS-201767,,DS-201767,Timothy,Welch,efrench@example.org,(868) 010-9360,2012-02-04,2018-08-28,3,702.4,Haircut,ARCHIVE,,valid,Pass,Pre-2019 last appointment,0,0,DaySmart,DaySmart Only,2026-04-14
DS-201772,,DS-201772,Scott,Mendez,diamond43@example.net,(356) 999-7125,2013-06-08,2018-02-09,4,312.82,Highlights,ARCHIVE,,valid,Unsubscribe Rule,Pre-2019 last appointment,0,0,DaySmart,DaySmart Only,2026-04-14
DS-201774,,DS-201774,Danielle,Peters,benjamindavidson@example.net,(287) 533-5526,2016-08-07,2017-04-26,2,484.88,Highlights,ARCHIVE,,valid,Unsubscribe Rule,Pre-2019 last appointment,0,0,DaySmart,DaySmart Only,2026-04-14
DS-201776,,DS-201776,Daniel,Alexander,vdixon@example.org,(394) 750-5577,2015-01-29,,0,0.0,,ARCHIVE,,valid,Pass,Pre-2019 last appointment,0,0,DaySmart,DaySmart Only,2026-04-14
DS-201779,,DS-201779,Renee,Medina,allen94@example.org,(944) 101-0427,2015-09-02,2015-11-15,4,602.15,Blowout,ARCHIVE,,valid,Pass,Pre-2019 last appointment,0,0,DaySmart,DaySmart Only,2026-04-14
DS-201785,,DS-201785,Mr.,James Williams,ryan18@example.net,(541) 333-6650,2012-03-23,2017-10-18,7,1146.53,Highlights,ARCHIVE,,valid,Pass,Pre-2019 last appointment,0,0,DaySmart,DaySmart Only,2026-04-14
DS-201792,,DS-201792,Sierra,Moore,calexander@example.com,(760) 429-3987,2011-06-21,2017-05-12,1,238.15,Color Treatment,ARCHIVE,,valid,Pass,Pre-2019 last appointment,0,0,DaySmart,DaySmart Only,2026-04-14
DS-201795,,DS-201795,Linda,Washington,wgoodwin@example.net,(398) 523-8182,2011-04-15,2011-08-11,2,380.95,Haircut,ARCHIVE,,valid,Unsubscribe Rule,Pre-2019 last appointment,0,0,DaySmart,DaySmart Only,2026-04-14
DS-201800,,DS-201800,Jason,Hopkins,daniel10@example.net,(674) 513-6365,2016-08-17,2018-08-20,2,364.2,Haircut,ARCHIVE,,valid,Pass,Pre-2019 last appointment,0,0,DaySmart,DaySmart Only,2026-04-14
DS-201802,,DS-201802,Jessica,Eaton,michaelvalencia@example.net,(752) 112-7596,2011-01-03,,0,0.0,,ARCHIVE,,valid,Unsubscribe Rule,Pre-2019 last appointment,0,0,DaySmart,DaySmart Only,2026-04-14
DS-201815,,DS-201815,Anna,Barron,andrea67@example.org,(864) 426-2447,2014-08-23,2016-05-12,3,401.19,Highlights,ARCHIVE,,valid,Pass,Pre-2019 last appointment,0,0,DaySmart,DaySmart Only,2026-04-14
DS-201816,,DS-201816,Brian,Smith,shawsteven@example.org,(332) 570-4430,2018-10-23,2017-05-09,2,248.09,Haircut,ARCHIVE,,valid,Pass,Pre-2019 last appointment,0,0,DaySmart,DaySmart Only,2026-04-14
DS-201817,,DS-201817,Patricia,Knight,qsandoval@example.net,(030) 438-1779,2012-11-24,2014-01-21,1,61.51,Massage,ARCHIVE,,catch-all,Unsubscribe Rule,Pre-2019 last appointment,0,0,DaySmart,DaySmart Only,2026-04-14
DS-201819,,DS-201819,Robyn,Davis,martinmichael@example.org,(700) 343-7432,2015-12-24,,0,0.0,,ARCHIVE,,valid,Pass,Pre-2019 last appointment,0,0,DaySmart,DaySmart Only,2026-04-14
DS-201820,,DS-201820,William,Bauer,jason25@example.org,(231) 154-1119,2011-04-17,2016-01-26,1,35.74,Consultation,ARCHIVE,,valid,Pass,Pre-2019 last appointment,0,0,DaySmart,DaySmart Only,2026-04-14
DS-201823,,DS-201823,Emily,Gonzales,amanda26@example.net,(295) 081-4994,2013-12-28,,0,0.0,,ARCHIVE,,valid,Unsubscribe Rule,Pre-2019 last appointment,0,0,DaySmart,DaySmart Only,2026-04-14
DS-201825,,DS-201825,Lydia,Hayes,michaelkramer@example.com,(252) 477-7744,2016-03-13,2016-09-26,3,405.28,Blowout,ARCHIVE,,unknown,Pass,Pre-2019 last appointment,0,0,DaySmart,DaySmart Only,2026-04-14
DS-201829,,DS-201829,Rebecca,Mann,james60@example.org,(250) 394-3988,2014-04-12,2018-03-15,4,361.71,Manicure,ARCHIVE,,do_not_mail,Unsubscribe Rule,Pre-2019 last appointment,0,0,DaySmart,DaySmart Only,2026-04-14
DS-201833,,DS-201833,Alan,Smith,jasmineballard@example.net,(920) 745-9528,2012-07-29,2012-02-19,2,328.65,Haircut,ARCHIVE,,unknown,Unsubscribe Rule,Pre-2019 last appointment,0,0,DaySmart,DaySmart Only,2026-04-14
DS-201838,,DS-201838,Kaitlyn,Thompson,kmiller@example.org,(894) 523-9596,2015-03-10,2017-08-30,1,200.08,Consultation,ARCHIVE,,valid,Pass,Pre-2019 last appointment,0,0,DaySmart,DaySmart Only,2026-04-14
DS-201840,,DS-201840,Diane,Jones,alexander41@example.org,(007) 886-7587,2010-09-20,2017-04-27,2,255.05,Color Treatment,ARCHIVE,,valid,Unsubscribe Rule,Pre-2019 last appointment,0,0,DaySmart,DaySmart Only,2026-04-14
DS-201841,,DS-201841,Laurie,Andrews MD,bradley97@example.org,(366) 946-2728,2013-02-28,2017-12-29,2,111.32,Haircut,ARCHIVE,,valid,Pass,Pre-2019 last appointment,0,0,DaySmart,DaySmart Only,2026-04-14
DS-201847,,DS-201847,Wanda,Zhang,melissasmith@example.net,(578) 959-1532,2018-04-20,,0,0.0,,ARCHIVE,,valid,Unsubscribe Rule,Pre-2019 last appointment,0,0,DaySmart,DaySmart Only,2026-04-14
DS-201848,,DS-201848,Adam,Fernandez,hutchinsonmatthew@example.com,(836) 903-0341,2015-08-07,2017-03-11,2,453.25,Manicure,ARCHIVE,,catch-all,Unsubscribe Rule,Pre-2019 last appointment,0,0,DaySmart,DaySmart Only,2026-04-14
DS-201849,,DS-201849,Matthew,Martinez,ryan84@example.net,(977) 070-6007,2018-08-04,2018-09-09,5,456.22,Manicure,ARCHIVE,,catch-all,Unsubscribe Rule,Pre-2019 last appointment,0,0,DaySmart,DaySmart Only,2026-04-14
DS-201857,,DS-201857,Isaac,Yang,garrettjordan@example.net,(850) 692-9873,2011-01-22,,0,0.0,,ARCHIVE,,valid,Unsubscribe Rule,Pre-2019 last appointment,0,0,DaySmart,DaySmart Only,2026-04-14
DS-201861,,DS-201861,James,Coleman,pmcpherson@example.net,(389) 586-4178,2014-06-24,2011-06-15,3,432.9,Facial,ARCHIVE,,valid,Pass,Pre-2019 last appointment,0,0,DaySmart,DaySmart Only,2026-04-14
DS-201865,,DS-201865,Robin,Sharp,jbarker@example.org,(165) 663-3935,2011-03-31,2017-06-11,2,332.35,Facial,ARCHIVE,,unknown,Pass,Pre-2019 last appointment,0,0,DaySmart,DaySmart Only,2026-04-14
DS-201868,,DS-201868,Alexander,Harvey,qwashington@example.net,(235) 327-7376,2016-11-27,2018-09-07,4,474.12,Keratin Treatment,ARCHIVE,,catch-all,Pass,Pre-2019 last appointment,0,0,DaySmart,DaySmart Only,2026-04-14
DS-201869,,DS-201869,Jeremy,Alvarez,matthewcollins@example.org,(471) 266-6153,2012-09-26,2011-03-28,1,289.46,Color Treatment,ARCHIVE,,valid,Pass,Pre-2019 last appointment,0,0,DaySmart,DaySmart Only,2026-04-14
DS-201872,,DS-201872,Michael,Cox,fcontreras@example.com,(211) 622-0659,2011-09-17,2013-12-13,2,515.33,Highlights,ARCHIVE,,valid,Pass,Pre-2019 last appointment,0,0,DaySmart,DaySmart Only,2026-04-14
DS-201884,,DS-201884,Monica,Nelson,jamespowers@example.org,(446) 661-0514,2011-04-30,2012-08-08,1,243.86,Pedicure,ARCHIVE,,valid,Unsubscribe Rule,Pre-2019 last appointment,0,0,DaySmart,DaySmart Only,2026-04-14
DS-201887,,DS-201887,Cheryl,Harrison,ballarddeanna@example.org,(779) 398-0122,2018-05-04,2016-07-22,2,389.21,Blowout,ARCHIVE,,valid,Unsubscribe Rule,Pre-2019 last appointment,0,0,DaySmart,DaySmart Only,2026-04-14
DS-201889,,DS-201889,Angel,Sanchez,cwebb@example.org,(295) 903-1775,2014-01-04,,0,0.0,,ARCHIVE,,unknown,Unsubscribe Rule,Pre-2019 last appointment,0,0,DaySmart,DaySmart Only,2026-04-14
DS-201899,,DS-201899,Ronald,Scott,ywoodard@example.net,(019) 905-0240,2016-01-05,2018-09-29,6,738.52,Consultation,ARCHIVE,,valid,Unsubscribe Rule,Pre-2019 last appointment,0,0,DaySmart,DaySmart Only,2026-04-14
DS-201908,,DS-201908,Michael,Scott,gregory63@example.com,(288) 623-3570,2012-05-21,2013-02-08,1,231.46,Haircut,ARCHIVE,,valid,Unsubscribe Rule,Pre-2019 last appointment,0,0,DaySmart,DaySmart Only,2026-04-14
DS-201909,,DS-201909,Natalie,Henson,james42@example.org,(117) 549-4495,2012-02-10,2017-12-15,3,631.44,Pedicure,ARCHIVE,,valid,Pass,Pre-2019 last appointment,0,0,DaySmart,DaySmart Only,2026-04-14
DS-201910,,DS-201910,Julian,Higgins,melissatate@example.com,(381) 512-9116,2016-08-08,2018-03-01,4,743.33,Facial,ARCHIVE,,valid,Unsubscribe Rule,Pre-2019 last appointment,0,0,DaySmart,DaySmart Only,2026-04-14
DS-201917,,DS-201917,Larry,Fields,qwagner@example.org,(001) 414-4246,2011-10-17,,0,0.0,,ARCHIVE,,valid,Pass,Pre-2019 last appointment,0,0,DaySmart,DaySmart Only,2026-04-14
DS-201920,,DS-201920,Dominic,Chambers,stewartkelsey@example.org,(903) 560-2858,2014-09-29,2015-10-26,2,354.34,Color Treatment,ARCHIVE,,valid,Unsubscribe Rule,Pre-2019 last appointment,0,0,DaySmart,DaySmart Only,2026-04-14
DS-201929,,DS-201929,Jonathan,Brooks,christopher43@example.com,(602) 093-1378,2015-04-16,2015-10-04,2,139.07,Pedicure,ARCHIVE,,valid,Unsubscribe Rule,Pre-2019 last appointment,0,0,DaySmart,DaySmart Only,2026-04-14
DS-201936,,DS-201936,Michael,Silva,mary64@example.com,(645) 239-0041,2018-06-18,2018-11-17,6,1200.06,Blowout,ARCHIVE,,valid,Unsubscribe Rule,Pre-2019 last appointment,0,0,DaySmart,DaySmart Only,2026-04-14
DS-201938,,DS-201938,Todd,Goodman,rodneythomas@example.net,(502) 800-4177,2018-08-03,2017-07-21,3,462.08,Massage,ARCHIVE,,valid,Unsubscribe Rule,Pre-2019 last appointment,0,0,DaySmart,DaySmart Only,2026-04-14
DS-201944,,DS-201944,Gregory,Simpson,greenjamie@example.net,(225) 916-4230,2012-09-10,2018-08-10,3,504.52,Facial,ARCHIVE,,valid,Pass,Pre-2019 last appointment,0,0,DaySmart,DaySmart Only,2026-04-14
DS-201945,,DS-201945,Michelle,Smith,gmyers@example.net,(198) 637-0855,2016-02-07,2018-04-05,1,135.74,Blowout,ARCHIVE,,catch-all,Unsubscribe Rule,Pre-2019 last appointment,0,0,DaySmart,DaySmart Only,2026-04-14
DS-201953,,DS-201953,Angela,Martinez,aalexander@example.com,(913) 616-5765,2017-12-17,2018-12-13,3,684.37,Consultation,ARCHIVE,,valid,Unsubscribe Rule,Pre-2019 last appointment,0,0,DaySmart,DaySmart Only,2026-04-14
DS-201956,,DS-201956,Kaylee,Thomas,annecurtis@example.net,(593) 601-9412,2017-06-14,2017-08-04,2,346.0,Highlights,ARCHIVE,,valid,Pass,Pre-2019 last appointment,0,0,DaySmart,DaySmart Only,2026-04-14
DS-201964,,DS-201964,Tyler,Bell,sarahweaver@example.com,(251) 119-0359,2013-02-15,2017-01-13,7,1105.29,Facial,ARCHIVE,,valid,Unsubscribe Rule,Pre-2019 last appointment,0,0,DaySmart,DaySmart Only,2026-04-14
DS-201967,,DS-201967,Kayla,Russell,hannahcarroll@example.org,(970) 266-3820,2014-07-10,2018-09-27,5,1099.49,Manicure,ARCHIVE,,valid,Pass,Pre-2019 last appointment,0,0,DaySmart,DaySmart Only,2026-04-14
DS-201969,,DS-201969,Pamela,Baxter,weeksalyssa@example.com,(574) 058-9230,2016-07-11,,0,0.0,,ARCHIVE,,valid,Unsubscribe Rule,Pre-2019 last appointment,0,0,DaySmart,DaySmart Only,2026-04-14
DS-201970,,DS-201970,Ashley,Wiggins,josephharper@example.net,(265) 571-3649,2010-12-03,2018-10-03,1,157.47,Color Treatment,ARCHIVE,,valid,Unsubscribe Rule,Pre-2019 last appointment,0,0,DaySmart,DaySmart Only,2026-04-14
DS-201972,,DS-201972,Tiffany,Gill,fuentesleonard@example.com,(733) 851-5764,2016-03-24,2011-03-24,1,224.26,Pedicure,ARCHIVE,,valid,Pass,Pre-2019 last appointment,0,0,DaySmart,DaySmart Only,2026-04-14
DS-201977,,DS-201977,Bryce,Bishop,jenniferbean@example.org,(232) 806-2539,2014-05-21,2015-04-06,1,154.55,Color Treatment,ARCHIVE,,valid,Unsubscribe Rule,Pre-2019 last appointment,0,0,DaySmart,DaySmart Only,2026-04-14
DS-201986,,DS-201986,Mark,Gardner,luis73@example.org,(165) 024-2389,2012-11-28,2017-06-23,9,1528.4,Blowout,ARCHIVE,,valid,Pass,Pre-2019 last appointment,0,0,DaySmart,DaySmart Only,2026-04-14
DS-201987,,DS-201987,Julia,Mcbride,mcdanielkatelyn@example.net,(850) 230-5066,2018-05-28,2018-02-26,2,449.99,Manicure,ARCHIVE,,valid,Unsubscribe Rule,Pre-2019 last appointment,0,0,DaySmart,DaySmart Only,2026-04-14
DS-201988,,DS-201988,Mary,Parsons,qgallagher@example.com,(955) 412-9824,2013-12-09,2018-01-18,4,571.59,Highlights,ARCHIVE,,valid,Unsubscribe Rule,Pre-2019 last appointment,0,0,DaySmart,DaySmart Only,2026-04-14
DS-201993,,DS-201993,Ronald,Pineda,vguerrero@example.net,(051) 823-7721,2013-02-06,2010-03-24,1,183.41,Haircut,ARCHIVE,,valid,Pass,Pre-2019 last appointment,0,0,DaySmart,DaySmart Only,2026-04-14
DS-201996,,DS-201996,Jose,Clark,michaelmathews@example.net,(940) 439-3516,2012-01-15,2015-11-02,2,170.74,Pedicure,ARCHIVE,,valid,Pass,Pre-2019 last appointment,0,0,DaySmart,DaySmart Only,2026-04-14
DS-201997,,DS-201997,William,Brooks,sbarnes@example.net,(031) 636-7817,2011-05-01,2011-12-01,1,177.69,Color Treatment,ARCHIVE,,valid,Unsubscribe Rule,Pre-2019 last appointment,0,0,DaySmart,DaySmart Only,2026-04-14
DS-202000,,DS-202000,Savannah,Johnson,johnstonrobert@example.net,(194) 565-9773,2012-09-12,2015-04-24,1,262.82,Consultation,ARCHIVE,,valid,Pass,Pre-2019 last appointment,0,0,DaySmart,DaySmart Only,2026-04-14
DS-202005,,DS-202005,Amy,Norton,stephenbutler@example.org,(855) 967-0716,2011-03-31,2013-05-06,2,330.4,Facial,ARCHIVE,,valid,Unsubscribe Rule,Pre-2019 last appointment,0,0,DaySmart,DaySmart Only,2026-04-14
DS-202007,,DS-202007,Caitlin,Jenkins,gregoryhoffman@example.net,(542) 734-4979,2016-02-19,2011-05-02,1,222.46,Consultation,ARCHIVE,,valid,Pass,Pre-2019 last appointment,0,0,DaySmart,DaySmart Only,2026-04-14
DS-202008,,DS-202008,Robert,May,znorris@example.com,(654) 758-7837,2017-07-03,,0,0.0,,ARCHIVE,,valid,Unsubscribe Rule,Pre-2019 last appointment,0,0,DaySmart,DaySmart Only,2026-04-14
DS-202010,,DS-202010,Victor,Moore,dfinley@example.org,(413) 166-7752,2017-08-26,2017-07-15,3,600.43,Haircut,ARCHIVE,,catch-all,Pass,Pre-2019 last appointment,0,0,DaySmart,DaySmart Only,2026-04-14
DS-202014,,DS-202014,Allen,Hanson,iperez@example.org,(066) 766-5405,2010-11-02,2015-02-26,2,372.73,Manicure,ARCHIVE,,valid,Unsubscribe Rule,Pre-2019 last appointment,0,0,DaySmart,DaySmart Only,2026-04-14
DS-202015,,DS-202015,Marissa,Holt,rlevine@example.org,(532) 861-7805,2018-07-25,2017-12-19,3,482.27,Facial,ARCHIVE,,valid,Pass,Pre-2019 last appointment,0,0,DaySmart,DaySmart Only,2026-04-14
DS-202018,,DS-202018,Sarah,Hale,urios@example.net,(692) 635-6006,2015-01-14,2017-08-10,3,639.76,Pedicure,ARCHIVE,,catch-all,Pass,Pre-2019 last appointment,0,0,DaySmart,DaySmart Only,2026-04-14
DS-202030,,DS-202030,Sara,Leonard,wrobertson@example.net,(881) 920-6965,2018-04-11,2014-03-18,2,195.8,Color Treatment,ARCHIVE,,valid,Unsubscribe Rule,Pre-2019 last appointment,0,0,DaySmart,DaySmart Only,2026-04-14
DS-202034,,DS-202034,Sara,Goodman,ogates@example.org,(667) 477-2011,2011-10-08,2018-02-27,1,297.62,Manicure,ARCHIVE,,valid,Pass,Pre-2019 last appointment,0,0,DaySmart,DaySmart Only,2026-04-14
DS-202036,,DS-202036,Brandi,Anderson,xwoods@example.org,(774) 575-0218,2010-02-26,2016-06-01,2,361.29,Keratin Treatment,ARCHIVE,,valid,Pass,Pre-2019 last appointment,0,0,DaySmart,DaySmart Only,2026-04-14
DS-202038,,DS-202038,Michael,Holt,miguelshaw@example.net,(477) 069-3928,2010-05-15,2017-03-10,1,183.84,Blowout,ARCHIVE,,valid,Unsubscribe Rule,Pre-2019 last appointment,0,0,DaySmart,DaySmart Only,2026-04-14
DS-202041,,DS-202041,Mr.,James Gonzalez,wware@example.com,(997) 791-7822,2012-06-15,2012-11-04,1,83.44,Highlights,ARCHIVE,,valid,Pass,Pre-2019 last appointment,0,0,DaySmart,DaySmart Only,2026-04-14
DS-202042,,DS-202042,Alvin,Newton,williamrussell@example.com,(906) 251-5759,2011-04-28,2018-10-11,3,529.06,Blowout,ARCHIVE,,valid,Pass,Pre-2019 last appointment,0,0,DaySmart,DaySmart Only,2026-04-14
DS-202047,,DS-202047,Laura,Johnson,wendy66@example.net,(747) 217-1243,2013-11-28,2010-07-18,1,65.79,Pedicure,ARCHIVE,,valid,Pass,Pre-2019 last appointment,0,0,DaySmart,DaySmart Only,2026-04-14
DS-202051,,DS-202051,James,Price,sparksbrian@example.net,(164) 078-7048,2010-04-20,2018-02-23,5,709.58,Keratin Treatment,ARCHIVE,,valid,Unsubscribe Rule,Pre-2019 last appointment,0,0,DaySmart,DaySmart Only,2026-04-14
DS-202054,,DS-202054,Laura,Robinson,lewisdavid@example.net,(937) 460-2136,2014-04-22,2017-09-11,1,94.09,Pedicure,ARCHIVE,,valid,Pass,Pre-2019 last appointment,0,0,DaySmart,DaySmart Only,2026-04-14
DS-202060,,DS-202060,Phillip,Allen,jesusroth@example.com,(496) 337-9226,2015-03-04,,0,0.0,,ARCHIVE,,valid,Pass,Pre-2019 last appointment,0,0,DaySmart,DaySmart Only,2026-04-14
DS-202061,,DS-202061,Haley,White,jroberts@example.net,(734) 505-2194,2015-08-18,2015-05-03,2,83.38,Keratin Treatment,ARCHIVE,,valid,Unsubscribe Rule,Pre-2019 last appointment,0,0,DaySmart,DaySmart Only,2026-04-14
DS-202068,,DS-202068,Shawn,Lee,cheyenne75@example.net,(809) 628-2196,2012-01-09,2010-08-15,1,62.18,Pedicure,ARCHIVE,,valid,Pass,Pre-2019 last appointment,0,0,DaySmart,DaySmart Only,2026-04-14
DS-202070,,DS-202070,Keith,Sandoval,ugordon@example.com,(004) 450-7296,2013-11-04,2015-04-29,2,113.2,Consultation,ARCHIVE,,valid,Unsubscribe Rule,Pre-2019 last appointment,0,0,DaySmart,DaySmart Only,2026-04-14
DS-202073,,DS-202073,Johnny,Joseph,hannahdrake@example.com,(365) 972-6839,2011-08-12,2016-05-05,2,162.56,Consultation,ARCHIVE,,valid,Pass,Pre-2019 last appointment,0,0,DaySmart,DaySmart Only,2026-04-14
DS-202074,,DS-202074,Allison,Miller,melissaortiz@example.com,(721) 281-5683,2011-06-16,2018-06-29,4,592.52,Facial,ARCHIVE,,valid,Pass,Pre-2019 last appointment,0,0,DaySmart,DaySmart Only,2026-04-14
DS-202077,,DS-202077,James,Castillo,anne73@example.net,(541) 057-7250,2018-01-09,2017-02-07,4,360.11,Consultation,ARCHIVE,,valid,Unsubscribe Rule,Pre-2019 last appointment,0,0,DaySmart,DaySmart Only,2026-04-14
DS-202080,,DS-202080,Lori,Costa,halljustin@example.net,(475) 000-4584,2015-07-19,2016-12-19,2,474.12,Manicure,ARCHIVE,,valid,Pass,Pre-2019 last appointment,0,0,DaySmart,DaySmart Only,2026-04-14
DS-202082,,DS-202082,Christopher,Cox,washingtonalexandria@example.org,(351) 424-4966,2016-06-03,2016-05-14,3,404.41,Haircut,ARCHIVE,,valid,Pass,Pre-2019 last appointment,0,0,DaySmart,DaySmart Only,2026-04-14
DS-202083,,DS-202083,Andrew,Kelly,nelsonteresa@example.net,(886) 725-1409,2011-07-15,2018-06-18,5,1238.38,Pedicure,ARCHIVE,,valid,Unsubscribe Rule,Pre-2019 last appointment,0,0,DaySmart,DaySmart Only,2026-04-14
DS-202084,,DS-202084,Theresa,Clark,lsummers@example.net,(166) 881-3038,2010-09-16,2017-07-21,2,265.48,Pedicure,ARCHIVE,,valid,Unsubscribe Rule,Pre-2019 last appointment,0,0,DaySmart,DaySmart Only,2026-04-14
DS-202085,,DS-202085,Holly,Garcia,mark66@example.org,(573) 125-3612,2011-12-16,2018-08-27,3,633.04,Highlights,ARCHIVE,,catch-all,Pass,Pre-2019 last appointment,0,0,DaySmart,DaySmart Only,2026-04-14
DS-202086,,DS-202086,Sean,Buchanan,sarah94@example.com,(450) 809-8971,2015-05-08,2017-01-06,2,466.7,Pedicure,ARCHIVE,,catch-all,Pass,Pre-2019 last appointment,0,0,DaySmart,DaySmart Only,2026-04-14
DS-202088,,DS-202088,Warren,Fleming,carolmoody@example.net,(945) 419-1378,2017-04-23,2015-07-23,2,270.26,Facial,ARCHIVE,,catch-all,Pass,Pre-2019 last appointment,0,0,DaySmart,DaySmart Only,2026-04-14
DS-202096,,DS-202096,Brian,Flores,huntdaniel@example.com,(480) 236-2801,2013-07-13,2014-08-08,3,704.93,Consultation,ARCHIVE,,valid,Pass,Pre-2019 last appointment,0,0,DaySmart,DaySmart Only,2026-04-14
DS-202099,,DS-202099,Brianna,Mclean,daniel82@example.com,(135) 062-1084,2016-01-07,2017-10-08,2,402.3,Pedicure,ARCHIVE,,valid,Pass,Pre-2019 last appointment,0,0,DaySmart,DaySmart Only,2026-04-14
DS-202104,,DS-202104,Michael,Singleton,tracy54@example.org,(188) 645-9478,2018-10-12,2017-04-21,2,242.26,Massage,ARCHIVE,,do_not_mail,Unsubscribe Rule,Pre-2019 last appointment,0,0,DaySmart,DaySmart Only,2026-04-14
DS-202106,,DS-202106,Kathryn,Marshall,williamsonbrian@example.org,(172) 113-5980,2012-10-31,2012-07-15,2,272.83,Massage,ARCHIVE,,valid,Pass,Pre-2019 last appointment,0,0,DaySmart,DaySmart Only,2026-04-14
DS-202113,,DS-202113,Susan,Middleton,moralesjessica@example.org,(171) 511-1424,2017-03-14,2016-04-11,2,440.56,Color Treatment,ARCHIVE,,valid,Pass,Pre-2019 last appointment,0,0,DaySmart,DaySmart Only,2026-04-14
DS-202118,,DS-202118,Sarah,Huff,natalie75@example.com,(662) 482-2306,2017-11-14,2016-05-21,1,113.49,Pedicure,ARCHIVE,,unknown,Unsubscribe Rule,Pre-2019 last appointment,0,0,DaySmart,DaySmart Only,2026-04-14
DS-202123,,DS-202123,Danielle,Blake,eric53@example.org,(750) 409-3701,2016-09-26,2016-06-04,1,50.0,Massage,ARCHIVE,,do_not_mail,Unsubscribe Rule,Pre-2019 last appointment,0,0,DaySmart,DaySmart Only,2026-04-14
DS-202126,,DS-202126,Tara,James,nhunt@example.org,(880) 683-1121,2014-07-07,2017-05-09,2,340.16,Haircut,ARCHIVE,,valid,Unsubscribe Rule,Pre-2019 last appointment,0,0,DaySmart,DaySmart Only,2026-04-14
DS-202127,,DS-202127,Brittany,Mckenzie,jasonsosa@example.org,(567) 725-0385,2018-02-15,2014-10-10,1,212.8,Highlights,ARCHIVE,,valid,Pass,Pre-2019 last appointment,0,0,DaySmart,DaySmart Only,2026-04-14
DS-202131,,DS-202131,Gregory,Hernandez,hendersonerin@example.org,(292) 135-1113,2014-06-30,2017-09-11,2,285.13,Massage,ARCHIVE,,valid,Unsubscribe Rule,Pre-2019 last appointment,0,0,DaySmart,DaySmart Only,2026-04-14
DS-202145,,DS-202145,Dana,Middleton,jonesnicole@example.net,(140) 580-6709,2010-04-09,2013-08-19,4,559.82,Pedicure,ARCHIVE,,valid,Unsubscribe Rule,Pre-2019 last appointment,0,0,DaySmart,DaySmart Only,2026-04-14
DS-202146,,DS-202146,Heather,Stone,cherryalexander@example.com,(004) 645-4976,2018-05-05,2018-01-10,3,602.68,Facial,ARCHIVE,,catch-all,Pass,Pre-2019 last appointment,0,0,DaySmart,DaySmart Only,2026-04-14
DS-202154,,DS-202154,Sarah,Gibson,imartinez@example.net,(747) 676-6609,2010-11-24,2017-02-10,1,26.62,Massage,ARCHIVE,,catch-all,Pass,Pre-2019 last appointment,0,0,DaySmart,DaySmart Only,2026-04-14
DS-202157,,DS-202157,Nicole,Terry MD,jonathan40@example.net,(998) 575-2563,2010-01-25,2018-04-05,4,503.25,Highlights,ARCHIVE,,unknown,Unsubscribe Rule,Pre-2019 last appointment,0,0,DaySmart,DaySmart Only,2026-04-14
DS-202159,,DS-202159,Caitlyn,Mcfarland,oanderson@example.net,(276) 958-8708,2016-12-30,,0,0.0,,ARCHIVE,,valid,Pass,Pre-2019 last appointment,0,0,DaySmart,DaySmart Only,2026-04-14
DS-202169,,DS-202169,Sarah,Ponce,fmartin@example.com,(478) 691-0407,2013-07-18,,0,0.0,,ARCHIVE,,valid,Pass,Pre-2019 last appointment,0,0,DaySmart,DaySmart Only,2026-04-14
DS-202171,,DS-202171,Brian,Jones,john37@example.org,(265) 781-4963,2012-05-25,,0,0.0,,ARCHIVE,,valid,Pass,Pre-2019 last appointment,0,0,DaySmart,DaySmart Only,2026-04-14
DS-202172,,DS-202172,Daniel,Brown,johnsondaniel@example.com,(845) 673-1370,2017-02-23,2014-10-24,1,24.19,Facial,ARCHIVE,,valid,Unsubscribe Rule,Pre-2019 last appointment,0,0,DaySmart,DaySmart Only,2026-04-14
DS-202176,,DS-202176,Benjamin,Rodriguez,cheryl60@example.org,(769) 347-7966,2011-06-30,2017-07-18,1,172.62,Haircut,ARCHIVE,,valid,Unsubscribe Rule,Pre-2019 last appointment,0,0,DaySmart,DaySmart Only,2026-04-14
DS-202177,,DS-202177,Evelyn,Hernandez,rbell@example.org,(246) 406-9486,2014-06-06,2016-04-09,2,281.48,Blowout,ARCHIVE,,valid,Pass,Pre-2019 last appointment,0,0,DaySmart,DaySmart Only,2026-04-14
DS-202178,,DS-202178,David,Rodriguez,victorporter@example.org,(488) 160-5801,2011-10-16,2012-06-09,1,236.88,Pedicure,ARCHIVE,,valid,Pass,Pre-2019 last appointment,0,0,DaySmart,DaySmart Only,2026-04-14
DS-202181,,DS-202181,David,Jenkins,phillipsmorgan@example.org,(768) 170-0681,2010-12-11,2014-09-22,4,888.25,Highlights,ARCHIVE,,valid,Unsubscribe Rule,Pre-2019 last appointment,0,0,DaySmart,DaySmart Only,2026-04-14
DS-202184,,DS-202184,Jessica,Freeman,munozerik@example.org,(834) 914-3092,2014-08-24,,0,0.0,,ARCHIVE,,valid,Pass,Pre-2019 last appointment,0,0,DaySmart,DaySmart Only,2026-04-14
DS-202188,,DS-202188,Jessica,Gutierrez,wliu@example.net,(636) 025-3687,2014-10-27,2018-08-28,2,521.0,Keratin Treatment,ARCHIVE,,valid,Unsubscribe Rule,Pre-2019 last appointment,0,0,DaySmart,DaySmart Only,2026-04-14
DS-202189,,DS-202189,Gabriel,Hill,trujillovirginia@example.org,(694) 097-8738,2018-03-05,,0,0.0,,ARCHIVE,,valid,Pass,Pre-2019 last appointment,0,0,DaySmart,DaySmart Only,2026-04-14
DS-202190,,DS-202190,Bruce,Brown,bowmansamuel@example.com,(848) 439-3004,2016-08-01,2013-11-15,2,490.03,Pedicure,ARCHIVE,,valid,Unsubscribe Rule,Pre-2019 last appointment,0,0,DaySmart,DaySmart Only,2026-04-14
DS-202198,,DS-202198,Jessica,Hernandez,harrisjamie@example.com,(912) 581-9366,2013-08-22,2017-03-19,1,50.06,Consultation,ARCHIVE,,valid,Pass,Pre-2019 last appointment,0,0,DaySmart,DaySmart Only,2026-04-14
DS-202203,,DS-202203,Cheryl,Brown DDS,jamesandrade@example.org,(970) 199-8247,2014-01-03,2015-05-28,2,344.3,Blowout,ARCHIVE,,valid,Unsubscribe Rule,Pre-2019 last appointment,0,0,DaySmart,DaySmart Only,2026-04-14
DS-202208,,DS-202208,Nicole,Perry,floresdanielle@example.net,(743) 087-8037,2013-02-12,,0,0.0,,ARCHIVE,,valid,Unsubscribe Rule,Pre-2019 last appointment,0,0,DaySmart,DaySmart Only,2026-04-14
DS-202211,,DS-202211,Matthew,Jensen,cgraham@example.net,(407) 846-4015,2010-02-28,2013-02-12,3,455.54,Consultation,ARCHIVE,,valid,Pass,Pre-2019 last appointment,0,0,DaySmart,DaySmart Only,2026-04-14
DS-202212,,DS-202212,Kyle,Wolfe,megan52@example.com,(542) 458-6672,2014-11-06,2010-10-23,2,124.86,Facial,ARCHIVE,,valid,Pass,Pre-2019 last appointment,0,0,DaySmart,DaySmart Only,2026-04-14
DS-202223,,DS-202223,Ellen,Shelton,ffry@example.net,(404) 772-4649,2013-02-23,2018-10-30,6,1179.67,Facial,ARCHIVE,,valid,Unsubscribe Rule,Pre-2019 last appointment,0,0,DaySmart,DaySmart Only,2026-04-14
DS-202227,,DS-202227,Todd,Allen,cheryl43@example.com,(784) 590-7312,2014-06-21,2012-01-03,2,567.69,Pedicure,ARCHIVE,,valid,Pass,Pre-2019 last appointment,0,0,DaySmart,DaySmart Only,2026-04-14
DS-202228,,DS-202228,James,Walsh,stantonwilliam@example.com,(447) 889-3770,2018-04-12,2017-09-21,1,43.77,Facial,ARCHIVE,,valid,Pass,Pre-2019 last appointment,0,0,DaySmart,DaySmart Only,2026-04-14
DS-202229,,DS-202229,Matthew,Smith,ycantu@example.net,(327) 624-3265,2010-04-19,2016-07-26,6,791.41,Haircut,ARCHIVE,,valid,Pass,Pre-2019 last appointment,0,0,DaySmart,DaySmart Only,2026-04-14
DS-202231,,DS-202231,Robert,Cochran,michael41@example.net,(983) 857-9282,2015-09-26,2018-03-28,3,675.23,Consultation,ARCHIVE,,valid,Pass,Pre-2019 last appointment,0,0,DaySmart,DaySmart Only,2026-04-14
DS-202234,,DS-202234,Jonathan,Coleman,pamela87@example.org,(051) 253-8063,2014-01-04,2018-01-23,3,432.61,Haircut,ARCHIVE,,valid,Unsubscribe Rule,Pre-2019 last appointment,0,0,DaySmart,DaySmart Only,2026-04-14
DS-202235,,DS-202235,Jon,Merritt,georgehawkins@example.net,(927) 462-2689,2012-12-14,2018-12-17,4,532.25,Haircut,ARCHIVE,,valid,Unsubscribe Rule,Pre-2019 last appointment,0,0,DaySmart,DaySmart Only,2026-04-14
DS-202239,,DS-202239,Denise,Poole,robert19@example.com,(676) 015-0434,2012-08-07,2015-04-19,1,89.63,Facial,ARCHIVE,,unknown,Unsubscribe Rule,Pre-2019 last appointment,0,0,DaySmart,DaySmart Only,2026-04-14
DS-202245,,DS-202245,Katherine,Holmes,kchavez@example.net,(882) 437-5968,2016-11-02,2014-11-27,3,233.29,Blowout,ARCHIVE,,valid,Pass,Pre-2019 last appointment,0,0,DaySmart,DaySmart Only,2026-04-14
DS-202247,,DS-202247,Cindy,Chavez,jessicamiller@example.com,(678) 140-8282,2014-05-03,2017-04-27,2,461.44,Massage,ARCHIVE,,valid,Unsubscribe Rule,Pre-2019 last appointment,0,0,DaySmart,DaySmart Only,2026-04-14
DS-202251,,DS-202251,Jonathan,Holder,davidsonmargaret@example.net,(144) 166-6117,2012-09-12,2012-05-10,1,248.12,Manicure,ARCHIVE,,valid,Unsubscribe Rule,Pre-2019 last appointment,0,0,DaySmart,DaySmart Only,2026-04-14
DS-202255,,DS-202255,Timothy,Conley,scottwalton@example.net,(708) 594-2682,2014-01-16,,0,0.0,,ARCHIVE,,valid,Pass,Pre-2019 last appointment,0,0,DaySmart,DaySmart Only,2026-04-14
DS-202256,,DS-202256,Craig,Ramirez,christophermills@example.org,(115) 576-9415,2014-04-04,2017-11-28,1,238.23,Blowout,ARCHIVE,,valid,Unsubscribe Rule,Pre-2019 last appointment,0,0,DaySmart,DaySmart Only,2026-04-14
DS-202258,,DS-202258,Mrs.,Diana King,codyharris@example.com,(796) 562-8073,2018-11-22,2011-12-19,1,94.59,Pedicure,ARCHIVE,,unknown,Unsubscribe Rule,Pre-2019 last appointment,0,0,DaySmart,DaySmart Only,2026-04-14
DS-202259,,DS-202259,Shannon,Nguyen,jennifer04@example.net,(294) 078-2862,2012-11-13,,0,0.0,,ARCHIVE,,valid,Pass,Pre-2019 last appointment,0,0,DaySmart,DaySmart Only,2026-04-14
DS-202262,,DS-202262,Jill,Buckley,irosales@example.net,(637) 137-9987,2012-05-25,,0,0.0,,ARCHIVE,,valid,Unsubscribe Rule,Pre-2019 last appointment,0,0,DaySmart,DaySmart Only,2026-04-14
DS-202263,,DS-202263,Faith,Wagner,yatesjanet@example.net,(396) 575-3764,2014-10-07,2016-08-04,4,509.83,Manicure,ARCHIVE,,valid,Pass,Pre-2019 last appointment,0,0,DaySmart,DaySmart Only,2026-04-14
DS-202264,,DS-202264,James,Ayers,alexanderoconnell@example.net,(346) 442-9961,2016-01-05,2011-04-27,1,228.26,Highlights,ARCHIVE,,unknown,Pass,Pre-2019 last appointment,0,0,DaySmart,DaySmart Only,2026-04-14
DS-202269,,DS-202269,Felicia,Grant,jose43@example.com,(213) 267-7638,2013-10-04,2017-12-19,1,248.2,Consultation,ARCHIVE,,valid,Unsubscribe Rule,Pre-2019 last appointment,0,0,DaySmart,DaySmart Only,2026-04-14
DS-202271,,DS-202271,Ana,Fox,kramirez@example.net,(131) 126-5974,2014-07-04,2014-09-19,3,305.08,Manicure,ARCHIVE,,catch-all,Unsubscribe Rule,Pre-2019 last appointment,0,0,DaySmart,DaySmart Only,2026-04-14
DS-202276,,DS-202276,Jessica,Kirby,hannahclay@example.com,(333) 501-6262,2013-05-05,2015-12-23,1,208.8,Pedicure,ARCHIVE,,valid,Pass,Pre-2019 last appointment,0,0,DaySmart,DaySmart Only,2026-04-14
DS-202280,,DS-202280,Mariah,Adams,adam03@example.net,(455) 846-4201,2017-03-04,2010-12-09,1,53.53,Massage,ARCHIVE,,valid,Pass,Pre-2019 last appointment,0,0,DaySmart,DaySmart Only,2026-04-14
DS-202289,,DS-202289,Ashley,Hodges,lauriehenderson@example.net,(561) 206-4646,2014-05-03,2017-12-17,3,461.55,Blowout,ARCHIVE,,valid,Unsubscribe Rule,Pre-2019 last appointment,0,0,DaySmart,DaySmart Only,2026-04-14
DS-202291,,DS-202291,Jeffrey,Smith,courtney14@example.org,(825) 520-3286,2012-02-23,,0,0.0,,ARCHIVE,,valid,Pass,Pre-2019 last appointment,0,0,DaySmart,DaySmart Only,2026-04-14
DS-202293,,DS-202293,Alicia,Rojas,zmarshall@example.net,(219) 105-0719,2016-03-05,2018-08-29,2,291.0,Pedicure,ARCHIVE,,valid,Pass,Pre-2019 last appointment,0,0,DaySmart,DaySmart Only,2026-04-14
DS-202296,,DS-202296,Madison,Miller,nguyenrichard@example.com,(141) 343-0768,2016-02-13,2015-12-06,2,422.02,Blowout,ARCHIVE,,valid,Pass,Pre-2019 last appointment,0,0,DaySmart,DaySmart Only,2026-04-14
DS-202297,,DS-202297,Jill,Cochran,davidsonkaitlyn@example.org,(519) 170-2423,2016-02-08,,0,0.0,,ARCHIVE,,valid,Pass,Pre-2019 last appointment,0,0,DaySmart,DaySmart Only,2026-04-14
DS-202298,,DS-202298,Julia,Ferguson,robinsoncharles@example.com,(341) 357-1682,2017-05-11,2013-06-06,2,289.69,Haircut,ARCHIVE,,valid,Unsubscribe Rule,Pre-2019 last appointment,0,0,DaySmart,DaySmart Only,2026-04-14
DS-202301,,DS-202301,Noah,Wu,bbrooks@example.org,(880) 418-9024,2016-05-05,2017-09-04,4,754.31,Manicure,ARCHIVE,,valid,Pass,Pre-2019 last appointment,0,0,DaySmart,DaySmart Only,2026-04-14
DS-202303,,DS-202303,Pamela,Lawrence,abigailforbes@example.com,(503) 083-4911,2013-05-27,2017-10-10,3,724.51,Color Treatment,ARCHIVE,,valid,Pass,Pre-2019 last appointment,0,0,DaySmart,DaySmart Only,2026-04-14
DS-202306,,DS-202306,Alexis,Moore,alyssa10@example.com,(039) 167-8128,2015-08-08,2017-11-18,1,84.03,Highlights,ARCHIVE,,valid,Pass,Pre-2019 last appointment,0,0,DaySmart,DaySmart Only,2026-04-14
DS-202309,,DS-202309,Destiny,Terrell DVM,scottsamuel@example.org,(083) 624-8748,2011-12-20,2018-11-24,1,93.55,Consultation,ARCHIVE,,valid,Unsubscribe Rule,Pre-2019 last appointment,0,0,DaySmart,DaySmart Only,2026-04-14
DS-202310,,DS-202310,Vanessa,Simmons,castillojeffrey@example.org,(776) 063-9513,2017-12-08,2016-10-17,1,39.4,Consultation,ARCHIVE,,valid,Unsubscribe Rule,Pre-2019 last appointment,0,0,DaySmart,DaySmart Only,2026-04-14
DS-202313,,DS-202313,Carlos,Adams,whitemarissa@example.com,(702) 178-2959,2015-02-10,2017-09-22,1,149.11,Highlights,ARCHIVE,,valid,Unsubscribe Rule,Pre-2019 last appointment,0,0,DaySmart,DaySmart Only,2026-04-14
DS-202322,,DS-202322,Sherry,Burke,kelly12@example.org,(345) 579-9900,2010-03-12,2014-02-08,1,128.96,Massage,ARCHIVE,,valid,Pass,Pre-2019 last appointment,0,0,DaySmart,DaySmart Only,2026-04-14
DS-202324,,DS-202324,Yesenia,Obrien,juliaball@example.org,(496) 737-1967,2017-01-19,2016-12-04,2,250.91,Highlights,ARCHIVE,,do_not_mail,Do Not Mail,Pre-2019 last appointment,0,0,DaySmart,DaySmart Only,2026-04-14
DS-202328,,DS-202328,Kyle,King,andrearamirez@example.org,(751) 939-1460,2010-01-03,,0,0.0,,ARCHIVE,,valid,Pass,Pre-2019 last appointment,0,0,DaySmart,DaySmart Only,2026-04-14
DS-202330,,DS-202330,Lindsay,Thompson,phillip79@example.com,(463) 177-1862,2010-12-06,2017-08-24,4,516.3,Blowout,ARCHIVE,,unknown,Pass,Pre-2019 last appointment,0,0,DaySmart,DaySmart Only,2026-04-14
DS-202333,,DS-202333,Joshua,Johnson,haynesmichelle@example.net,(348) 280-0920,2010-02-07,2017-12-21,4,757.36,Highlights,ARCHIVE,,do_not_mail,Do Not Mail,Pre-2019 last appointment,0,0,DaySmart,DaySmart Only,2026-04-14
DS-202340,,DS-202340,Lisa,Shaw,andrew82@example.net,(405) 546-5120,2016-08-15,2017-03-05,2,387.68,Color Treatment,ARCHIVE,,valid,Unsubscribe Rule,Pre-2019 last appointment,0,0,DaySmart,DaySmart Only,2026-04-14
DS-202341,,DS-202341,Brendan,Arroyo,kelsey73@example.net,(725) 303-1584,2013-12-24,2018-11-05,3,515.15,Highlights,ARCHIVE,,valid,Pass,Pre-2019 last appointment,0,0,DaySmart,DaySmart Only,2026-04-14
DS-202348,,DS-202348,James,Green,timothy73@example.net,(202) 444-0731,2015-08-06,2010-03-03,1,229.0,Color Treatment,ARCHIVE,,valid,Unsubscribe Rule,Pre-2019 last appointment,0,0,DaySmart,DaySmart Only,2026-04-14
DS-202354,,DS-202354,Kathy,Scott,barberdiana@example.com,(056) 476-5857,2012-04-28,2018-06-14,2,361.23,Massage,ARCHIVE,,valid,Pass,Pre-2019 last appointment,0,0,DaySmart,DaySmart Only,2026-04-14
DS-202355,,DS-202355,Nicholas,Ross,uharrell@example.net,(947) 910-9999,2016-01-02,2016-12-07,2,500.79,Massage,ARCHIVE,,valid,Unsubscribe Rule,Pre-2019 last appointment,0,0,DaySmart,DaySmart Only,2026-04-14
DS-202358,,DS-202358,William,Harris,meganbailey@example.org,(172) 633-0804,2015-06-22,2016-10-30,1,64.01,Facial,ARCHIVE,,valid,Unsubscribe Rule,Pre-2019 last appointment,0,0,DaySmart,DaySmart Only,2026-04-14
DS-202359,,DS-202359,Alexis,Small DDS,fgilmore@example.org,(258) 044-3065,2013-07-10,,0,0.0,,ARCHIVE,,catch-all,Unsubscribe Rule,Pre-2019 last appointment,0,0,DaySmart,DaySmart Only,2026-04-14
DS-202361,,DS-202361,Ashley,Smith,boyleamanda@example.net,(646) 414-7359,2016-06-27,2018-10-18,5,920.65,Haircut,ARCHIVE,,valid,Pass,Pre-2019 last appointment,0,0,DaySmart,DaySmart Only,2026-04-14
DS-202362,,DS-202362,John,Rowland,gerald77@example.com,(899) 773-9516,2010-08-11,2018-12-22,3,535.26,Haircut,ARCHIVE,,valid,Unsubscribe Rule,Pre-2019 last appointment,0,0,DaySmart,DaySmart Only,2026-04-14
DS-202364,,DS-202364,Brenda,Brown,tony72@example.com,(961) 159-5338,2017-05-14,2014-07-07,3,638.74,Pedicure,ARCHIVE,,catch-all,Unsubscribe Rule,Pre-2019 last appointment,0,0,DaySmart,DaySmart Only,2026-04-14
DS-202365,,DS-202365,Melinda,Riley,hamiltonamy@example.net,(156) 603-0980,2017-09-25,2012-05-31,1,297.06,Keratin Treatment,ARCHIVE,,catch-all,Unsubscribe Rule,Pre-2019 last appointment,0,0,DaySmart,DaySmart Only,2026-04-14
DS-202366,,DS-202366,Curtis,Cabrera,rickmorris@example.net,(087) 793-4724,2013-04-08,2017-09-10,1,113.66,Highlights,ARCHIVE,,valid,Pass,Pre-2019 last appointment,0,0,DaySmart,DaySmart Only,2026-04-14
DS-202368,,DS-202368,Nathan,Little,damon28@example.net,(908) 454-8262,2014-06-05,2011-05-16,1,58.46,Haircut,ARCHIVE,,valid,Pass,Pre-2019 last appointment,0,0,DaySmart,DaySmart Only,2026-04-14
DS-202373,,DS-202373,Barbara,Salas,nicholeroman@example.com,(176) 546-1411,2014-09-14,2017-08-30,2,346.38,Haircut,ARCHIVE,,catch-all,Pass,Pre-2019 last appointment,0,0,DaySmart,DaySmart Only,2026-04-14
DS-202374,,DS-202374,Eileen,Parsons,ashleyguerrero@example.org,(298) 358-4480,2014-03-13,2017-06-16,1,105.1,Highlights,ARCHIVE,,valid,Pass,Pre-2019 last appointment,0,0,DaySmart,DaySmart Only,2026-04-14
DS-202380,,DS-202380,Andrea,Lane,griffinmary@example.net,(272) 929-4286,2017-05-15,2018-08-26,3,643.61,Haircut,ARCHIVE,,catch-all,Pass,Pre-2019 last appointment,0,0,DaySmart,DaySmart Only,2026-04-14
DS-202387,,DS-202387,Ashley,Deleon,rvincent@example.net,(249) 470-0251,2015-03-08,2015-06-15,2,351.57,Highlights,ARCHIVE,,valid,Unsubscribe Rule,Pre-2019 last appointment,0,0,DaySmart,DaySmart Only,2026-04-14
DS-202389,,DS-202389,Felicia,Anderson,duffycody@example.net,(006) 347-4180,2015-03-29,2015-01-07,2,320.79,Blowout,ARCHIVE,,valid,Unsubscribe Rule,Pre-2019 last appointment,0,0,DaySmart,DaySmart Only,2026-04-14
DS-202393,,DS-202393,Melvin,Cruz,timothysimmons@example.com,(118) 196-1387,2015-06-04,2017-02-05,4,805.59,Pedicure,ARCHIVE,,catch-all,Pass,Pre-2019 last appointment,0,0,DaySmart,DaySmart Only,2026-04-14
DS-202399,,DS-202399,Daniel,Harrington,michaelsellers@example.org,(234) 592-3258,2010-06-29,2017-11-24,3,429.56,Blowout,ARCHIVE,,catch-all,Unsubscribe Rule,Pre-2019 last appointment,0,0,DaySmart,DaySmart Only,2026-04-14
DS-202406,,DS-202406,Brittany,Green,cheyennestrickland@example.com,(869) 800-5573,2015-07-23,2015-09-27,2,307.59,Highlights,ARCHIVE,,valid,Pass,Pre-2019 last appointment,0,0,DaySmart,DaySmart Only,2026-04-14
DS-202409,,DS-202409,Brian,Johnson,ephelps@example.org,(363) 591-1420,2010-09-22,2015-06-04,1,231.46,Facial,ARCHIVE,,valid,Unsubscribe Rule,Pre-2019 last appointment,0,0,DaySmart,DaySmart Only,2026-04-14
DS-202411,,DS-202411,Carlos,Park,johnsonjames@example.com,(892) 824-3509,2017-07-25,2011-09-09,2,458.35,Massage,ARCHIVE,,valid,Unsubscribe Rule,Pre-2019 last appointment,0,0,DaySmart,DaySmart Only,2026-04-14
DS-202412,,DS-202412,David,Martin,teresa17@example.com,(294) 846-7640,2018-01-19,2016-06-20,1,225.19,Pedicure,ARCHIVE,,valid,Pass,Pre-2019 last appointment,0,0,DaySmart,DaySmart Only,2026-04-14
DS-202413,,DS-202413,Sheena,Ellis,jason14@example.org,(830) 709-0633,2014-11-08,2018-12-22,1,252.6,Color Treatment,ARCHIVE,,valid,Pass,Pre-2019 last appointment,0,0,DaySmart,DaySmart Only,2026-04-14
DS-202428,,DS-202428,Michael,Hill,charlesowen@example.com,(031) 588-7850,2012-12-07,,0,0.0,,ARCHIVE,,valid,Unsubscribe Rule,Pre-2019 last appointment,0,0,DaySmart,DaySmart Only,2026-04-14
DS-202432,,DS-202432,Elizabeth,Cervantes,kevinsmith@example.net,(609) 692-5336,2015-10-07,2016-06-13,1,46.71,Pedicure,ARCHIVE,,valid,Unsubscribe Rule,Pre-2019 last appointment,0,0,DaySmart,DaySmart Only,2026-04-14
DS-202435,,DS-202435,Matthew,Mendoza,zgarrett@example.com,(481) 105-1292,2017-04-18,2016-07-18,1,44.01,Pedicure,ARCHIVE,,unknown,Unsubscribe Rule,Pre-2019 last appointment,0,0,DaySmart,DaySmart Only,2026-04-14
DS-202436,,DS-202436,Noah,Vasquez,owilliamson@example.net,(677) 810-7082,2018-03-05,2015-09-30,2,112.33,Manicure,ARCHIVE,,valid,Unsubscribe Rule,Pre-2019 last appointment,0,0,DaySmart,DaySmart Only,2026-04-14
DS-202446,,DS-202446,Ronald,Johnson,afernandez@example.org,(032) 082-3416,2013-05-31,2015-05-18,1,140.95,Highlights,ARCHIVE,,valid,Unsubscribe Rule,Pre-2019 last appointment,0,0,DaySmart,DaySmart Only,2026-04-14
DS-202448,,DS-202448,Stacie,Robbins,jbenjamin@example.org,(277) 261-0540,2015-05-03,2014-06-10,2,315.4,Highlights,ARCHIVE,,valid,Unsubscribe Rule,Pre-2019 last appointment,0,0,DaySmart,DaySmart Only,2026-04-14
DS-202457,,DS-202457,Paul,Romero,kimberlycastro@example.org,(474) 250-7438,2011-03-16,2014-01-25,1,287.02,Keratin Treatment,ARCHIVE,,unknown,Pass,Pre-2019 last appointment,0,0,DaySmart,DaySmart Only,2026-04-14
DS-202458,,DS-202458,Michael,Santos,ramosronald@example.com,(550) 053-5760,2013-10-23,2017-06-04,3,510.66,Manicure,ARCHIVE,,valid,Pass,Pre-2019 last appointment,0,0,DaySmart,DaySmart Only,2026-04-14
DS-202460,,DS-202460,Deborah,Allen,amy17@example.net,(275) 773-0614,2018-10-28,,0,0.0,,ARCHIVE,,valid,Unsubscribe Rule,Pre-2019 last appointment,0,0,DaySmart,DaySmart Only,2026-04-14
DS-202464,,DS-202464,Tracy,Wright,wward@example.com,(364) 220-9470,2010-07-13,2013-12-13,1,241.96,Haircut,ARCHIVE,,valid,Unsubscribe Rule,Pre-2019 last appointment,0,0,DaySmart,DaySmart Only,2026-04-14
DS-202465,,DS-202465,Jonathan,Erickson,cherylgood@example.net,(018) 769-2704,2015-02-25,2013-11-10,1,176.21,Massage,ARCHIVE,,do_not_mail,Do Not Mail,Pre-2019 last appointment,0,0,DaySmart,DaySmart Only,2026-04-14
DS-202466,,DS-202466,Sharon,Stone,yorkmichael@example.net,(834) 430-2997,2016-02-29,2011-11-15,5,725.47,Color Treatment,ARCHIVE,,valid,Pass,Pre-2019 last appointment,0,0,DaySmart,DaySmart Only,2026-04-14
DS-202469,,DS-202469,Austin,Burns,frandolph@example.org,(873) 140-3191,2012-08-31,2012-04-29,3,429.35,Highlights,ARCHIVE,,valid,Unsubscribe Rule,Pre-2019 last appointment,0,0,DaySmart,DaySmart Only,2026-04-14
DS-202471,,DS-202471,Johnny,Pearson,rgonzales@example.com,(167) 148-9579,2015-02-14,2018-06-27,2,148.88,Pedicure,ARCHIVE,,valid,Unsubscribe Rule,Pre-2019 last appointment,0,0,DaySmart,DaySmart Only,2026-04-14
DS-202475,,DS-202475,Nancy,Ramsey,lisadavis@example.org,(254) 675-9149,2012-09-12,2017-06-14,1,259.88,Consultation,ARCHIVE,,valid,Pass,Pre-2019 last appointment,0,0,DaySmart,DaySmart Only,2026-04-14
DS-202487,,DS-202487,Amanda,Cook,rsherman@example.com,(119) 353-9103,2018-11-13,2018-07-20,1,64.89,Consultation,ARCHIVE,,valid,Pass,Pre-2019 last appointment,0,0,DaySmart,DaySmart Only,2026-04-14
DS-202490,,DS-202490,Jacob,Arnold,sbradley@example.com,(853) 074-8781,2015-09-09,2012-08-12,2,246.52,Consultation,ARCHIVE,,valid,Unsubscribe Rule,Pre-2019 last appointment,0,0,DaySmart,DaySmart Only,2026-04-14
DS-202491,,DS-202491,Melissa,Wilson,alexis01@example.net,(136) 170-0048,2011-11-14,2010-10-26,1,230.87,Color Treatment,ARCHIVE,,valid,Pass,Pre-2019 last appointment,0,0,DaySmart,DaySmart Only,2026-04-14
DS-202492,,DS-202492,Patricia,Figueroa,elizabethhunter@example.org,(094) 525-5396,2011-04-16,2018-09-17,1,298.5,Haircut,ARCHIVE,,do_not_mail,Unsubscribe Rule,Pre-2019 last appointment,0,0,DaySmart,DaySmart Only,2026-04-14
DS-202496,,DS-202496,Steven,Thompson,bradyjoseph@example.net,(053) 890-5950,2013-11-01,2017-06-14,2,94.28,Massage,ARCHIVE,,valid,Unsubscribe Rule,Pre-2019 last appointment,0,0,DaySmart,DaySmart Only,2026-04-14
DS-202497,,DS-202497,Joseph,Jones,rayrivera@example.com,(721) 087-2741,2012-01-06,2018-05-20,5,917.06,Blowout,ARCHIVE,,catch-all,Pass,Pre-2019 last appointment,0,0,DaySmart,DaySmart Only,2026-04-14
DS-202499,,DS-202499,Chad,Webb,andreathomas@example.net,(729) 802-0291,2016-10-06,2016-06-23,3,457.46,Haircut,ARCHIVE,,valid,Pass,Pre-2019 last appointment,0,0,DaySmart,DaySmart Only,2026-04-14
DS-202502,,DS-202502,John,Wells,ronaldyang@example.net,(769) 799-8725,2015-04-12,2017-01-08,1,78.97,Keratin Treatment,ARCHIVE,,valid,Unsubscribe Rule,Pre-2019 last appointment,0,0,DaySmart,DaySmart Only,2026-04-14
DS-202506,,DS-202506,Mr.,Brian Ferrell,priscilla11@example.com,(787) 239-0371,2010-05-07,2015-09-18,4,570.16,Haircut,ARCHIVE,,valid,Unsubscribe Rule,Pre-2019 last appointment,0,0,DaySmart,DaySmart Only,2026-04-14
DS-202508,,DS-202508,Michael,Kelly,esims@example.com,(844) 400-2748,2013-03-13,,0,0.0,,ARCHIVE,,valid,Pass,Pre-2019 last appointment,0,0,DaySmart,DaySmart Only,2026-04-14
DS-202510,,DS-202510,Daniel,Colon,aroberts@example.com,(845) 273-3188,2017-06-26,2015-09-26,3,386.59,Consultation,ARCHIVE,,valid,Pass,Pre-2019 last appointment,0,0,DaySmart,DaySmart Only,2026-04-14
DS-202513,,DS-202513,Anthony,Diaz,markmassey@example.com,(748) 565-2642,2018-10-10,2017-12-09,4,469.12,Blowout,ARCHIVE,,valid,Unsubscribe Rule,Pre-2019 last appointment,0,0,DaySmart,DaySmart Only,2026-04-14
DS-202516,,DS-202516,Wanda,Lee,brianoconnor@example.com,(506) 961-5884,2011-12-21,2016-09-27,5,835.19,Keratin Treatment,ARCHIVE,,catch-all,Unsubscribe Rule,Pre-2019 last appointment,0,0,DaySmart,DaySmart Only,2026-04-14
DS-202530,,DS-202530,Mr.,Luis Holt,campbellmorgan@example.net,(280) 337-1421,2011-08-02,2017-11-06,2,472.5,Manicure,ARCHIVE,,valid,Pass,Pre-2019 last appointment,0,0,DaySmart,DaySmart Only,2026-04-14
DS-202535,,DS-202535,Dawn,Davis,smorgan@example.org,(608) 624-9513,2015-03-04,2017-03-31,4,658.98,Blowout,ARCHIVE,,valid,Unsubscribe Rule,Pre-2019 last appointment,0,0,DaySmart,DaySmart Only,2026-04-14
DS-202538,,DS-202538,Heather,Montgomery,davidcandice@example.com,(976) 022-3644,2018-10-17,2016-09-27,1,172.89,Consultation,ARCHIVE,,valid,Unsubscribe Rule,Pre-2019 last appointment,0,0,DaySmart,DaySmart Only,2026-04-14
DS-202544,,DS-202544,Elizabeth,Murray,rberry@example.org,(981) 625-4993,2013-06-14,2017-08-07,1,126.78,Blowout,ARCHIVE,,valid,Unsubscribe Rule,Pre-2019 last appointment,0,0,DaySmart,DaySmart Only,2026-04-14
DS-202552,,DS-202552,Robert,Johnston,matthewholland@example.com,(376) 366-2871,2015-08-12,2016-08-31,1,233.85,Highlights,ARCHIVE,,valid,Pass,Pre-2019 last appointment,0,0,DaySmart,DaySmart Only,2026-04-14
DS-202556,,DS-202556,Mallory,Marshall,harrisjohn@example.com,(663) 077-9975,2013-12-01,2011-09-25,3,282.08,Massage,ARCHIVE,,valid,Unsubscribe Rule,Pre-2019 last appointment,0,0,DaySmart,DaySmart Only,2026-04-14
DS-202562,,DS-202562,Sandra,Moon,paynelisa@example.org,(821) 606-3923,2013-04-24,2017-01-19,3,338.93,Facial,ARCHIVE,,valid,Unsubscribe Rule,Pre-2019 last appointment,0,0,DaySmart,DaySmart Only,2026-04-14
DS-202569,,DS-202569,Alexis,Lopez,georgesharp@example.com,(759) 902-5498,2014-07-06,2015-09-18,2,335.07,Facial,ARCHIVE,,valid,Unsubscribe Rule,Pre-2019 last appointment,0,0,DaySmart,DaySmart Only,2026-04-14
DS-202571,,DS-202571,Mason,Snyder,pcarrillo@example.net,(330) 225-1766,2016-03-07,2014-03-15,5,1018.37,Facial,ARCHIVE,,valid,Unsubscribe Rule,Pre-2019 last appointment,0,0,DaySmart,DaySmart Only,2026-04-14
DS-202576,,DS-202576,Nicholas,Williams,haley60@example.net,(638) 285-0416,2012-11-29,2015-02-18,2,412.64,Massage,ARCHIVE,,valid,Pass,Pre-2019 last appointment,0,0,DaySmart,DaySmart Only,2026-04-14
DS-202579,,DS-202579,Jonathan,Guerrero,hamiltonmichael@example.com,(952) 287-5120,2015-05-29,,0,0.0,,ARCHIVE,,valid,Unsubscribe Rule,Pre-2019 last appointment,0,0,DaySmart,DaySmart Only,2026-04-14
DS-202580,,DS-202580,Eric,Andrews II,martinezjustin@example.net,(633) 609-8910,2018-03-11,2017-02-10,4,690.59,Haircut,ARCHIVE,,valid,Unsubscribe Rule,Pre-2019 last appointment,0,0,DaySmart,DaySmart Only,2026-04-14
DS-202583,,DS-202583,Bryan,Riddle,obrienaudrey@example.com,(577) 079-6061,2015-07-15,2015-05-12,5,728.24,Pedicure,ARCHIVE,,catch-all,Unsubscribe Rule,Pre-2019 last appointment,0,0,DaySmart,DaySmart Only,2026-04-14
DS-202584,,DS-202584,Jacob,Garcia,kristin83@example.com,(955) 958-2770,2011-09-04,,0,0.0,,ARCHIVE,,valid,Pass,Pre-2019 last appointment,0,0,DaySmart,DaySmart Only,2026-04-14
DS-202587,,DS-202587,Keith,Hunt,brittany13@example.net,(878) 701-8811,2012-06-15,2015-11-30,3,543.2,Massage,ARCHIVE,,valid,Pass,Pre-2019 last appointment,0,0,DaySmart,DaySmart Only,2026-04-14
DS-202589,,DS-202589,Olivia,Jensen,skinnerjenny@example.org,(220) 822-0448,2015-06-25,2018-03-09,2,492.04,Keratin Treatment,ARCHIVE,,valid,Unsubscribe Rule,Pre-2019 last appointment,0,0,DaySmart,DaySmart Only,2026-04-14
DS-202590,,DS-202590,Larry,Robertson,perryjonathan@example.com,(710) 425-9900,2011-10-03,2018-12-08,2,473.32,Massage,ARCHIVE,,valid,Unsubscribe Rule,Pre-2019 last appointment,0,0,DaySmart,DaySmart Only,2026-04-14
DS-202595,,DS-202595,Lauren,Johnson,lorimiller@example.net,(489) 945-4949,2010-07-21,2010-06-09,1,245.26,Pedicure,ARCHIVE,,valid,Pass,Pre-2019 last appointment,0,0,DaySmart,DaySmart Only,2026-04-14
DS-202596,,DS-202596,Steven,Brown,tking@example.org,(175) 639-4904,2013-09-28,,0,0.0,,ARCHIVE,,valid,Pass,Pre-2019 last appointment,0,0,DaySmart,DaySmart Only,2026-04-14
DS-202598,,DS-202598,Alexander,Allen,alvarezangela@example.org,(139) 136-9975,2015-06-08,2016-08-09,4,791.03,Haircut,ARCHIVE,,valid,Unsubscribe Rule,Pre-2019 last appointment,0,0,DaySmart,DaySmart Only,2026-04-14
DS-202599,,DS-202599,Dr.,Casey Waters,xrojas@example.com,(224) 125-0383,2013-05-09,2018-12-15,2,281.68,Haircut,ARCHIVE,,catch-all,Unsubscribe Rule,Pre-2019 last appointment,0,0,DaySmart,DaySmart Only,2026-04-14
DS-202600,,DS-202600,David,Hancock,cmcintyre@example.com,(419) 753-7006,2017-08-28,2017-03-30,6,959.43,Consultation,ARCHIVE,,unknown,Unsubscribe Rule,Pre-2019 last appointment,0,0,DaySmart,DaySmart Only,2026-04-14
DS-202601,,DS-202601,Mary,Peters,nhurley@example.org,(521) 085-8375,2018-10-19,2015-08-27,2,317.89,Massage,ARCHIVE,,valid,Unsubscribe Rule,Pre-2019 last appointment,0,0,DaySmart,DaySmart Only,2026-04-14
DS-202604,,DS-202604,Eric,Lopez,xjoseph@example.net,(720) 409-3242,2016-04-23,2018-04-08,2,239.22,Color Treatment,ARCHIVE,,valid,Pass,Pre-2019 last appointment,0,0,DaySmart,DaySmart Only,2026-04-14
DS-202607,,DS-202607,Sara,Hopkins DDS,wendycarter@example.net,(520) 769-9152,2016-07-13,2013-05-02,2,353.59,Facial,ARCHIVE,,valid,Pass,Pre-2019 last appointment,0,0,DaySmart,DaySmart Only,2026-04-14
DS-202608,,DS-202608,Krystal,Snyder,daniel65@example.org,(180) 054-4027,2012-06-30,2011-12-17,1,119.33,Consultation,ARCHIVE,,valid,Pass,Pre-2019 last appointment,0,0,DaySmart,DaySmart Only,2026-04-14
DS-202609,,DS-202609,Brent,Taylor,brichardson@example.org,(036) 685-7439,2016-07-12,2014-10-18,2,325.91,Consultation,ARCHIVE,,valid,Unsubscribe Rule,Pre-2019 last appointment,0,0,DaySmart,DaySmart Only,2026-04-14
DS-202612,,DS-202612,Nathan,Thompson,ernest29@example.org,(546) 547-6316,2015-04-03,2014-07-13,1,213.95,Color Treatment,ARCHIVE,,valid,Unsubscribe Rule,Pre-2019 last appointment,0,0,DaySmart,DaySmart Only,2026-04-14
DS-202621,,DS-202621,Tonya,Richardson,elee@example.net,(757) 053-2093,2016-06-26,2018-12-11,2,247.34,Facial,ARCHIVE,,valid,Unsubscribe Rule,Pre-2019 last appointment,0,0,DaySmart,DaySmart Only,2026-04-14
DS-202622,,DS-202622,Eric,Russell,howelltimothy@example.net,(941) 036-7580,2015-06-17,2015-10-22,2,244.75,Haircut,ARCHIVE,,valid,Pass,Pre-2019 last appointment,0,0,DaySmart,DaySmart Only,2026-04-14
DS-202627,,DS-202627,Vincent,Jones,grossashley@example.com,(910) 676-9871,2014-05-16,2015-02-16,2,313.13,Manicure,ARCHIVE,,valid,Unsubscribe Rule,Pre-2019 last appointment,0,0,DaySmart,DaySmart Only,2026-04-14
DS-202628,,DS-202628,Brad,Pratt,lperez@example.net,(225) 196-4295,2010-10-07,2016-11-09,2,217.38,Keratin Treatment,ARCHIVE,,valid,Pass,Pre-2019 last appointment,0,0,DaySmart,DaySmart Only,2026-04-14
DS-202629,,DS-202629,Arthur,Sawyer,dilloneric@example.com,(449) 655-0242,2012-03-14,2016-01-28,1,143.01,Massage,ARCHIVE,,valid,Pass,Pre-2019 last appointment,0,0,DaySmart,DaySmart Only,2026-04-14
DS-202632,,DS-202632,Ronald,Floyd,hramirez@example.org,(287) 807-3900,2011-03-25,2013-12-02,1,66.0,Consultation,ARCHIVE,,valid,Unsubscribe Rule,Pre-2019 last appointment,0,0,DaySmart,DaySmart Only,2026-04-14
DS-202640,,DS-202640,Nathan,Sullivan,raycaleb@example.org,(975) 057-9215,2018-12-04,2013-02-02,2,345.81,Manicure,ARCHIVE,,unknown,Unsubscribe Rule,Pre-2019 last appointment,0,0,DaySmart,DaySmart Only,2026-04-14
DS-202651,,DS-202651,Christina,Osborne,jordankatrina@example.org,(992) 868-7842,2017-11-01,2016-06-02,4,692.23,Consultation,ARCHIVE,,valid,Unsubscribe Rule,Pre-2019 last appointment,0,0,DaySmart,DaySmart Only,2026-04-14
DS-202655,,DS-202655,Sara,Navarro,laurenrobertson@example.com,(148) 454-4300,2013-05-22,2016-02-23,2,123.97,Haircut,ARCHIVE,,valid,Pass,Pre-2019 last appointment,0,0,DaySmart,DaySmart Only,2026-04-14
DS-202659,,DS-202659,Mariah,Green,emilysmith@example.com,(396) 848-3596,2012-05-10,2012-03-14,1,235.81,Massage,ARCHIVE,,valid,Unsubscribe Rule,Pre-2019 last appointment,0,0,DaySmart,DaySmart Only,2026-04-14
DS-202679,,DS-202679,David,Wilkerson,nsharp@example.org,(342) 414-7189,2018-09-30,,0,0.0,,ARCHIVE,,catch-all,Pass,Pre-2019 last appointment,0,0,DaySmart,DaySmart Only,2026-04-14
DS-202681,,DS-202681,Stephanie,Leach,tracey79@example.com,(313) 240-4961,2017-09-22,,0,0.0,,ARCHIVE,,unknown,Unsubscribe Rule,Pre-2019 last appointment,0,0,DaySmart,DaySmart Only,2026-04-14
DS-202682,,DS-202682,Anna,Sanders,timothyhill@example.com,(065) 868-6237,2011-09-21,2011-01-08,1,226.08,Blowout,ARCHIVE,,valid,Pass,Pre-2019 last appointment,0,0,DaySmart,DaySmart Only,2026-04-14
DS-202686,,DS-202686,John,Wong,thomaswatson@example.net,(785) 457-6530,2013-11-08,,0,0.0,,ARCHIVE,,valid,Pass,Pre-2019 last appointment,0,0,DaySmart,DaySmart Only,2026-04-14
DS-202692,,DS-202692,Brandi,Riley,bennettzachary@example.net,(603) 342-9950,2017-04-05,2015-12-20,1,152.28,Blowout,ARCHIVE,,valid,Pass,Pre-2019 last appointment,0,0,DaySmart,DaySmart Only,2026-04-14
DS-202695,,DS-202695,Kaitlyn,Lopez,daniel84@example.net,(198) 661-3294,2012-08-03,2013-09-14,1,119.61,Highlights,ARCHIVE,,valid,Pass,Pre-2019 last appointment,0,0,DaySmart,DaySmart Only,2026-04-14
DS-202707,,DS-202707,Jennifer,Baker,kelleyjoseph@example.org,(938) 654-7192,2011-09-17,2018-12-28,1,64.74,Color Treatment,ARCHIVE,,valid,Pass,Pre-2019 last appointment,0,0,DaySmart,DaySmart Only,2026-04-14
DS-202708,,DS-202708,Jacqueline,Dixon,alyssa05@example.com,(623) 005-6094,2011-10-07,2016-12-25,3,657.46,Blowout,ARCHIVE,,valid,Pass,Pre-2019 last appointment,0,0,DaySmart,DaySmart Only,2026-04-14
DS-202710,,DS-202710,John,Vance,margaretalvarez@example.net,(391) 947-4372,2012-12-28,,0,0.0,,ARCHIVE,,valid,Unsubscribe Rule,Pre-2019 last appointment,0,0,DaySmart,DaySmart Only,2026-04-14
DS-202713,,DS-202713,Jacqueline,Martin DDS,clarkpaul@example.org,(287) 425-6568,2015-04-11,2012-10-03,3,423.99,Keratin Treatment,ARCHIVE,,valid,Unsubscribe Rule,Pre-2019 last appointment,0,0,DaySmart,DaySmart Only,2026-04-14
DS-202716,,DS-202716,Tina,Nelson,mdavis@example.net,(954) 171-0065,2013-07-04,2016-12-16,1,267.04,Haircut,ARCHIVE,,unknown,Unsubscribe Rule,Pre-2019 last appointment,0,0,DaySmart,DaySmart Only,2026-04-14
DS-202717,,DS-202717,Juan,Roberts,elizabeth36@example.org,(776) 659-9599,2016-09-05,2015-09-27,1,25.61,Keratin Treatment,ARCHIVE,,valid,Pass,Pre-2019 last appointment,0,0,DaySmart,DaySmart Only,2026-04-14
DS-202720,,DS-202720,Karen,Phillips,kspence@example.org,(722) 391-7619,2014-05-20,2012-06-21,1,223.25,Facial,ARCHIVE,,valid,Unsubscribe Rule,Pre-2019 last appointment,0,0,DaySmart,DaySmart Only,2026-04-14
DS-202725,,DS-202725,Billy,Ibarra,jacobcoleman@example.net,(409) 134-1781,2012-12-01,,0,0.0,,ARCHIVE,,catch-all,Unsubscribe Rule,Pre-2019 last appointment,0,0,DaySmart,DaySmart Only,2026-04-14
DS-202727,,DS-202727,Carrie,Long,kirkzachary@example.net,(438) 816-8482,2018-12-03,2018-11-26,4,762.38,Color Treatment,ARCHIVE,,valid,Pass,Pre-2019 last appointment,0,0,DaySmart,DaySmart Only,2026-04-14
DS-202729,,DS-202729,Amber,Miller,dhall@example.org,(276) 327-2237,2012-05-26,2013-02-16,1,123.86,Pedicure,ARCHIVE,,valid,Pass,Pre-2019 last appointment,0,0,DaySmart,DaySmart Only,2026-04-14
DS-202731,,DS-202731,Amy,Leon,michelle97@example.org,(451) 359-9642,2011-08-12,2018-01-13,1,177.55,Keratin Treatment,ARCHIVE,,catch-all,Unsubscribe Rule,Pre-2019 last appointment,0,0,DaySmart,DaySmart Only,2026-04-14
DS-202732,,DS-202732,Lisa,Dean,qmoore@example.org,(514) 316-4119,2013-11-02,2013-06-02,3,688.94,Facial,ARCHIVE,,valid,Unsubscribe Rule,Pre-2019 last appointment,0,0,DaySmart,DaySmart Only,2026-04-14
DS-202750,,DS-202750,Marcus,Hunt,flemingbrandon@example.net,(991) 514-1405,2014-05-02,2013-05-17,1,157.67,Blowout,ARCHIVE,,valid,Pass,Pre-2019 last appointment,0,0,DaySmart,DaySmart Only,2026-04-14
DS-202752,,DS-202752,Cassandra,Peterson,anthony17@example.com,(425) 396-8527,2015-04-19,2014-10-09,2,490.93,Facial,ARCHIVE,,valid,Unsubscribe Rule,Pre-2019 last appointment,0,0,DaySmart,DaySmart Only,2026-04-14
DS-202754,,DS-202754,Lisa,Craig,michelle15@example.net,(117) 533-1702,2016-11-23,2016-06-05,1,243.81,Manicure,ARCHIVE,,valid,Pass,Pre-2019 last appointment,0,0,DaySmart,DaySmart Only,2026-04-14
DS-202756,,DS-202756,Curtis,Melton,stephanie96@example.com,(741) 331-1519,2010-05-29,2018-04-15,2,234.93,Massage,ARCHIVE,,valid,Pass,Pre-2019 last appointment,0,0,DaySmart,DaySmart Only,2026-04-14
DS-202763,,DS-202763,Matthew,Price,paulpalmer@example.net,(301) 333-2798,2013-05-26,,0,0.0,,ARCHIVE,,valid,Pass,Pre-2019 last appointment,0,0,DaySmart,DaySmart Only,2026-04-14
DS-202764,,DS-202764,Brandon,Chavez,daniellebutler@example.com,(199) 614-9491,2014-01-15,,0,0.0,,ARCHIVE,,valid,Unsubscribe Rule,Pre-2019 last appointment,0,0,DaySmart,DaySmart Only,2026-04-14
DS-202767,,DS-202767,Stephen,Henderson,leelisa@example.org,(471) 120-2730,2013-11-30,,0,0.0,,ARCHIVE,,valid,Unsubscribe Rule,Pre-2019 last appointment,0,0,DaySmart,DaySmart Only,2026-04-14
DS-202769,,DS-202769,Megan,Jones,bernardcourtney@example.net,(977) 387-9278,2014-10-30,2011-02-20,1,55.47,Pedicure,ARCHIVE,,valid,Unsubscribe Rule,Pre-2019 last appointment,0,0,DaySmart,DaySmart Only,2026-04-14
DS-202776,,DS-202776,Benjamin,Lindsey MD,jennifer68@example.com,(713) 290-1029,2017-06-20,2018-08-24,3,464.45,Massage,ARCHIVE,,catch-all,Pass,Pre-2019 last appointment,0,0,DaySmart,DaySmart Only,2026-04-14
DS-202784,,DS-202784,Kimberly,Andrews,jeremycampbell@example.com,(055) 724-7721,2013-02-14,,0,0.0,,ARCHIVE,,valid,Pass,Pre-2019 last appointment,0,0,DaySmart,DaySmart Only,2026-04-14
DS-202785,,DS-202785,Vincent,Hernandez,russellstephanie@example.com,(941) 723-1901,2012-06-30,2012-11-23,1,219.73,Haircut,ARCHIVE,,valid,Unsubscribe Rule,Pre-2019 last appointment,0,0,DaySmart,DaySmart Only,2026-04-14
DS-202790,,DS-202790,Kellie,Huber,fuentesjames@example.org,(299) 785-3210,2015-06-26,2014-05-23,1,201.02,Haircut,ARCHIVE,,valid,Pass,Pre-2019 last appointment,0,0,DaySmart,DaySmart Only,2026-04-14
DS-202805,,DS-202805,Matthew,Hoffman,clayscott@example.com,(465) 857-8564,2011-01-25,2015-05-29,1,106.25,Color Treatment,ARCHIVE,,valid,Pass,Pre-2019 last appointment,0,0,DaySmart,DaySmart Only,2026-04-14
DS-202808,,DS-202808,Austin,Herrera,tylerrusso@example.com,(068) 886-7420,2016-03-13,2015-07-12,4,747.35,Blowout,ARCHIVE,,valid,Unsubscribe Rule,Pre-2019 last appointment,0,0,DaySmart,DaySmart Only,2026-04-14
DS-202810,,DS-202810,Scott,Joseph,courtneyshaw@example.com,(908) 686-5146,2010-12-23,2016-09-05,4,622.06,Facial,ARCHIVE,,valid,Pass,Pre-2019 last appointment,0,0,DaySmart,DaySmart Only,2026-04-14
DS-202815,,DS-202815,Nicole,Clark,gstafford@example.com,(562) 713-7024,2018-10-22,2018-10-31,2,74.63,Keratin Treatment,ARCHIVE,,valid,Unsubscribe Rule,Pre-2019 last appointment,0,0,DaySmart,DaySmart Only,2026-04-14
DS-202816,,DS-202816,Justin,Madden,guzmannoah@example.org,(947) 830-6264,2014-12-17,2012-03-28,1,229.26,Keratin Treatment,ARCHIVE,,valid,Unsubscribe Rule,Pre-2019 last appointment,0,0,DaySmart,DaySmart Only,2026-04-14
DS-202817,,DS-202817,Kylie,Tran,valerieadams@example.com,(631) 284-2092,2011-03-23,2013-12-31,1,296.31,Color Treatment,ARCHIVE,,valid,Pass,Pre-2019 last appointment,0,0,DaySmart,DaySmart Only,2026-04-14
DS-202818,,DS-202818,Leah,Davis,thomasbenjamin@example.org,(512) 851-3684,2012-03-12,2014-11-08,2,388.93,Blowout,ARCHIVE,,valid,Pass,Pre-2019 last appointment,0,0,DaySmart,DaySmart Only,2026-04-14
DS-202825,,DS-202825,Dustin,Palmer,aguirrelauren@example.org,(358) 587-2632,2018-03-24,2018-09-03,1,95.89,Pedicure,ARCHIVE,,valid,Pass,Pre-2019 last appointment,0,0,DaySmart,DaySmart Only,2026-04-14
DS-202826,,DS-202826,Mark,Obrien,htorres@example.net,(023) 872-8807,2017-11-23,2017-02-28,2,433.14,Manicure,ARCHIVE,,valid,Unsubscribe Rule,Pre-2019 last appointment,0,0,DaySmart,DaySmart Only,2026-04-14
DS-202828,,DS-202828,Carolyn,Preston,andradevanessa@example.com,(000) 082-2205,2017-10-11,,0,0.0,,ARCHIVE,,valid,Pass,Pre-2019 last appointment,0,0,DaySmart,DaySmart Only,2026-04-14
DS-202829,,DS-202829,Laura,Howard,riceallison@example.com,(661) 710-1478,2017-03-14,2016-05-26,4,590.75,Keratin Treatment,ARCHIVE,,valid,Pass,Pre-2019 last appointment,0,0,DaySmart,DaySmart Only,2026-04-14
DS-202830,,DS-202830,Lisa,Garcia,conwayjames@example.org,(665) 068-8857,2015-08-15,,0,0.0,,ARCHIVE,,valid,Pass,Pre-2019 last appointment,0,0,DaySmart,DaySmart Only,2026-04-14
DS-202832,,DS-202832,Jessica,Cervantes,ryan46@example.net,(667) 646-9142,2017-12-21,2017-10-30,3,360.47,Consultation,ARCHIVE,,do_not_mail,Do Not Mail,Pre-2019 last appointment,0,0,DaySmart,DaySmart Only,2026-04-14
DS-202833,,DS-202833,Sara,Hood,lewisshelley@example.com,(437) 847-1073,2012-10-03,2015-11-16,1,153.67,Highlights,ARCHIVE,,valid,Pass,Pre-2019 last appointment,0,0,DaySmart,DaySmart Only,2026-04-14
DS-202836,,DS-202836,Angela,Brown,pwaller@example.net,(631) 555-8008,2011-04-01,2018-09-15,2,456.9,Consultation,ARCHIVE,,valid,Pass,Pre-2019 last appointment,0,0,DaySmart,DaySmart Only,2026-04-14
DS-202837,,DS-202837,Christy,Hicks,jillarnold@example.org,(708) 444-6850,2018-06-23,2016-12-05,3,658.5,Consultation,ARCHIVE,,unknown,Pass,Pre-2019 last appointment,0,0,DaySmart,DaySmart Only,2026-04-14
DS-202838,,DS-202838,Jacob,Travis,melissa84@example.org,(932) 645-7017,2016-01-26,2017-05-13,3,564.11,Color Treatment,ARCHIVE,,valid,Pass,Pre-2019 last appointment,0,0,DaySmart,DaySmart Only,2026-04-14
DS-202846,,DS-202846,William,Hayes,wilsonjeremy@example.org,(207) 361-7457,2016-08-06,,0,0.0,,ARCHIVE,,valid,Pass,Pre-2019 last appointment,0,0,DaySmart,DaySmart Only,2026-04-14
DS-202847,,DS-202847,Kathryn,Fowler,smithbryan@example.org,(133) 021-4890,2012-07-07,2016-05-03,3,497.21,Facial,ARCHIVE,,valid,Pass,Pre-2019 last appointment,0,0,DaySmart,DaySmart Only,2026-04-14
DS-202849,,DS-202849,Nicholas,Harmon,ronald91@example.com,(833) 659-7470,2016-01-03,2010-08-11,1,104.15,Manicure,ARCHIVE,,valid,Pass,Pre-2019 last appointment,0,0,DaySmart,DaySmart Only,2026-04-14
DS-202850,,DS-202850,Joel,Cowan,morrisonheidi@example.net,(083) 382-6561,2011-11-17,2016-02-01,1,167.97,Haircut,ARCHIVE,,valid,Unsubscribe Rule,Pre-2019 last appointment,0,0,DaySmart,DaySmart Only,2026-04-14
DS-202857,,DS-202857,Jordan,Little,amber67@example.org,(172) 498-5963,2016-02-02,,0,0.0,,ARCHIVE,,valid,Pass,Pre-2019 last appointment,0,0,DaySmart,DaySmart Only,2026-04-14
DS-202877,,DS-202877,Shelby,Cohen,adamwalton@example.net,(208) 082-0780,2018-01-20,,0,0.0,,ARCHIVE,,valid,Unsubscribe Rule,Pre-2019 last appointment,0,0,DaySmart,DaySmart Only,2026-04-14
DS-202883,,DS-202883,Nicole,Thomas,hhunter@example.net,(343) 297-8671,2010-09-20,,0,0.0,,ARCHIVE,,catch-all,Pass,Pre-2019 last appointment,0,0,DaySmart,DaySmart Only,2026-04-14
DS-202884,,DS-202884,Rhonda,Dennis,emily95@example.com,(194) 770-0719,2015-12-03,2012-03-17,1,190.52,Facial,ARCHIVE,,valid,Unsubscribe Rule,Pre-2019 last appointment,0,0,DaySmart,DaySmart Only,2026-04-14
DS-202885,,DS-202885,Crystal,Lopez,wbriggs@example.net,(217) 234-0515,2010-10-14,2016-08-28,4,770.89,Color Treatment,ARCHIVE,,valid,Pass,Pre-2019 last appointment,0,0,DaySmart,DaySmart Only,2026-04-14
DS-202889,,DS-202889,Derek,Gillespie,christopher89@example.net,(819) 785-5179,2018-12-20,2018-08-08,2,440.17,Consultation,ARCHIVE,,valid,Unsubscribe Rule,Pre-2019 last appointment,0,0,DaySmart,DaySmart Only,2026-04-14
DS-202890,,DS-202890,Stephanie,Williams,josephmorrison@example.com,(893) 049-4080,2010-07-14,2018-11-21,4,568.4,Manicure,ARCHIVE,,unknown,Unsubscribe Rule,Pre-2019 last appointment,0,0,DaySmart,DaySmart Only,2026-04-14
DS-202893,,DS-202893,Erika,Martin,fernandezmark@example.net,(749) 455-8393,2016-10-17,2011-04-20,1,262.17,Haircut,ARCHIVE,,do_not_mail,Unsubscribe Rule,Pre-2019 last appointment,0,0,DaySmart,DaySmart Only,2026-04-14
DS-202901,,DS-202901,Robert,Fisher,baxterashley@example.org,(716) 623-9352,2018-09-14,2018-02-18,2,163.77,Keratin Treatment,ARCHIVE,,valid,Pass,Pre-2019 last appointment,0,0,DaySmart,DaySmart Only,2026-04-14
DS-202902,,DS-202902,Jillian,Villarreal,matthew13@example.org,(613) 542-7018,2018-11-05,2018-07-20,5,414.81,Massage,ARCHIVE,,valid,Pass,Pre-2019 last appointment,0,0,DaySmart,DaySmart Only,2026-04-14
DS-202903,,DS-202903,Mark,Brown,marklowery@example.org,(046) 740-7185,2015-02-20,2013-02-19,2,208.61,Massage,ARCHIVE,,valid,Unsubscribe Rule,Pre-2019 last appointment,0,0,DaySmart,DaySmart Only,2026-04-14
DS-202907,,DS-202907,Adrian,Curtis,eandrews@example.net,(445) 576-6962,2012-12-08,2016-01-24,3,300.93,Pedicure,ARCHIVE,,valid,Unsubscribe Rule,Pre-2019 last appointment,0,0,DaySmart,DaySmart Only,2026-04-14
DS-202909,,DS-202909,David,Moyer,powellpaul@example.org,(335) 199-9721,2014-03-20,2016-08-12,4,706.04,Blowout,ARCHIVE,,valid,Unsubscribe Rule,Pre-2019 last appointment,0,0,DaySmart,DaySmart Only,2026-04-14
DS-202910,,DS-202910,Jessica,Kirk,imccoy@example.org,(117) 310-1091,2010-11-07,,0,0.0,,ARCHIVE,,valid,Unsubscribe Rule,Pre-2019 last appointment,0,0,DaySmart,DaySmart Only,2026-04-14
DS-202915,,DS-202915,Mary,Turner,alicia69@example.net,(445) 142-1572,2017-06-07,2013-04-24,1,97.34,Color Treatment,ARCHIVE,,catch-all,Pass,Pre-2019 last appointment,0,0,DaySmart,DaySmart Only,2026-04-14
DS-202916,,DS-202916,Anthony,Brown,kristinamiller@example.org,(827) 646-1239,2011-01-30,,0,0.0,,ARCHIVE,,valid,Unsubscribe Rule,Pre-2019 last appointment,0,0,DaySmart,DaySmart Only,2026-04-14
DS-202919,,DS-202919,Alexis,Young,amanda55@example.org,(506) 815-1146,2013-03-11,,0,0.0,,ARCHIVE,,valid,Unsubscribe Rule,Pre-2019 last appointment,0,0,DaySmart,DaySmart Only,2026-04-14
DS-202920,,DS-202920,Madison,Martin,tdonovan@example.com,(272) 438-1445,2018-10-25,2018-08-08,4,781.15,Manicure,ARCHIVE,,valid,Unsubscribe Rule,Pre-2019 last appointment,0,0,DaySmart,DaySmart Only,2026-04-14
DS-202921,,DS-202921,Shannon,Watkins,pcooper@example.org,(144) 633-8455,2011-11-06,2011-06-04,2,202.12,Highlights,ARCHIVE,,valid,Unsubscribe Rule,Pre-2019 last appointment,0,0,DaySmart,DaySmart Only,2026-04-14
DS-202923,,DS-202923,Brittany,Williams,natalie76@example.com,(970) 683-8282,2018-04-24,2018-12-20,1,179.22,Keratin Treatment,ARCHIVE,,valid,Unsubscribe Rule,Pre-2019 last appointment,0,0,DaySmart,DaySmart Only,2026-04-14
DS-202929,,DS-202929,Catherine,Cooper,jessica05@example.org,(361) 416-3707,2017-12-24,2012-06-13,2,241.07,Blowout,ARCHIVE,,valid,Pass,Pre-2019 last appointment,0,0,DaySmart,DaySmart Only,2026-04-14
DS-202934,,DS-202934,Shawn,Cooke,dunderwood@example.com,(165) 374-6678,2016-06-06,2017-09-15,2,274.37,Color Treatment,ARCHIVE,,valid,Unsubscribe Rule,Pre-2019 last appointment,0,0,DaySmart,DaySmart Only,2026-04-14
DS-202937,,DS-202937,Maria,Burnett,jscott@example.org,(579) 619-4238,2016-04-10,,0,0.0,,ARCHIVE,,valid,Unsubscribe Rule,Pre-2019 last appointment,0,0,DaySmart,DaySmart Only,2026-04-14
DS-202938,,DS-202938,Michael,Moore,gbrady@example.org,(709) 278-5743,2018-09-23,2016-12-10,2,237.54,Facial,ARCHIVE,,valid,Pass,Pre-2019 last appointment,0,0,DaySmart,DaySmart Only,2026-04-14
DS-202940,,DS-202940,Mercedes,Cortez,gbray@example.com,(334) 453-9750,2018-05-01,2017-11-26,3,576.49,Haircut,ARCHIVE,,valid,Pass,Pre-2019 last appointment,0,0,DaySmart,DaySmart Only,2026-04-14
DS-202949,,DS-202949,Rachel,Kim,melanie20@example.org,(608) 307-7366,2018-09-26,2018-12-27,3,322.34,Massage,ARCHIVE,,valid,Pass,Pre-2019 last appointment,0,0,DaySmart,DaySmart Only,2026-04-14
DS-202950,,DS-202950,John,Davis,taylor33@example.org,(538) 379-0238,2017-08-03,2014-05-31,1,296.62,Massage,ARCHIVE,,valid,Unsubscribe Rule,Pre-2019 last appointment,0,0,DaySmart,DaySmart Only,2026-04-14
DS-202953,,DS-202953,Jeremy,Little,heather77@example.com,(735) 106-7444,2012-08-07,2016-12-29,1,170.16,Pedicure,ARCHIVE,,valid,Unsubscribe Rule,Pre-2019 last appointment,0,0,DaySmart,DaySmart Only,2026-04-14
DS-202954,,DS-202954,Amanda,Fletcher,haynestracy@example.com,(880) 302-4923,2016-10-12,2014-08-22,2,494.54,Facial,ARCHIVE,,unknown,Unsubscribe Rule,Pre-2019 last appointment,0,0,DaySmart,DaySmart Only,2026-04-14
DS-202956,,DS-202956,Jessica,Robinson,sarahduncan@example.net,(048) 881-9875,2013-09-16,2017-11-08,2,457.64,Manicure,ARCHIVE,,do_not_mail,Unsubscribe Rule,Pre-2019 last appointment,0,0,DaySmart,DaySmart Only,2026-04-14
DS-202957,,DS-202957,Christopher,Aguilar,nfox@example.net,(283) 986-3910,2014-10-19,2016-08-20,2,344.77,Haircut,ARCHIVE,,valid,Unsubscribe Rule,Pre-2019 last appointment,0,0,DaySmart,DaySmart Only,2026-04-14
DS-202962,,DS-202962,Denise,Johnson,jacquelineturner@example.com,(574) 096-8348,2012-09-07,2012-01-30,1,58.67,Massage,ARCHIVE,,valid,Pass,Pre-2019 last appointment,0,0,DaySmart,DaySmart Only,2026-04-14
DS-202963,,DS-202963,Jeffery,Roberts DVM,christinacunningham@example.com,(736) 053-9081,2017-02-22,,0,0.0,,ARCHIVE,,valid,Pass,Pre-2019 last appointment,0,0,DaySmart,DaySmart Only,2026-04-14
DS-202972,,DS-202972,Mrs.,Donna Nguyen DDS,hickstina@example.net,(653) 851-9405,2016-02-28,2014-02-07,2,359.22,Haircut,ARCHIVE,,valid,Pass,Pre-2019 last appointment,0,0,DaySmart,DaySmart Only,2026-04-14
DS-202974,,DS-202974,Mary,Flores,reginarogers@example.org,(122) 725-4495,2015-12-02,2018-09-10,3,505.67,Haircut,ARCHIVE,,valid,Pass,Pre-2019 last appointment,0,0,DaySmart,DaySmart Only,2026-04-14
DS-202983,,DS-202983,Katie,Lee,michelle43@example.org,(754) 115-6527,2012-05-09,2012-05-31,1,159.79,Massage,ARCHIVE,,unknown,Pass,Pre-2019 last appointment,0,0,DaySmart,DaySmart Only,2026-04-14
DS-202984,,DS-202984,Tony,Reyes,wmorales@example.net,(981) 805-2792,2011-06-15,2014-07-19,3,674.81,Massage,ARCHIVE,,catch-all,Unsubscribe Rule,Pre-2019 last appointment,0,0,DaySmart,DaySmart Only,2026-04-14
DS-202985,,DS-202985,Brian,Ball,sarah60@example.com,(649) 323-7558,2012-06-16,2012-06-26,1,27.57,Manicure,ARCHIVE,,valid,Pass,Pre-2019 last appointment,0,0,DaySmart,DaySmart Only,2026-04-14
DS-202990,,DS-202990,Ashley,Caldwell,candrade@example.org,(774) 460-8348,2016-05-29,,0,0.0,,ARCHIVE,,valid,Unsubscribe Rule,Pre-2019 last appointment,0,0,DaySmart,DaySmart Only,2026-04-14
DS-202991,,DS-202991,Alexandra,Kelley,codyanderson@example.org,(315) 349-7621,2011-08-14,2016-04-07,1,105.83,Haircut,ARCHIVE,,valid,Unsubscribe Rule,Pre-2019 last appointment,0,0,DaySmart,DaySmart Only,2026-04-14
DS-202993,,DS-202993,Joseph,Johnson,heather63@example.com,(550) 121-9914,2015-11-26,2018-07-23,5,607.69,Color Treatment,ARCHIVE,,valid,Pass,Pre-2019 last appointment,0,0,DaySmart,DaySmart Only,2026-04-14
DS-202995,,DS-202995,Charles,Spears,taylordanielle@example.org,(887) 071-3604,2017-08-21,,0,0.0,,ARCHIVE,,do_not_mail,Do Not Mail,Pre-2019 last appointment,0,0,DaySmart,DaySmart Only,2026-04-14
DS-202999,,DS-202999,Jackson,Taylor,steven00@example.com,(830) 762-7325,2014-08-26,2014-09-27,2,484.4,Highlights,ARCHIVE,,valid,Pass,Pre-2019 last appointment,0,0,DaySmart,DaySmart Only,2026-04-14
DS-203005,,DS-203005,Scott,Hines,christophercruz@example.net,(523) 814-9871,2010-04-04,2011-08-14,1,191.23,Haircut,ARCHIVE,,valid,Pass,Pre-2019 last appointment,0,0,DaySmart,DaySmart Only,2026-04-14
DS-203009,,DS-203009,Emily,Lin,rickymcdonald@example.org,(907) 505-6115,2018-05-07,2014-12-22,1,32.64,Facial,ARCHIVE,,valid,Unsubscribe Rule,Pre-2019 last appointment,0,0,DaySmart,DaySmart Only,2026-04-14
DS-203012,,DS-203012,Randy,Olson,cooperjohn@example.org,(682) 194-7190,2010-08-25,2014-10-25,3,417.14,Pedicure,ARCHIVE,,catch-all,Unsubscribe Rule,Pre-2019 last appointment,0,0,DaySmart,DaySmart Only,2026-04-14
DS-203017,,DS-203017,Michael,Lopez,natalie39@example.com,(807) 207-8458,2017-08-19,,0,0.0,,ARCHIVE,,valid,Pass,Pre-2019 last appointment,0,0,DaySmart,DaySmart Only,2026-04-14
DS-203018,,DS-203018,Jeremy,Webb,iparks@example.org,(806) 672-5279,2013-05-24,2017-02-15,2,472.49,Blowout,ARCHIVE,,do_not_mail,Unsubscribe Rule,Pre-2019 last appointment,0,0,DaySmart,DaySmart Only,2026-04-14
DS-203019,,DS-203019,Devin,Oneal,josephbrianna@example.com,(774) 210-8306,2014-07-01,,0,0.0,,ARCHIVE,,valid,Pass,Pre-2019 last appointment,0,0,DaySmart,DaySmart Only,2026-04-14
DS-203021,,DS-203021,Katrina,Rivers,gabrielhurst@example.org,(502) 277-4690,2013-12-20,2017-02-16,2,284.04,Color Treatment,ARCHIVE,,valid,Unsubscribe Rule,Pre-2019 last appointment,0,0,DaySmart,DaySmart Only,2026-04-14
DS-203023,,DS-203023,Timothy,Williams,ericagardner@example.net,(384) 535-0021,2016-08-26,2018-04-01,3,586.97,Consultation,ARCHIVE,,valid,Unsubscribe Rule,Pre-2019 last appointment,0,0,DaySmart,DaySmart Only,2026-04-14
DS-203031,,DS-203031,Daniel,Morgan,christiestone@example.org,(116) 867-4478,2015-09-12,2018-03-15,1,145.73,Color Treatment,ARCHIVE,,valid,Unsubscribe Rule,Pre-2019 last appointment,0,0,DaySmart,DaySmart Only,2026-04-14
DS-203041,,DS-203041,Rebecca,Austin,perezpeter@example.org,(999) 326-0386,2011-07-06,2011-10-20,1,240.81,Massage,ARCHIVE,,valid,Unsubscribe Rule,Pre-2019 last appointment,0,0,DaySmart,DaySmart Only,2026-04-14
DS-203047,,DS-203047,Miss,Kimberly Gonzalez,vriley@example.com,(938) 268-3138,2013-09-15,2018-03-16,3,742.09,Manicure,ARCHIVE,,valid,Pass,Pre-2019 last appointment,0,0,DaySmart,DaySmart Only,2026-04-14
DS-203055,,DS-203055,Alicia,Jackson,trichardson@example.net,(101) 410-0825,2015-07-17,2018-05-28,5,991.86,Keratin Treatment,ARCHIVE,,valid,Pass,Pre-2019 last appointment,0,0,DaySmart,DaySmart Only,2026-04-14
DS-203059,,DS-203059,Charles,Rivera,kimtaylor@example.net,(157) 088-3286,2010-08-16,,0,0.0,,ARCHIVE,,valid,Pass,Pre-2019 last appointment,0,0,DaySmart,DaySmart Only,2026-04-14
DS-203063,,DS-203063,Juan,Dillon,foleypatricia@example.org,(805) 384-7927,2014-01-24,2017-08-26,4,594.23,Pedicure,ARCHIVE,,valid,Pass,Pre-2019 last appointment,0,0,DaySmart,DaySmart Only,2026-04-14
DS-203065,,DS-203065,Jerry,Wallace,solisdenise@example.net,(010) 831-7349,2017-01-11,2015-11-09,5,743.7,Consultation,ARCHIVE,,valid,Unsubscribe Rule,Pre-2019 last appointment,0,0,DaySmart,DaySmart Only,2026-04-14
DS-203066,,DS-203066,Daniel,Juarez,ushields@example.org,(175) 286-1224,2011-06-20,2010-05-17,1,270.36,Highlights,ARCHIVE,,valid,Unsubscribe Rule,Pre-2019 last appointment,0,0,DaySmart,DaySmart Only,2026-04-14
DS-203067,,DS-203067,Kathleen,Fletcher,patelmatthew@example.net,(022) 874-0897,2012-06-18,2018-08-28,4,576.93,Highlights,ARCHIVE,,do_not_mail,Do Not Mail,Pre-2019 last appointment,0,0,DaySmart,DaySmart Only,2026-04-14
DS-203073,,DS-203073,Karen,Rogers,andrew82@example.org,(828) 881-6137,2018-02-04,2018-11-07,3,368.08,Pedicure,ARCHIVE,,do_not_mail,Do Not Mail,Pre-2019 last appointment,0,0,DaySmart,DaySmart Only,2026-04-14
DS-203075,,DS-203075,Lynn,Kerr,nthompson@example.org,(383) 227-0494,2017-05-18,2012-03-07,1,270.27,Facial,ARCHIVE,,valid,Pass,Pre-2019 last appointment,0,0,DaySmart,DaySmart Only,2026-04-14
DS-203076,,DS-203076,Alyssa,James,andrea92@example.com,(580) 233-1081,2018-05-28,2013-03-02,3,672.01,Consultation,ARCHIVE,,catch-all,Pass,Pre-2019 last appointment,0,0,DaySmart,DaySmart Only,2026-04-14
DS-203081,,DS-203081,Jake,Bailey,wendysmith@example.com,(337) 364-3537,2016-03-24,2017-05-23,2,274.61,Haircut,ARCHIVE,,valid,Pass,Pre-2019 last appointment,0,0,DaySmart,DaySmart Only,2026-04-14
DS-203086,,DS-203086,Charles,Miles,cbanks@example.com,(941) 447-7204,2010-04-20,2017-01-26,3,359.37,Keratin Treatment,ARCHIVE,,valid,Unsubscribe Rule,Pre-2019 last appointment,0,0,DaySmart,DaySmart Only,2026-04-14
DS-203087,,DS-203087,Richard,Chapman,sgeorge@example.com,(276) 243-9606,2016-07-20,,0,0.0,,ARCHIVE,,valid,Pass,Pre-2019 last appointment,0,0,DaySmart,DaySmart Only,2026-04-14
DS-203089,,DS-203089,Nicole,Harmon,patrickponce@example.net,(877) 351-0597,2011-03-01,2018-06-13,4,360.01,Manicure,ARCHIVE,,catch-all,Unsubscribe Rule,Pre-2019 last appointment,0,0,DaySmart,DaySmart Only,2026-04-14
DS-203092,,DS-203092,Heather,Smith,curtisjoshua@example.net,(383) 890-1175,2015-11-16,2016-08-14,1,98.24,Color Treatment,ARCHIVE,,valid,Unsubscribe Rule,Pre-2019 last appointment,0,0,DaySmart,DaySmart Only,2026-04-14
DS-203096,,DS-203096,Jordan,Miranda,seth42@example.com,(359) 840-7054,2018-04-12,2016-12-31,1,113.47,Keratin Treatment,ARCHIVE,,valid,Unsubscribe Rule,Pre-2019 last appointment,0,0,DaySmart,DaySmart Only,2026-04-14
DS-203097,,DS-203097,Ryan,Price,lindsay96@example.com,(947) 189-1668,2012-09-15,2018-06-18,1,187.48,Highlights,ARCHIVE,,valid,Unsubscribe Rule,Pre-2019 last appointment,0,0,DaySmart,DaySmart Only,2026-04-14
DS-203102,,DS-203102,Donna,Williams,perrybarbara@example.net,(818) 923-7104,2017-12-03,,0,0.0,,ARCHIVE,,valid,Unsubscribe Rule,Pre-2019 last appointment,0,0,DaySmart,DaySmart Only,2026-04-14
DS-203105,,DS-203105,Christina,Hahn,camachojohnny@example.org,(432) 694-4104,2016-05-25,2018-11-02,3,388.7,Color Treatment,ARCHIVE,,valid,Pass,Pre-2019 last appointment,0,0,DaySmart,DaySmart Only,2026-04-14
DS-203112,,DS-203112,Shaun,Brewer,thomascoleman@example.net,(487) 656-1280,2012-04-28,2014-04-06,2,108.43,Manicure,ARCHIVE,,valid,Unsubscribe Rule,Pre-2019 last appointment,0,0,DaySmart,DaySmart Only,2026-04-14
DS-203114,,DS-203114,Benjamin,Bright,cathywelch@example.net,(810) 423-8524,2015-12-02,2012-11-21,4,778.74,Color Treatment,ARCHIVE,,valid,Pass,Pre-2019 last appointment,0,0,DaySmart,DaySmart Only,2026-04-14
DS-203121,,DS-203121,Manuel,Mccoy,thorntoncynthia@example.com,(073) 720-4032,2014-06-25,2013-03-24,1,158.19,Facial,ARCHIVE,,valid,Unsubscribe Rule,Pre-2019 last appointment,0,0,DaySmart,DaySmart Only,2026-04-14
DS-203124,,DS-203124,Ryan,Lee,wattsthomas@example.org,(146) 187-0273,2015-10-20,2016-10-02,1,136.78,Blowout,ARCHIVE,,unknown,Pass,Pre-2019 last appointment,0,0,DaySmart,DaySmart Only,2026-04-14
DS-203125,,DS-203125,Richard,Davis,vramirez@example.org,(882) 324-3969,2013-11-20,2018-10-31,5,1017.58,Manicure,ARCHIVE,,valid,Unsubscribe Rule,Pre-2019 last appointment,0,0,DaySmart,DaySmart Only,2026-04-14
DS-203130,,DS-203130,Joel,Long,abonilla@example.com,(313) 978-3747,2015-02-01,,0,0.0,,ARCHIVE,,valid,Unsubscribe Rule,Pre-2019 last appointment,0,0,DaySmart,DaySmart Only,2026-04-14
DS-203133,,DS-203133,Elizabeth,Johnson,mkennedy@example.org,(586) 848-1062,2011-07-04,2013-09-18,2,287.61,Haircut,ARCHIVE,,valid,Unsubscribe Rule,Pre-2019 last appointment,0,0,DaySmart,DaySmart Only,2026-04-14
DS-203138,,DS-203138,Mark,Delgado,rogersalisha@example.net,(322) 570-2116,2018-09-16,2016-09-03,2,309.89,Color Treatment,ARCHIVE,,valid,Pass,Pre-2019 last appointment,0,0,DaySmart,DaySmart Only,2026-04-14
DS-203142,,DS-203142,Janet,Powers,samuel76@example.com,(017) 829-6147,2017-05-19,2014-11-29,1,56.08,Blowout,ARCHIVE,,valid,Pass,Pre-2019 last appointment,0,0,DaySmart,DaySmart Only,2026-04-14
DS-203143,,DS-203143,Brittany,George,shirleyorr@example.org,(019) 969-9465,2018-05-05,2018-11-13,5,646.98,Haircut,ARCHIVE,,valid,Pass,Pre-2019 last appointment,0,0,DaySmart,DaySmart Only,2026-04-14
DS-203144,,DS-203144,Jacob,Myers,james86@example.net,(443) 806-8414,2017-08-19,2018-07-02,2,316.43,Highlights,ARCHIVE,,valid,Pass,Pre-2019 last appointment,0,0,DaySmart,DaySmart Only,2026-04-14
DS-203159,,DS-203159,Gerald,Trujillo,beltranstephen@example.com,(705) 119-3883,2015-11-04,2015-05-20,1,192.45,Keratin Treatment,ARCHIVE,,valid,Unsubscribe Rule,Pre-2019 last appointment,0,0,DaySmart,DaySmart Only,2026-04-14
DS-203166,,DS-203166,Matthew,Johnston,lyonsjeanette@example.net,(998) 117-2137,2017-12-16,,0,0.0,,ARCHIVE,,valid,Unsubscribe Rule,Pre-2019 last appointment,0,0,DaySmart,DaySmart Only,2026-04-14
DS-203172,,DS-203172,Christopher,Robbins,laura10@example.net,(892) 171-0874,2012-04-03,2018-08-18,2,471.6,Pedicure,ARCHIVE,,valid,Unsubscribe Rule,Pre-2019 last appointment,0,0,DaySmart,DaySmart Only,2026-04-14
DS-203184,,DS-203184,Robert,Williams,podonnell@example.com,(031) 884-9741,2012-12-15,2012-10-28,1,294.02,Haircut,ARCHIVE,,unknown,Unsubscribe Rule,Pre-2019 last appointment,0,0,DaySmart,DaySmart Only,2026-04-14
DS-203186,,DS-203186,Danielle,Hess,charles27@example.org,(905) 814-7960,2018-05-09,2015-08-15,3,439.11,Facial,ARCHIVE,,valid,Unsubscribe Rule,Pre-2019 last appointment,0,0,DaySmart,DaySmart Only,2026-04-14
DS-203189,,DS-203189,Madeline,Aguirre,watkinsalexander@example.org,(112) 952-0781,2015-06-23,2015-08-20,4,671.4,Haircut,ARCHIVE,,valid,Unsubscribe Rule,Pre-2019 last appointment,0,0,DaySmart,DaySmart Only,2026-04-14
DS-203198,,DS-203198,Samuel,Santos,kevin25@example.net,(096) 933-7579,2016-04-24,2017-04-12,4,865.25,Color Treatment,ARCHIVE,,valid,Pass,Pre-2019 last appointment,0,0,DaySmart,DaySmart Only,2026-04-14
DS-203201,,DS-203201,Thomas,Thompson,andrew36@example.net,(368) 340-2110,2012-12-09,2018-09-25,1,105.04,Facial,ARCHIVE,,valid,Unsubscribe Rule,Pre-2019 last appointment,0,0,DaySmart,DaySmart Only,2026-04-14
DS-203203,,DS-203203,Frank,Cole,melissaandrews@example.com,(554) 362-3319,2016-11-10,2018-09-27,3,415.26,Manicure,ARCHIVE,,catch-all,Unsubscribe Rule,Pre-2019 last appointment,0,0,DaySmart,DaySmart Only,2026-04-14
DS-203217,,DS-203217,Terry,Price,lindaphillips@example.com,(749) 659-1311,2017-01-14,,0,0.0,,ARCHIVE,,valid,Pass,Pre-2019 last appointment,0,0,DaySmart,DaySmart Only,2026-04-14
DS-203224,,DS-203224,Rachael,Adams,johnsonmark@example.org,(809) 420-7961,2011-11-09,2018-08-17,3,470.9,Keratin Treatment,ARCHIVE,,valid,Unsubscribe Rule,Pre-2019 last appointment,0,0,DaySmart,DaySmart Only,2026-04-14
DS-203229,,DS-203229,Tristan,Duncan,andrew31@example.org,(426) 839-6995,2012-06-05,2018-05-13,1,35.36,Manicure,ARCHIVE,,valid,Unsubscribe Rule,Pre-2019 last appointment,0,0,DaySmart,DaySmart Only,2026-04-14
DS-203233,,DS-203233,Todd,Jimenez,allenmario@example.org,(745) 088-3068,2017-10-13,2017-05-22,4,663.17,Massage,ARCHIVE,,valid,Pass,Pre-2019 last appointment,0,0,DaySmart,DaySmart Only,2026-04-14
DS-203238,,DS-203238,Rhonda,Sanders,yvette19@example.com,(488) 467-4822,2014-10-14,2012-06-06,2,262.94,Consultation,ARCHIVE,,valid,Unsubscribe Rule,Pre-2019 last appointment,0,0,DaySmart,DaySmart Only,2026-04-14
DS-203244,,DS-203244,Angela,Thomas,garciaangel@example.net,(813) 664-9290,2012-08-09,2018-10-31,4,315.36,Blowout,ARCHIVE,,valid,Pass,Pre-2019 last appointment,0,0,DaySmart,DaySmart Only,2026-04-14
DS-203253,,DS-203253,Natalie,Duncan,robinjones@example.net,(716) 655-3601,2012-03-24,2014-12-23,4,571.73,Keratin Treatment,ARCHIVE,,valid,Pass,Pre-2019 last appointment,0,0,DaySmart,DaySmart Only,2026-04-14
DS-203254,,DS-203254,Carlos,Williams,edwardkelly@example.net,(361) 449-1792,2017-05-02,,0,0.0,,ARCHIVE,,valid,Pass,Pre-2019 last appointment,0,0,DaySmart,DaySmart Only,2026-04-14
DS-203258,,DS-203258,Nicholas,Dominguez,coopertricia@example.com,(984) 475-3936,2013-05-04,2017-06-09,2,132.21,Manicure,ARCHIVE,,valid,Unsubscribe Rule,Pre-2019 last appointment,0,0,DaySmart,DaySmart Only,2026-04-14
DS-203259,,DS-203259,Dale,Jennings,joe36@example.net,(417) 518-0075,2010-04-08,2016-06-13,2,516.95,Massage,ARCHIVE,,valid,Unsubscribe Rule,Pre-2019 last appointment,0,0,DaySmart,DaySmart Only,2026-04-14
DS-203264,,DS-203264,Christine,Rogers,christinechapman@example.org,(442) 350-6884,2018-07-10,2017-02-20,4,777.36,Highlights,ARCHIVE,,unknown,Pass,Pre-2019 last appointment,0,0,DaySmart,DaySmart Only,2026-04-14
DS-203274,,DS-203274,Kathryn,Stein,maryoneill@example.net,(129) 896-7335,2014-01-10,,0,0.0,,ARCHIVE,,valid,Unsubscribe Rule,Pre-2019 last appointment,0,0,DaySmart,DaySmart Only,2026-04-14
DS-203275,,DS-203275,Jessica,Lewis,brettsims@example.com,(195) 576-3295,2017-08-07,2018-08-02,4,444.71,Massage,ARCHIVE,,valid,Pass,Pre-2019 last appointment,0,0,DaySmart,DaySmart Only,2026-04-14
DS-203276,,DS-203276,Shawn,Vazquez,jnelson@example.net,(637) 470-3036,2010-05-09,2016-06-20,1,295.33,Manicure,ARCHIVE,,valid,Unsubscribe Rule,Pre-2019 last appointment,0,0,DaySmart,DaySmart Only,2026-04-14
DS-203277,,DS-203277,Amy,Cruz,rcarey@example.com,(584) 053-1886,2018-10-10,2013-05-12,2,307.95,Facial,ARCHIVE,,do_not_mail,Unsubscribe Rule,Pre-2019 last appointment,0,0,DaySmart,DaySmart Only,2026-04-14
DS-203278,,DS-203278,Julie,Gross,rmoore@example.com,(003) 410-5882,2010-04-05,2018-07-21,4,438.95,Massage,ARCHIVE,,catch-all,Unsubscribe Rule,Pre-2019 last appointment,0,0,DaySmart,DaySmart Only,2026-04-14
DS-203281,,DS-203281,Stephanie,Mccann,brookelee@example.org,(695) 152-2345,2017-05-25,2015-08-04,1,120.71,Keratin Treatment,ARCHIVE,,valid,Unsubscribe Rule,Pre-2019 last appointment,0,0,DaySmart,DaySmart Only,2026-04-14
DS-203283,,DS-203283,Donna,Kelly,fernandezgregory@example.net,(401) 440-7904,2015-03-16,2018-10-25,6,1099.44,Color Treatment,ARCHIVE,,valid,Unsubscribe Rule,Pre-2019 last appointment,0,0,DaySmart,DaySmart Only,2026-04-14
DS-203287,,DS-203287,Paul,Harrell,christina07@example.net,(845) 784-4902,2013-12-21,2018-09-27,1,130.01,Color Treatment,ARCHIVE,,valid,Pass,Pre-2019 last appointment,0,0,DaySmart,DaySmart Only,2026-04-14
DS-203288,,DS-203288,Ashley,Ferrell,diana50@example.net,(286) 011-8376,2012-04-21,2014-05-05,2,185.03,Facial,ARCHIVE,,valid,Pass,Pre-2019 last appointment,0,0,DaySmart,DaySmart Only,2026-04-14
DS-203294,,DS-203294,Victoria,Flores,jaredayers@example.com,(151) 494-0074,2011-07-02,2017-08-01,1,240.12,Manicure,ARCHIVE,,do_not_mail,Do Not Mail,Pre-2019 last appointment,0,0,DaySmart,DaySmart Only,2026-04-14
DS-203295,,DS-203295,Kevin,Barton,garciatanya@example.org,(107) 605-9558,2017-01-18,2016-05-05,3,290.49,Highlights,ARCHIVE,,valid,Unsubscribe Rule,Pre-2019 last appointment,0,0,DaySmart,DaySmart Only,2026-04-14
DS-203296,,DS-203296,Darlene,Richardson,astout@example.net,(673) 254-9660,2018-01-12,2018-11-13,4,491.44,Pedicure,ARCHIVE,,valid,Pass,Pre-2019 last appointment,0,0,DaySmart,DaySmart Only,2026-04-14
DS-203300,,DS-203300,Sergio,Adkins,larry24@example.org,(441) 631-6641,2017-04-29,2016-06-30,2,282.39,Highlights,ARCHIVE,,valid,Pass,Pre-2019 last appointment,0,0,DaySmart,DaySmart Only,2026-04-14
DS-203302,,DS-203302,Lauren,Burton,masonwilliam@example.org,(724) 207-5308,2016-11-21,2018-12-28,1,116.82,Highlights,ARCHIVE,,valid,Unsubscribe Rule,Pre-2019 last appointment,0,0,DaySmart,DaySmart Only,2026-04-14
DS-203307,,DS-203307,Angela,Ryan,smartin@example.org,(466) 101-0619,2018-02-20,2015-07-05,1,61.21,Keratin Treatment,ARCHIVE,,valid,Pass,Pre-2019 last appointment,0,0,DaySmart,DaySmart Only,2026-04-14
DS-203308,,DS-203308,Joseph,Harris,audreyweaver@example.com,(366) 145-0181,2013-02-20,2012-09-02,2,424.52,Pedicure,ARCHIVE,,valid,Unsubscribe Rule,Pre-2019 last appointment,0,0,DaySmart,DaySmart Only,2026-04-14
DS-203311,,DS-203311,John,Montes,ryan41@example.org,(894) 520-7259,2017-12-07,,0,0.0,,ARCHIVE,,valid,Unsubscribe Rule,Pre-2019 last appointment,0,0,DaySmart,DaySmart Only,2026-04-14
DS-203315,,DS-203315,Jose,Johnson,elainewilliams@example.com,(993) 330-9138,2010-10-05,,0,0.0,,ARCHIVE,,valid,Unsubscribe Rule,Pre-2019 last appointment,0,0,DaySmart,DaySmart Only,2026-04-14
DS-203316,,DS-203316,Teresa,Cain,martinmichele@example.net,(289) 681-8143,2010-10-07,2017-07-08,3,370.42,Highlights,ARCHIVE,,do_not_mail,Do Not Mail,Pre-2019 last appointment,0,0,DaySmart,DaySmart Only,2026-04-14
DS-203321,,DS-203321,Keith,Stephenson,denisejackson@example.com,(334) 570-8117,2011-05-12,2018-07-26,3,644.34,Massage,ARCHIVE,,valid,Unsubscribe Rule,Pre-2019 last appointment,0,0,DaySmart,DaySmart Only,2026-04-14
DS-203324,,DS-203324,Nicholas,Ferguson,amanda61@example.net,(174) 575-7682,2013-03-05,2013-01-07,1,159.26,Consultation,ARCHIVE,,valid,Pass,Pre-2019 last appointment,0,0,DaySmart,DaySmart Only,2026-04-14
DS-203325,,DS-203325,Alexandra,Johnson,ohahn@example.net,(036) 590-7746,2010-07-12,,0,0.0,,ARCHIVE,,valid,Unsubscribe Rule,Pre-2019 last appointment,0,0,DaySmart,DaySmart Only,2026-04-14
DS-203326,,DS-203326,Aaron,Mann,vbrown@example.com,(013) 334-3172,2013-10-16,2013-04-12,1,105.72,Facial,ARCHIVE,,valid,Unsubscribe Rule,Pre-2019 last appointment,0,0,DaySmart,DaySmart Only,2026-04-14
DS-203327,,DS-203327,Melissa,Davis,jimmy40@example.org,(610) 158-5263,2014-05-20,2018-06-01,1,86.31,Keratin Treatment,ARCHIVE,,valid,Unsubscribe Rule,Pre-2019 last appointment,0,0,DaySmart,DaySmart Only,2026-04-14
DS-203331,,DS-203331,Kaitlyn,Hall DDS,steven47@example.org,(747) 931-9807,2016-04-11,2018-06-01,3,383.9,Highlights,ARCHIVE,,valid,Pass,Pre-2019 last appointment,0,0,DaySmart,DaySmart Only,2026-04-14
DS-203336,,DS-203336,Victoria,Potts,abigailhobbs@example.org,(362) 408-3195,2015-01-06,2016-11-24,2,375.36,Color Treatment,ARCHIVE,,valid,Pass,Pre-2019 last appointment,0,0,DaySmart,DaySmart Only,2026-04-14
DS-203337,,DS-203337,Reginald,Olson,sara63@example.net,(225) 054-6788,2018-02-18,2011-01-27,1,183.61,Keratin Treatment,ARCHIVE,,valid,Unsubscribe Rule,Pre-2019 last appointment,0,0,DaySmart,DaySmart Only,2026-04-14
DS-203340,,DS-203340,Randy,Stewart,allisonpreston@example.org,(751) 220-7215,2012-05-21,2013-12-03,1,268.71,Manicure,ARCHIVE,,valid,Pass,Pre-2019 last appointment,0,0,DaySmart,DaySmart Only,2026-04-14
DS-203341,,DS-203341,James,Thompson,edwardcrawford@example.org,(321) 337-8006,2014-07-20,2018-09-05,4,687.73,Facial,ARCHIVE,,catch-all,Unsubscribe Rule,Pre-2019 last appointment,0,0,DaySmart,DaySmart Only,2026-04-14
DS-203342,,DS-203342,Zachary,Armstrong,annrosales@example.com,(507) 932-0082,2010-04-24,2018-12-19,6,807.14,Manicure,ARCHIVE,,valid,Pass,Pre-2019 last appointment,0,0,DaySmart,DaySmart Only,2026-04-14
DS-203343,,DS-203343,Michelle,Martinez,burtonmegan@example.org,(855) 704-1936,2012-10-10,2018-10-24,1,103.88,Highlights,ARCHIVE,,do_not_mail,Unsubscribe Rule,Pre-2019 last appointment,0,0,DaySmart,DaySmart Only,2026-04-14
DS-203345,,DS-203345,Robin,Robinson,sarafernandez@example.net,(142) 735-0221,2015-05-12,2014-09-28,3,586.81,Massage,ARCHIVE,,valid,Unsubscribe Rule,Pre-2019 last appointment,0,0,DaySmart,DaySmart Only,2026-04-14
DS-203351,,DS-203351,William,Hayes,lauren32@example.com,(970) 730-6868,2017-04-16,2018-03-19,2,396.63,Pedicure,ARCHIVE,,valid,Pass,Pre-2019 last appointment,0,0,DaySmart,DaySmart Only,2026-04-14
DS-203356,,DS-203356,Amber,Peterson,bradleycox@example.com,(598) 034-4058,2014-01-21,2013-05-10,1,145.82,Highlights,ARCHIVE,,unknown,Unsubscribe Rule,Pre-2019 last appointment,0,0,DaySmart,DaySmart Only,2026-04-14
DS-203359,,DS-203359,Brittney,Clements,afigueroa@example.com,(955) 094-7864,2010-11-20,2018-02-17,2,309.75,Consultation,ARCHIVE,,valid,Unsubscribe Rule,Pre-2019 last appointment,0,0,DaySmart,DaySmart Only,2026-04-14
DS-203362,,DS-203362,Sara,Sherman,fbradley@example.com,(673) 592-8396,2016-05-31,2017-06-15,1,261.18,Manicure,ARCHIVE,,valid,Unsubscribe Rule,Pre-2019 last appointment,0,0,DaySmart,DaySmart Only,2026-04-14
DS-203363,,DS-203363,Michael,Douglas,aguirrepaige@example.com,(665) 764-0633,2014-11-05,2012-03-01,2,206.82,Highlights,ARCHIVE,,unknown,Unsubscribe Rule,Pre-2019 last appointment,0,0,DaySmart,DaySmart Only,2026-04-14
DS-203368,,DS-203368,Jennifer,Thomas,sextontammy@example.org,(173) 665-6673,2011-05-24,2014-10-28,2,361.52,Massage,ARCHIVE,,valid,Unsubscribe Rule,Pre-2019 last appointment,0,0,DaySmart,DaySmart Only,2026-04-14
DS-203369,,DS-203369,Christopher,Becker DDS,robertmarquez@example.com,(147) 665-7164,2018-02-09,2017-04-04,1,105.91,Consultation,ARCHIVE,,valid,Unsubscribe Rule,Pre-2019 last appointment,0,0,DaySmart,DaySmart Only,2026-04-14
DS-203372,,DS-203372,Jason,Webb,james30@example.net,(519) 838-6069,2013-03-08,2018-12-17,2,409.31,Keratin Treatment,ARCHIVE,,valid,Pass,Pre-2019 last appointment,0,0,DaySmart,DaySmart Only,2026-04-14
DS-203375,,DS-203375,Emily,Delgado,wendy98@example.net,(758) 402-4938,2011-12-14,,0,0.0,,ARCHIVE,,valid,Pass,Pre-2019 last appointment,0,0,DaySmart,DaySmart Only,2026-04-14
DS-203378,,DS-203378,Kevin,Perez,mcphersonjohn@example.org,(856) 836-9570,2012-10-08,2017-05-05,5,888.32,Consultation,ARCHIVE,,valid,Pass,Pre-2019 last appointment,0,0,DaySmart,DaySmart Only,2026-04-14
DS-203380,,DS-203380,Robert,Smith,tony92@example.org,(386) 068-2897,2016-01-20,2018-10-23,4,604.65,Color Treatment,ARCHIVE,,valid,Pass,Pre-2019 last appointment,0,0,DaySmart,DaySmart Only,2026-04-14
DS-203381,,DS-203381,Charles,King,scollins@example.com,(310) 769-0700,2016-05-03,2017-09-06,5,804.6,Massage,ARCHIVE,,valid,Pass,Pre-2019 last appointment,0,0,DaySmart,DaySmart Only,2026-04-14
DS-203382,,DS-203382,Jessica,Torres,dawnmorris@example.net,(345) 716-1563,2013-11-20,,0,0.0,,ARCHIVE,,catch-all,Pass,Pre-2019 last appointment,0,0,DaySmart,DaySmart Only,2026-04-14
DS-203398,,DS-203398,Cesar,Berry,gpugh@example.com,(114) 777-1631,2013-06-29,2017-05-23,4,410.73,Color Treatment,ARCHIVE,,catch-all,Pass,Pre-2019 last appointment,0,0,DaySmart,DaySmart Only,2026-04-14
DS-203399,,DS-203399,Robert,Thomas,zdixon@example.org,(189) 192-8344,2017-06-25,2015-04-08,3,285.79,Highlights,ARCHIVE,,valid,Unsubscribe Rule,Pre-2019 last appointment,0,0,DaySmart,DaySmart Only,2026-04-14
DS-203411,,DS-203411,Nicole,Ware,whitneyanderson@example.com,(923) 620-1342,2012-04-13,2012-10-18,2,349.89,Blowout,ARCHIVE,,valid,Pass,Pre-2019 last appointment,0,0,DaySmart,DaySmart Only,2026-04-14
DS-203412,,DS-203412,Mr.,Charles Vargas MD,virginiarodriguez@example.net,(031) 968-8535,2011-10-18,2018-02-25,2,235.58,Highlights,ARCHIVE,,valid,Pass,Pre-2019 last appointment,0,0,DaySmart,DaySmart Only,2026-04-14
DS-203419,,DS-203419,Lisa,Johnson,calvarado@example.org,(374) 896-7826,2015-01-27,2015-04-16,3,480.63,Pedicure,ARCHIVE,,catch-all,Unsubscribe Rule,Pre-2019 last appointment,0,0,DaySmart,DaySmart Only,2026-04-14
DS-203422,,DS-203422,Julia,Cowan,adam98@example.net,(479) 753-1154,2018-06-16,2016-08-12,2,230.12,Color Treatment,ARCHIVE,,valid,Pass,Pre-2019 last appointment,0,0,DaySmart,DaySmart Only,2026-04-14
DS-203427,,DS-203427,Amy,Jones,fullerevan@example.net,(658) 177-2925,2013-03-04,2012-09-21,1,125.04,Manicure,ARCHIVE,,valid,Pass,Pre-2019 last appointment,0,0,DaySmart,DaySmart Only,2026-04-14
DS-203429,,DS-203429,Mary,Michael,sotogarrett@example.org,(436) 521-0107,2015-01-04,2011-07-29,1,63.41,Keratin Treatment,ARCHIVE,,unknown,Pass,Pre-2019 last appointment,0,0,DaySmart,DaySmart Only,2026-04-14
DS-203431,,DS-203431,Erica,Beck,daniel25@example.org,(112) 875-0826,2010-02-01,,0,0.0,,ARCHIVE,,valid,Pass,Pre-2019 last appointment,0,0,DaySmart,DaySmart Only,2026-04-14
DS-203435,,DS-203435,Ryan,Bridges,allison58@example.net,(118) 557-7170,2015-03-03,2012-11-10,3,281.75,Keratin Treatment,ARCHIVE,,valid,Unsubscribe Rule,Pre-2019 last appointment,0,0,DaySmart,DaySmart Only,2026-04-14
DS-203459,,DS-203459,Denise,Wolf,efernandez@example.org,(760) 412-8177,2013-06-21,2016-05-21,4,773.23,Consultation,ARCHIVE,,valid,Unsubscribe Rule,Pre-2019 last appointment,0,0,DaySmart,DaySmart Only,2026-04-14
DS-203462,,DS-203462,Lindsay,Little,usteele@example.org,(299) 983-9187,2016-12-18,2018-03-22,3,657.57,Color Treatment,ARCHIVE,,do_not_mail,Unsubscribe Rule,Pre-2019 last appointment,0,0,DaySmart,DaySmart Only,2026-04-14
DS-203463,,DS-203463,Joseph,Pugh,william46@example.com,(118) 803-4670,2016-02-23,2013-05-04,4,446.05,Color Treatment,ARCHIVE,,valid,Unsubscribe Rule,Pre-2019 last appointment,0,0,DaySmart,DaySmart Only,2026-04-14
DS-203464,,DS-203464,Kimberly,Baker,williamjohnson@example.net,(637) 072-1850,2011-11-03,,0,0.0,,ARCHIVE,,valid,Pass,Pre-2019 last appointment,0,0,DaySmart,DaySmart Only,2026-04-14
DS-203466,,DS-203466,Joshua,Roberts,susanmcmahon@example.org,(153) 387-9283,2016-06-28,2018-04-25,2,408.39,Highlights,ARCHIVE,,valid,Unsubscribe Rule,Pre-2019 last appointment,0,0,DaySmart,DaySmart Only,2026-04-14
DS-203467,,DS-203467,David,Powers,riossusan@example.com,(007) 432-6284,2015-06-30,2016-09-22,3,616.48,Consultation,ARCHIVE,,valid,Unsubscribe Rule,Pre-2019 last appointment,0,0,DaySmart,DaySmart Only,2026-04-14
DS-203472,,DS-203472,Gregory,Nelson,justin42@example.net,(737) 268-3233,2018-12-10,2017-05-06,4,948.68,Keratin Treatment,ARCHIVE,,valid,Pass,Pre-2019 last appointment,0,0,DaySmart,DaySmart Only,2026-04-14
DS-203475,,DS-203475,Gabrielle,Martinez,kathryn41@example.org,(341) 137-3202,2014-09-06,2011-10-07,1,284.46,Consultation,ARCHIVE,,valid,Unsubscribe Rule,Pre-2019 last appointment,0,0,DaySmart,DaySmart Only,2026-04-14
DS-203476,,DS-203476,Robert,Murillo,crystalhampton@example.org,(686) 866-3070,2011-09-26,2012-10-27,1,93.13,Pedicure,ARCHIVE,,valid,Unsubscribe Rule,Pre-2019 last appointment,0,0,DaySmart,DaySmart Only,2026-04-14
DS-203477,,DS-203477,Kimberly,Lang,bedwards@example.net,(192) 995-9110,2017-03-07,2012-06-13,1,232.2,Keratin Treatment,ARCHIVE,,valid,Pass,Pre-2019 last appointment,0,0,DaySmart,DaySmart Only,2026-04-14
DS-203485,,DS-203485,Diana,Taylor,patrickpaul@example.org,(271) 472-5076,2014-04-25,2015-03-23,5,876.83,Manicure,ARCHIVE,,valid,Unsubscribe Rule,Pre-2019 last appointment,0,0,DaySmart,DaySmart Only,2026-04-14
DS-203488,,DS-203488,Jose,Grant,smithashley@example.com,(882) 233-5862,2015-02-07,2018-05-24,1,163.12,Haircut,ARCHIVE,,valid,Unsubscribe Rule,Pre-2019 last appointment,0,0,DaySmart,DaySmart Only,2026-04-14
DS-203490,,DS-203490,Ashley,Little,tonya74@example.org,(421) 084-3988,2018-02-04,2010-01-03,1,282.91,Consultation,ARCHIVE,,valid,Unsubscribe Rule,Pre-2019 last appointment,0,0,DaySmart,DaySmart Only,2026-04-14
DS-203492,,DS-203492,Meredith,Wilson MD,jmorse@example.com,(976) 646-9265,2010-10-14,2011-02-17,1,53.44,Haircut,ARCHIVE,,valid,Pass,Pre-2019 last appointment,0,0,DaySmart,DaySmart Only,2026-04-14
DS-203494,,DS-203494,Anthony,Lee,xhunt@example.org,(813) 724-2046,2018-05-16,2016-04-30,5,865.51,Massage,ARCHIVE,,catch-all,Unsubscribe Rule,Pre-2019 last appointment,0,0,DaySmart,DaySmart Only,2026-04-14
DS-203495,,DS-203495,Matthew,Fields,lisa72@example.com,(779) 830-0203,2018-03-29,2010-02-15,1,206.13,Keratin Treatment,ARCHIVE,,unknown,Pass,Pre-2019 last appointment,0,0,DaySmart,DaySmart Only,2026-04-14
DS-203499,,DS-203499,Charles,Peters,wdunlap@example.net,(700) 098-5450,2013-04-15,,0,0.0,,ARCHIVE,,catch-all,Pass,Pre-2019 last appointment,0,0,DaySmart,DaySmart Only,2026-04-14
DS-203501,,DS-203501,Mr.,John Mccullough MD,allenryan@example.net,(760) 790-4660,2018-10-31,2016-07-08,3,696.48,Pedicure,ARCHIVE,,valid,Pass,Pre-2019 last appointment,0,0,DaySmart,DaySmart Only,2026-04-14
DS-203507,,DS-203507,Luis,Bowen,josephpierce@example.net,(714) 706-7596,2014-09-29,2015-03-04,1,114.4,Blowout,ARCHIVE,,valid,Pass,Pre-2019 last appointment,0,0,DaySmart,DaySmart Only,2026-04-14
DS-203511,,DS-203511,Tara,Cole,cherylgriffin@example.com,(112) 129-0588,2015-09-24,,0,0.0,,ARCHIVE,,valid,Pass,Pre-2019 last appointment,0,0,DaySmart,DaySmart Only,2026-04-14
DS-203512,,DS-203512,Dr.,Madeline Griffith MD,christopherwalker@example.net,(494) 607-8182,2016-05-13,2018-11-16,4,505.12,Pedicure,ARCHIVE,,valid,Unsubscribe Rule,Pre-2019 last appointment,0,0,DaySmart,DaySmart Only,2026-04-14
DS-203519,,DS-203519,Leslie,Knight,jonathon31@example.net,(611) 869-8142,2010-02-04,2018-03-21,1,188.08,Blowout,ARCHIVE,,valid,Unsubscribe Rule,Pre-2019 last appointment,0,0,DaySmart,DaySmart Only,2026-04-14
DS-203523,,DS-203523,Michelle,Sanders,maxbenson@example.org,(215) 100-9991,2011-11-02,2014-09-01,3,366.8,Manicure,ARCHIVE,,unknown,Unsubscribe Rule,Pre-2019 last appointment,0,0,DaySmart,DaySmart Only,2026-04-14
DS-203526,,DS-203526,Miranda,Williams,michellehall@example.org,(757) 081-5180,2015-07-03,,0,0.0,,ARCHIVE,,valid,Unsubscribe Rule,Pre-2019 last appointment,0,0,DaySmart,DaySmart Only,2026-04-14
DS-203527,,DS-203527,Courtney,Wise,robertroberts@example.net,(464) 557-5310,2015-01-10,2014-05-18,2,521.98,Pedicure,ARCHIVE,,valid,Pass,Pre-2019 last appointment,0,0,DaySmart,DaySmart Only,2026-04-14
DS-203530,,DS-203530,Chelsea,Burnett,joshuali@example.org,(308) 912-2943,2010-10-30,,0,0.0,,ARCHIVE,,valid,Pass,Pre-2019 last appointment,0,0,DaySmart,DaySmart Only,2026-04-14
DS-203532,,DS-203532,Christopher,Hicks,kennethwood@example.org,(109) 670-2491,2018-06-03,2016-02-04,1,259.17,Highlights,ARCHIVE,,valid,Pass,Pre-2019 last appointment,0,0,DaySmart,DaySmart Only,2026-04-14
DS-203534,,DS-203534,Angel,Willis,timothyfloyd@example.net,(068) 464-2873,2012-08-31,2014-05-15,4,726.16,Highlights,ARCHIVE,,valid,Pass,Pre-2019 last appointment,0,0,DaySmart,DaySmart Only,2026-04-14
DS-203536,,DS-203536,Danny,Harris,marksnathaniel@example.com,(136) 823-3290,2011-04-25,2018-11-15,1,146.23,Facial,ARCHIVE,,valid,Unsubscribe Rule,Pre-2019 last appointment,0,0,DaySmart,DaySmart Only,2026-04-14
DS-203538,,DS-203538,Robert,Hawkins,sarah27@example.com,(115) 275-0736,2017-12-26,2017-08-16,1,266.82,Haircut,ARCHIVE,,valid,Unsubscribe Rule,Pre-2019 last appointment,0,0,DaySmart,DaySmart Only,2026-04-14
DS-203541,,DS-203541,Devin,Hamilton,richardnorris@example.net,(700) 732-1271,2012-03-04,2015-08-02,2,94.72,Haircut,ARCHIVE,,catch-all,Pass,Pre-2019 last appointment,0,0,DaySmart,DaySmart Only,2026-04-14
DS-203544,,DS-203544,Valerie,Shaw,alicia92@example.com,(812) 598-3399,2011-07-14,2017-09-19,6,1288.03,Color Treatment,ARCHIVE,,valid,Pass,Pre-2019 last appointment,0,0,DaySmart,DaySmart Only,2026-04-14
DS-203555,,DS-203555,Michael,Williams,uward@example.net,(861) 469-2119,2017-06-14,2017-03-23,2,531.35,Pedicure,ARCHIVE,,valid,Pass,Pre-2019 last appointment,0,0,DaySmart,DaySmart Only,2026-04-14
DS-203557,,DS-203557,Dawn,Fernandez,utaylor@example.net,(355) 714-2709,2011-03-08,2014-01-13,1,131.17,Manicure,ARCHIVE,,valid,Unsubscribe Rule,Pre-2019 last appointment,0,0,DaySmart,DaySmart Only,2026-04-14
DS-203562,,DS-203562,Ralph,Rodriguez,garyjones@example.com,(886) 366-8029,2017-10-30,,0,0.0,,ARCHIVE,,valid,Unsubscribe Rule,Pre-2019 last appointment,0,0,DaySmart,DaySmart Only,2026-04-14
DS-203563,,DS-203563,Tonya,Padilla,zmurphy@example.org,(657) 005-6284,2013-05-02,2017-06-03,2,268.72,Keratin Treatment,ARCHIVE,,valid,Pass,Pre-2019 last appointment,0,0,DaySmart,DaySmart Only,2026-04-14
DS-203569,,DS-203569,William,Guerrero,smithdiana@example.net,(967) 224-8551,2017-02-26,2015-02-28,2,177.71,Color Treatment,ARCHIVE,,valid,Pass,Pre-2019 last appointment,0,0,DaySmart,DaySmart Only,2026-04-14
DS-203570,,DS-203570,Dale,Campbell,gonzalesnicole@example.net,(003) 570-5833,2018-04-15,2011-03-13,1,217.38,Pedicure,ARCHIVE,,valid,Pass,Pre-2019 last appointment,0,0,DaySmart,DaySmart Only,2026-04-14
DS-203571,,DS-203571,Diana,Garrett,travis06@example.org,(685) 399-2863,2015-09-26,2018-07-26,2,281.59,Manicure,ARCHIVE,,valid,Pass,Pre-2019 last appointment,0,0,DaySmart,DaySmart Only,2026-04-14
DS-203582,,DS-203582,Christopher,Martin,kimberly50@example.org,(893) 476-4995,2013-04-17,2016-10-17,1,113.43,Consultation,ARCHIVE,,valid,Pass,Pre-2019 last appointment,0,0,DaySmart,DaySmart Only,2026-04-14
DS-203583,,DS-203583,Nicholas,Alvarez,kimberly26@example.com,(164) 843-5145,2017-11-11,2017-07-08,2,281.32,Manicure,ARCHIVE,,valid,Unsubscribe Rule,Pre-2019 last appointment,0,0,DaySmart,DaySmart Only,2026-04-14
DS-203586,,DS-203586,Stephanie,Barnes,sonya97@example.org,(102) 983-3126,2013-06-07,2014-08-01,2,187.7,Pedicure,ARCHIVE,,valid,Pass,Pre-2019 last appointment,0,0,DaySmart,DaySmart Only,2026-04-14
DS-203587,,DS-203587,Willie,Leach,laurie98@example.net,(871) 054-8404,2013-12-12,2018-03-13,3,604.85,Blowout,ARCHIVE,,valid,Pass,Pre-2019 last appointment,0,0,DaySmart,DaySmart Only,2026-04-14
DS-203588,,DS-203588,Amy,Randolph,hjenkins@example.net,(153) 936-2233,2018-09-06,,0,0.0,,ARCHIVE,,catch-all,Unsubscribe Rule,Pre-2019 last appointment,0,0,DaySmart,DaySmart Only,2026-04-14
DS-203590,,DS-203590,Mason,Fleming,klam@example.com,(925) 232-0996,2013-02-10,2016-08-29,3,459.54,Facial,ARCHIVE,,valid,Unsubscribe Rule,Pre-2019 last appointment,0,0,DaySmart,DaySmart Only,2026-04-14
DS-203591,,DS-203591,Richard,Tucker,taylorbenjamin@example.net,(407) 588-2227,2012-06-23,2015-10-14,4,473.21,Haircut,ARCHIVE,,valid,Pass,Pre-2019 last appointment,0,0,DaySmart,DaySmart Only,2026-04-14
DS-203592,,DS-203592,Sonia,Simpson,william87@example.org,(405) 386-7677,2016-06-01,2010-02-22,1,144.03,Color Treatment,ARCHIVE,,valid,Pass,Pre-2019 last appointment,0,0,DaySmart,DaySmart Only,2026-04-14
DS-203606,,DS-203606,Kimberly,Guerrero,jacobharrington@example.org,(603) 089-9256,2010-02-10,2013-11-06,1,110.7,Blowout,ARCHIVE,,valid,Unsubscribe Rule,Pre-2019 last appointment,0,0,DaySmart,DaySmart Only,2026-04-14
DS-203607,,DS-203607,Alex,Jackson,baileyvictoria@example.net,(040) 276-1778,2015-06-17,2012-06-17,2,279.06,Blowout,ARCHIVE,,unknown,Unsubscribe Rule,Pre-2019 last appointment,0,0,DaySmart,DaySmart Only,2026-04-14
DS-203614,,DS-203614,Zachary,Eaton,guerreropaul@example.org,(906) 102-9674,2014-01-05,2018-07-23,4,443.6,Color Treatment,ARCHIVE,,valid,Pass,Pre-2019 last appointment,0,0,DaySmart,DaySmart Only,2026-04-14
DS-203616,,DS-203616,Angela,Ramos,matthew48@example.net,(643) 224-6963,2013-01-20,2012-09-27,1,284.35,Color Treatment,ARCHIVE,,valid,Unsubscribe Rule,Pre-2019 last appointment,0,0,DaySmart,DaySmart Only,2026-04-14
DS-203618,,DS-203618,Robert,Reed,hayesjared@example.org,(018) 973-3247,2018-09-03,,0,0.0,,ARCHIVE,,valid,Pass,Pre-2019 last appointment,0,0,DaySmart,DaySmart Only,2026-04-14
DS-203619,,DS-203619,Virginia,Richards,osaunders@example.net,(031) 697-2818,2010-03-24,2018-10-29,5,612.35,Manicure,ARCHIVE,,valid,Pass,Pre-2019 last appointment,0,0,DaySmart,DaySmart Only,2026-04-14
DS-203622,,DS-203622,Amy,Johnston,jeffrey38@example.org,(018) 776-7129,2014-12-06,2015-08-24,2,137.15,Color Treatment,ARCHIVE,,valid,Pass,Pre-2019 last appointment,0,0,DaySmart,DaySmart Only,2026-04-14
DS-203623,,DS-203623,Benjamin,Walker,coffeydaniel@example.net,(707) 366-2062,2016-03-16,2013-11-17,2,349.49,Pedicure,ARCHIVE,,valid,Pass,Pre-2019 last appointment,0,0,DaySmart,DaySmart Only,2026-04-14
DS-203632,,DS-203632,Cristian,Johnson,peterford@example.com,(870) 428-0489,2018-05-09,2015-11-02,2,341.86,Haircut,ARCHIVE,,valid,Pass,Pre-2019 last appointment,0,0,DaySmart,DaySmart Only,2026-04-14
DS-203634,,DS-203634,Steven,Mclaughlin,vsmith@example.com,(973) 108-0271,2011-10-09,2018-05-25,3,305.13,Highlights,ARCHIVE,,valid,Unsubscribe Rule,Pre-2019 last appointment,0,0,DaySmart,DaySmart Only,2026-04-14
DS-203637,,DS-203637,Lori,Bonilla,james40@example.com,(347) 492-3081,2010-04-07,,0,0.0,,ARCHIVE,,valid,Unsubscribe Rule,Pre-2019 last appointment,0,0,DaySmart,DaySmart Only,2026-04-14
DS-203639,,DS-203639,Jessica,Pierce,valdezrachel@example.com,(152) 273-7226,2012-08-08,2017-11-06,5,489.55,Highlights,ARCHIVE,,valid,Unsubscribe Rule,Pre-2019 last appointment,0,0,DaySmart,DaySmart Only,2026-04-14
DS-203642,,DS-203642,Elizabeth,Miller,george79@example.org,(107) 465-5065,2015-04-15,2016-04-11,1,157.51,Manicure,ARCHIVE,,valid,Unsubscribe Rule,Pre-2019 last appointment,0,0,DaySmart,DaySmart Only,2026-04-14
DS-203644,,DS-203644,Vicki,Phillips,brandon13@example.com,(724) 508-9320,2011-04-12,2018-01-25,2,335.26,Color Treatment,ARCHIVE,,valid,Unsubscribe Rule,Pre-2019 last appointment,0,0,DaySmart,DaySmart Only,2026-04-14
DS-203648,,DS-203648,Whitney,Wilkerson,howardjames@example.com,(409) 680-1200,2010-05-28,2015-03-03,4,787.88,Manicure,ARCHIVE,,valid,Unsubscribe Rule,Pre-2019 last appointment,0,0,DaySmart,DaySmart Only,2026-04-14
DS-203650,,DS-203650,Robert,Harris,michelle80@example.net,(482) 960-4620,2010-09-15,2018-09-11,3,411.43,Manicure,ARCHIVE,,valid,Pass,Pre-2019 last appointment,0,0,DaySmart,DaySmart Only,2026-04-14
DS-203651,,DS-203651,Connie,Jackson,kathy34@example.org,(976) 825-2381,2012-10-22,,0,0.0,,ARCHIVE,,valid,Unsubscribe Rule,Pre-2019 last appointment,0,0,DaySmart,DaySmart Only,2026-04-14
DS-203656,,DS-203656,Caitlyn,Jackson,lijoseph@example.net,(369) 174-2380,2015-10-12,,0,0.0,,ARCHIVE,,valid,Unsubscribe Rule,Pre-2019 last appointment,0,0,DaySmart,DaySmart Only,2026-04-14
DS-203659,,DS-203659,Mary,Faulkner,bonnie36@example.net,(571) 688-9729,2017-12-18,2018-10-03,3,262.73,Massage,ARCHIVE,,valid,Pass,Pre-2019 last appointment,0,0,DaySmart,DaySmart Only,2026-04-14
DS-203661,,DS-203661,Rebecca,Townsend,johnfox@example.org,(373) 623-0576,2018-09-13,2013-05-02,3,369.73,Haircut,ARCHIVE,,valid,Pass,Pre-2019 last appointment,0,0,DaySmart,DaySmart Only,2026-04-14
DS-203662,,DS-203662,Julia,Cruz,mcardenas@example.org,(185) 852-1862,2010-07-31,,0,0.0,,ARCHIVE,,valid,Unsubscribe Rule,Pre-2019 last appointment,0,0,DaySmart,DaySmart Only,2026-04-14
DS-203667,,DS-203667,Darren,Phillips,steven76@example.net,(236) 966-3786,2012-07-15,2010-12-18,1,206.21,Haircut,ARCHIVE,,valid,Pass,Pre-2019 last appointment,0,0,DaySmart,DaySmart Only,2026-04-14
DS-203670,,DS-203670,Kristi,Aguilar,hernandezstacy@example.net,(626) 314-1350,2015-04-25,2018-04-24,4,820.09,Keratin Treatment,ARCHIVE,,valid,Unsubscribe Rule,Pre-2019 last appointment,0,0,DaySmart,DaySmart Only,2026-04-14
DS-203674,,DS-203674,Robert,Carson,samuel03@example.org,(077) 735-3396,2010-03-14,2018-03-28,1,113.0,Haircut,ARCHIVE,,valid,Pass,Pre-2019 last appointment,0,0,DaySmart,DaySmart Only,2026-04-14
DS-203677,,DS-203677,Craig,Barnes,davisalyssa@example.org,(153) 527-8005,2015-12-06,,0,0.0,,ARCHIVE,,valid,Unsubscribe Rule,Pre-2019 last appointment,0,0,DaySmart,DaySmart Only,2026-04-14
DS-203680,,DS-203680,Phillip,Morales,stephensbrandi@example.org,(786) 985-6879,2018-10-24,,0,0.0,,ARCHIVE,,valid,Pass,Pre-2019 last appointment,0,0,DaySmart,DaySmart Only,2026-04-14
DS-203684,,DS-203684,Joy,Sanders,whitney91@example.net,(792) 611-9809,2013-05-04,2017-09-13,1,65.6,Highlights,ARCHIVE,,unknown,Unsubscribe Rule,Pre-2019 last appointment,0,0,DaySmart,DaySmart Only,2026-04-14
DS-203687,,DS-203687,Michael,Ryan,lukekim@example.org,(326) 624-2996,2014-08-13,2012-09-17,2,170.82,Facial,ARCHIVE,,valid,Pass,Pre-2019 last appointment,0,0,DaySmart,DaySmart Only,2026-04-14
DS-203689,,DS-203689,Monica,Ortiz,charlesjones@example.net,(336) 123-9338,2013-10-05,2012-02-06,2,298.66,Blowout,ARCHIVE,,valid,Pass,Pre-2019 last appointment,0,0,DaySmart,DaySmart Only,2026-04-14
DS-203694,,DS-203694,James,Thomas,eskinner@example.org,(672) 340-6887,2017-01-29,2018-11-18,3,421.79,Keratin Treatment,ARCHIVE,,valid,Unsubscribe Rule,Pre-2019 last appointment,0,0,DaySmart,DaySmart Only,2026-04-14
DS-203699,,DS-203699,Sara,Miller,psimon@example.net,(742) 474-2589,2017-01-15,,0,0.0,,ARCHIVE,,valid,Unsubscribe Rule,Pre-2019 last appointment,0,0,DaySmart,DaySmart Only,2026-04-14
DS-203700,,DS-203700,Sierra,Webster,ffrey@example.net,(846) 563-1603,2014-05-29,2013-07-18,1,206.35,Facial,ARCHIVE,,valid,Unsubscribe Rule,Pre-2019 last appointment,0,0,DaySmart,DaySmart Only,2026-04-14
DS-203704,,DS-203704,Timothy,Ferguson,hamiltonivan@example.com,(698) 742-2338,2013-01-02,2015-10-07,2,168.16,Pedicure,ARCHIVE,,valid,Unsubscribe Rule,Pre-2019 last appointment,0,0,DaySmart,DaySmart Only,2026-04-14
DS-203705,,DS-203705,Barry,Stevens,kevin57@example.org,(170) 494-4153,2011-03-16,,0,0.0,,ARCHIVE,,valid,Pass,Pre-2019 last appointment,0,0,DaySmart,DaySmart Only,2026-04-14
DS-203706,,DS-203706,Maurice,Hurst,charlesclayton@example.org,(181) 670-4915,2010-06-06,2014-03-16,2,314.57,Manicure,ARCHIVE,,valid,Pass,Pre-2019 last appointment,0,0,DaySmart,DaySmart Only,2026-04-14
DS-203707,,DS-203707,Bethany,Brown,whunt@example.org,(640) 640-0584,2012-04-02,,0,0.0,,ARCHIVE,,valid,Pass,Pre-2019 last appointment,0,0,DaySmart,DaySmart Only,2026-04-14
DS-203709,,DS-203709,Robert,Morris,holly59@example.org,(337) 599-3345,2018-05-25,2018-01-28,2,293.84,Pedicure,ARCHIVE,,valid,Unsubscribe Rule,Pre-2019 last appointment,0,0,DaySmart,DaySmart Only,2026-04-14
DS-203710,,DS-203710,Anita,Burns,ygarza@example.net,(756) 892-9247,2014-05-27,2018-11-14,1,207.97,Consultation,ARCHIVE,,valid,Unsubscribe Rule,Pre-2019 last appointment,0,0,DaySmart,DaySmart Only,2026-04-14
DS-203711,,DS-203711,Kenneth,Kelly,lopezmario@example.com,(636) 762-1360,2017-10-11,,0,0.0,,ARCHIVE,,valid,Unsubscribe Rule,Pre-2019 last appointment,0,0,DaySmart,DaySmart Only,2026-04-14
DS-203717,,DS-203717,John,Brown,whouse@example.net,(873) 029-6205,2011-09-12,2015-12-18,3,579.02,Massage,ARCHIVE,,valid,Unsubscribe Rule,Pre-2019 last appointment,0,0,DaySmart,DaySmart Only,2026-04-14
DS-203720,,DS-203720,Jesse,Marshall,ericaherrera@example.net,(437) 887-2427,2011-05-19,,0,0.0,,ARCHIVE,,valid,Unsubscribe Rule,Pre-2019 last appointment,0,0,DaySmart,DaySmart Only,2026-04-14
DS-203721,,DS-203721,Erin,Brown,amy95@example.org,(164) 705-9488,2013-12-07,2017-01-04,4,601.64,Pedicure,ARCHIVE,,valid,Pass,Pre-2019 last appointment,0,0,DaySmart,DaySmart Only,2026-04-14
DS-203722,,DS-203722,John,Welch,hectorreid@example.com,(688) 932-2817,2016-03-27,2017-04-25,3,457.21,Blowout,ARCHIVE,,do_not_mail,Unsubscribe Rule,Pre-2019 last appointment,0,0,DaySmart,DaySmart Only,2026-04-14
DS-203737,,DS-203737,Jennifer,Norris,rshaw@example.org,(633) 618-9135,2015-04-07,2018-07-31,3,623.75,Massage,ARCHIVE,,do_not_mail,Unsubscribe Rule,Pre-2019 last appointment,0,0,DaySmart,DaySmart Only,2026-04-14
DS-203740,,DS-203740,Steven,Carrillo,aprilvillanueva@example.net,(297) 980-1347,2016-03-11,2017-03-01,3,497.37,Pedicure,ARCHIVE,,unknown,Pass,Pre-2019 last appointment,0,0,DaySmart,DaySmart Only,2026-04-14
DS-203741,,DS-203741,Terry,Medina,whughes@example.org,(965) 376-7039,2015-02-10,2010-02-04,1,176.16,Color Treatment,ARCHIVE,,valid,Unsubscribe Rule,Pre-2019 last appointment,0,0,DaySmart,DaySmart Only,2026-04-14
DS-203744,,DS-203744,Ricardo,Mccall,ashleyturner@example.net,(192) 758-4827,2014-07-16,2016-11-29,2,405.89,Pedicure,ARCHIVE,,valid,Pass,Pre-2019 last appointment,0,0,DaySmart,DaySmart Only,2026-04-14
DS-203750,,DS-203750,Melissa,Christensen,bross@example.com,(677) 213-6008,2012-01-21,,0,0.0,,ARCHIVE,,valid,Pass,Pre-2019 last appointment,0,0,DaySmart,DaySmart Only,2026-04-14
DS-203751,,DS-203751,Sylvia,Strong,ucherry@example.net,(937) 823-6910,2018-02-17,2018-06-12,2,199.44,Blowout,ARCHIVE,,valid,Unsubscribe Rule,Pre-2019 last appointment,0,0,DaySmart,DaySmart Only,2026-04-14
DS-203753,,DS-203753,John,Wade,salazarmark@example.com,(170) 200-5550,2014-10-01,2014-09-13,2,334.16,Color Treatment,ARCHIVE,,valid,Pass,Pre-2019 last appointment,0,0,DaySmart,DaySmart Only,2026-04-14
DS-203755,,DS-203755,Richard,Livingston,james02@example.com,(833) 036-1322,2013-07-28,,0,0.0,,ARCHIVE,,valid,Pass,Pre-2019 last appointment,0,0,DaySmart,DaySmart Only,2026-04-14
DS-203756,,DS-203756,Matthew,Wolfe,kenneth30@example.net,(811) 078-0876,2018-05-25,2015-08-16,2,115.59,Facial,ARCHIVE,,valid,Unsubscribe Rule,Pre-2019 last appointment,0,0,DaySmart,DaySmart Only,2026-04-14
DS-203766,,DS-203766,Charles,Smith,bryan43@example.org,(401) 398-8784,2018-02-14,2017-10-19,1,206.36,Manicure,ARCHIVE,,valid,Pass,Pre-2019 last appointment,0,0,DaySmart,DaySmart Only,2026-04-14
DS-203768,,DS-203768,Anthony,Summers,powellsarah@example.net,(515) 596-4870,2016-04-16,2015-01-08,3,591.6,Haircut,ARCHIVE,,valid,Pass,Pre-2019 last appointment,0,0,DaySmart,DaySmart Only,2026-04-14
DS-203771,,DS-203771,Robert,Orozco,donna17@example.org,(748) 479-2705,2011-10-25,2017-09-22,1,147.49,Pedicure,ARCHIVE,,valid,Pass,Pre-2019 last appointment,0,0,DaySmart,DaySmart Only,2026-04-14
DS-203773,,DS-203773,Sydney,Brown,gsherman@example.org,(648) 023-2586,2010-05-31,2018-09-10,5,865.24,Blowout,ARCHIVE,,valid,Unsubscribe Rule,Pre-2019 last appointment,0,0,DaySmart,DaySmart Only,2026-04-14
DS-203774,,DS-203774,Amy,Daniels,mitchellkevin@example.net,(946) 541-1242,2013-09-25,2014-04-07,2,337.24,Manicure,ARCHIVE,,valid,Unsubscribe Rule,Pre-2019 last appointment,0,0,DaySmart,DaySmart Only,2026-04-14
DS-203775,,DS-203775,Ralph,Miller,kristenwilson@example.net,(295) 218-6678,2015-08-11,2012-12-29,1,26.8,Pedicure,ARCHIVE,,valid,Pass,Pre-2019 last appointment,0,0,DaySmart,DaySmart Only,2026-04-14
DS-203776,,DS-203776,Karen,Jordan,xjenkins@example.net,(486) 378-7855,2016-06-06,2017-08-07,5,911.44,Consultation,ARCHIVE,,valid,Unsubscribe Rule,Pre-2019 last appointment,0,0,DaySmart,DaySmart Only,2026-04-14
DS-203778,,DS-203778,Patricia,Ramos,frankcruz@example.net,(136) 159-3640,2017-07-07,2016-11-10,5,919.12,Blowout,ARCHIVE,,do_not_mail,Do Not Mail,Pre-2019 last appointment,0,0,DaySmart,DaySmart Only,2026-04-14
DS-203781,,DS-203781,Monica,Arroyo,tiffanybailey@example.org,(341) 594-9283,2016-06-15,2016-10-01,3,501.05,Massage,ARCHIVE,,catch-all,Unsubscribe Rule,Pre-2019 last appointment,0,0,DaySmart,DaySmart Only,2026-04-14
DS-203782,,DS-203782,Scott,Wilkerson,scottbarnes@example.com,(714) 976-4236,2015-08-24,2018-03-07,4,755.04,Consultation,ARCHIVE,,unknown,Pass,Pre-2019 last appointment,0,0,DaySmart,DaySmart Only,2026-04-14
DS-203786,,DS-203786,Gina,Smith,nicholas60@example.net,(628) 536-7492,2017-03-07,2015-07-22,2,593.23,Haircut,ARCHIVE,,unknown,Pass,Pre-2019 last appointment,0,0,DaySmart,DaySmart Only,2026-04-14
DS-203793,,DS-203793,Pamela,Johnson,amartinez@example.net,(486) 871-6907,2013-07-24,2018-12-19,5,509.86,Consultation,ARCHIVE,,valid,Pass,Pre-2019 last appointment,0,0,DaySmart,DaySmart Only,2026-04-14
DS-203795,,DS-203795,Diana,Howell,emilystark@example.com,(690) 610-9603,2015-07-19,2010-07-16,1,259.39,Manicure,ARCHIVE,,valid,Unsubscribe Rule,Pre-2019 last appointment,0,0,DaySmart,DaySmart Only,2026-04-14
DS-203797,,DS-203797,Sara,Wallace,ortizrichard@example.com,(767) 788-7130,2016-11-18,2013-08-16,2,335.08,Color Treatment,ARCHIVE,,valid,Pass,Pre-2019 last appointment,0,0,DaySmart,DaySmart Only,2026-04-14
DS-203798,,DS-203798,Jon,Smith,myersronald@example.org,(956) 898-6574,2015-05-11,2018-10-14,2,330.02,Keratin Treatment,ARCHIVE,,valid,Pass,Pre-2019 last appointment,0,0,DaySmart,DaySmart Only,2026-04-14
DS-203806,,DS-203806,Holly,Herman,rachel39@example.org,(974) 260-8550,2016-06-09,2017-09-30,1,69.09,Massage,ARCHIVE,,valid,Unsubscribe Rule,Pre-2019 last appointment,0,0,DaySmart,DaySmart Only,2026-04-14
DS-203808,,DS-203808,Michael,Montgomery,thomasprice@example.org,(152) 773-7481,2015-08-10,2016-12-05,4,782.34,Color Treatment,ARCHIVE,,valid,Pass,Pre-2019 last appointment,0,0,DaySmart,DaySmart Only,2026-04-14
DS-203811,,DS-203811,Nicholas,Beck,ndonovan@example.net,(337) 198-6585,2012-05-05,2017-04-05,5,937.52,Highlights,ARCHIVE,,valid,Pass,Pre-2019 last appointment,0,0,DaySmart,DaySmart Only,2026-04-14
DS-203814,,DS-203814,Maria,Johnson,jameshart@example.org,(604) 470-7066,2013-04-23,2018-11-19,1,269.78,Massage,ARCHIVE,,valid,Pass,Pre-2019 last appointment,0,0,DaySmart,DaySmart Only,2026-04-14
DS-203816,,DS-203816,Melinda,Adams,fostersherri@example.org,(370) 340-8497,2014-02-03,,0,0.0,,ARCHIVE,,valid,Pass,Pre-2019 last appointment,0,0,DaySmart,DaySmart Only,2026-04-14
DS-203817,,DS-203817,Shane,Proctor,pfields@example.net,(391) 916-5459,2011-09-07,2016-12-14,2,261.13,Blowout,ARCHIVE,,valid,Pass,Pre-2019 last appointment,0,0,DaySmart,DaySmart Only,2026-04-14
DS-203823,,DS-203823,Eric,Shields,chelseaturner@example.net,(988) 666-1187,2015-04-09,2015-07-05,3,439.47,Manicure,ARCHIVE,,valid,Unsubscribe Rule,Pre-2019 last appointment,0,0,DaySmart,DaySmart Only,2026-04-14
DS-203824,,DS-203824,Pamela,Lawson,morganmcintyre@example.org,(556) 775-2163,2016-02-02,2017-11-07,3,517.18,Facial,ARCHIVE,,valid,Unsubscribe Rule,Pre-2019 last appointment,0,0,DaySmart,DaySmart Only,2026-04-14
DS-203825,,DS-203825,Douglas,Booker,rebecca07@example.com,(547) 889-1559,2011-01-01,,0,0.0,,ARCHIVE,,valid,Pass,Pre-2019 last appointment,0,0,DaySmart,DaySmart Only,2026-04-14
DS-203828,,DS-203828,Andrea,Dixon,mjordan@example.org,(351) 490-3331,2018-02-08,2018-01-20,3,606.04,Pedicure,ARCHIVE,,valid,Unsubscribe Rule,Pre-2019 last appointment,0,0,DaySmart,DaySmart Only,2026-04-14
DS-203832,,DS-203832,Kristy,Miller,fwolfe@example.net,(827) 717-9567,2016-11-17,2010-07-24,1,151.91,Massage,ARCHIVE,,unknown,Unsubscribe Rule,Pre-2019 last appointment,0,0,DaySmart,DaySmart Only,2026-04-14
DS-203834,,DS-203834,Gabriella,Schmitt,kellypatel@example.org,(281) 801-2955,2017-03-29,,0,0.0,,ARCHIVE,,valid,Pass,Pre-2019 last appointment,0,0,DaySmart,DaySmart Only,2026-04-14
DS-203835,,DS-203835,Erika,Myers,phamdaniel@example.net,(491) 310-4652,2017-03-09,,0,0.0,,ARCHIVE,,valid,Unsubscribe Rule,Pre-2019 last appointment,0,0,DaySmart,DaySmart Only,2026-04-14
DS-203846,,DS-203846,Grace,Jackson,christopher78@example.org,(211) 268-1868,2017-12-11,2014-08-22,1,184.25,Facial,ARCHIVE,,valid,Unsubscribe Rule,Pre-2019 last appointment,0,0,DaySmart,DaySmart Only,2026-04-14
DS-203851,,DS-203851,Mark,Howard,luisblack@example.com,(596) 383-8460,2017-09-02,2011-04-17,1,149.43,Manicure,ARCHIVE,,valid,Unsubscribe Rule,Pre-2019 last appointment,0,0,DaySmart,DaySmart Only,2026-04-14
DS-203856,,DS-203856,Tracy,Rodriguez,foxkim@example.net,(954) 852-1121,2018-06-28,2015-06-26,6,640.03,Keratin Treatment,ARCHIVE,,catch-all,Unsubscribe Rule,Pre-2019 last appointment,0,0,DaySmart,DaySmart Only,2026-04-14
DS-203859,,DS-203859,Clinton,James,cooperjennifer@example.org,(190) 926-7125,2013-05-20,,0,0.0,,ARCHIVE,,valid,Pass,Pre-2019 last appointment,0,0,DaySmart,DaySmart Only,2026-04-14
DS-203864,,DS-203864,Marvin,Garcia,noah93@example.org,(276) 616-3984,2013-02-22,2016-06-28,3,442.73,Color Treatment,ARCHIVE,,valid,Unsubscribe Rule,Pre-2019 last appointment,0,0,DaySmart,DaySmart Only,2026-04-14
DS-203872,,DS-203872,Tracy,Anderson,wmiller@example.com,(137) 035-9797,2011-07-05,,0,0.0,,ARCHIVE,,valid,Pass,Pre-2019 last appointment,0,0,DaySmart,DaySmart Only,2026-04-14
DS-203874,,DS-203874,Anthony,Kline,davidturner@example.org,(146) 813-8933,2017-11-14,2017-12-19,4,767.73,Manicure,ARCHIVE,,valid,Unsubscribe Rule,Pre-2019 last appointment,0,0,DaySmart,DaySmart Only,2026-04-14
DS-203876,,DS-203876,Michael,Blackburn,sawyerjohn@example.org,(164) 040-3976,2017-02-17,2010-07-31,1,20.75,Haircut,ARCHIVE,,valid,Pass,Pre-2019 last appointment,0,0,DaySmart,DaySmart Only,2026-04-14
DS-203877,,DS-203877,Louis,Hill,rodriguezdeborah@example.org,(199) 120-6244,2010-07-18,2018-11-06,2,412.26,Consultation,ARCHIVE,,valid,Pass,Pre-2019 last appointment,0,0,DaySmart,DaySmart Only,2026-04-14
DS-203881,,DS-203881,Michael,Beck,madeline40@example.com,(467) 651-7277,2013-04-26,,0,0.0,,ARCHIVE,,valid,Unsubscribe Rule,Pre-2019 last appointment,0,0,DaySmart,DaySmart Only,2026-04-14
DS-203884,,DS-203884,Kenneth,Dunn,kerri40@example.com,(644) 651-5717,2014-02-16,2017-10-14,1,235.92,Highlights,ARCHIVE,,valid,Pass,Pre-2019 last appointment,0,0,DaySmart,DaySmart Only,2026-04-14
DS-203887,,DS-203887,Lisa,Torres,terrihernandez@example.org,(696) 892-8697,2011-02-13,2017-07-20,2,434.35,Manicure,ARCHIVE,,catch-all,Unsubscribe Rule,Pre-2019 last appointment,0,0,DaySmart,DaySmart Only,2026-04-14
DS-203889,,DS-203889,Bryan,Johnson,burgesskristopher@example.com,(512) 457-3798,2017-02-04,2015-11-14,3,184.39,Highlights,ARCHIVE,,valid,Pass,Pre-2019 last appointment,0,0,DaySmart,DaySmart Only,2026-04-14
DS-203890,,DS-203890,Aaron,Vega,melissastone@example.net,(078) 961-7832,2013-05-11,2018-05-25,2,298.9,Blowout,ARCHIVE,,valid,Unsubscribe Rule,Pre-2019 last appointment,0,0,DaySmart,DaySmart Only,2026-04-14
DS-203891,,DS-203891,Michael,Buchanan,shaun22@example.org,(232) 601-7542,2018-12-03,2010-11-04,2,231.7,Facial,ARCHIVE,,valid,Pass,Pre-2019 last appointment,0,0,DaySmart,DaySmart Only,2026-04-14
DS-203896,,DS-203896,John,Malone,williamdavis@example.net,(908) 540-3032,2014-09-19,,0,0.0,,ARCHIVE,,valid,Pass,Pre-2019 last appointment,0,0,DaySmart,DaySmart Only,2026-04-14
DS-203901,,DS-203901,Angela,Bailey,gomezanthony@example.com,(108) 165-3598,2018-06-11,2013-04-17,2,409.92,Keratin Treatment,ARCHIVE,,valid,Pass,Pre-2019 last appointment,0,0,DaySmart,DaySmart Only,2026-04-14
DS-203902,,DS-203902,Christina,Farrell,espinozageorge@example.org,(534) 249-5015,2012-06-02,2018-09-27,1,63.43,Keratin Treatment,ARCHIVE,,valid,Unsubscribe Rule,Pre-2019 last appointment,0,0,DaySmart,DaySmart Only,2026-04-14
DS-203905,,DS-203905,Jeremy,Ramirez,jodimontgomery@example.com,(282) 818-3255,2016-09-23,2014-08-27,4,768.21,Pedicure,ARCHIVE,,valid,Pass,Pre-2019 last appointment,0,0,DaySmart,DaySmart Only,2026-04-14
DS-203912,,DS-203912,Brian,Holder,gmarsh@example.org,(643) 855-1299,2016-06-02,,0,0.0,,ARCHIVE,,valid,Unsubscribe Rule,Pre-2019 last appointment,0,0,DaySmart,DaySmart Only,2026-04-14
DS-203913,,DS-203913,Michael,Morris,lauriesmith@example.com,(690) 463-5077,2012-12-13,2013-08-18,1,257.09,Manicure,ARCHIVE,,valid,Pass,Pre-2019 last appointment,0,0,DaySmart,DaySmart Only,2026-04-14
DS-203914,,DS-203914,Stacy,Young,pstevens@example.org,(594) 095-3324,2016-04-24,2018-04-08,3,741.0,Color Treatment,ARCHIVE,,catch-all,Unsubscribe Rule,Pre-2019 last appointment,0,0,DaySmart,DaySmart Only,2026-04-14
DS-203917,,DS-203917,Amy,Davis,robertfoster@example.org,(705) 545-6515,2017-09-01,2017-01-25,3,635.97,Consultation,ARCHIVE,,valid,Unsubscribe Rule,Pre-2019 last appointment,0,0,DaySmart,DaySmart Only,2026-04-14
DS-203920,,DS-203920,Heather,Riley,raymondcarter@example.com,(556) 582-4768,2014-11-22,2015-06-01,3,720.3,Highlights,ARCHIVE,,catch-all,Pass,Pre-2019 last appointment,0,0,DaySmart,DaySmart Only,2026-04-14
DS-203922,,DS-203922,Christopher,Anderson,cmorales@example.com,(555) 794-3193,2013-02-27,2011-03-29,2,264.11,Facial,ARCHIVE,,valid,Pass,Pre-2019 last appointment,0,0,DaySmart,DaySmart Only,2026-04-14
DS-203925,,DS-203925,Maxwell,Mccann,kevin07@example.net,(453) 934-1123,2013-07-25,2013-08-26,2,253.36,Massage,ARCHIVE,,valid,Pass,Pre-2019 last appointment,0,0,DaySmart,DaySmart Only,2026-04-14
DS-203927,,DS-203927,Jennifer,Morris,rfrancis@example.com,(871) 237-2873,2018-02-13,,0,0.0,,ARCHIVE,,valid,Unsubscribe Rule,Pre-2019 last appointment,0,0,DaySmart,DaySmart Only,2026-04-14
DS-203935,,DS-203935,Jonathan,Gonzalez,carl63@example.com,(476) 584-8854,2013-09-23,2018-01-23,3,384.09,Color Treatment,ARCHIVE,,valid,Pass,Pre-2019 last appointment,0,0,DaySmart,DaySmart Only,2026-04-14
DS-203940,,DS-203940,Andrew,Wright,lsantiago@example.com,(397) 422-5779,2013-02-16,2018-10-17,4,674.15,Consultation,ARCHIVE,,valid,Unsubscribe Rule,Pre-2019 last appointment,0,0,DaySmart,DaySmart Only,2026-04-14
DS-203943,,DS-203943,Taylor,Davidson,kelly46@example.net,(048) 835-6347,2010-11-18,2016-12-08,1,91.55,Facial,ARCHIVE,,valid,Pass,Pre-2019 last appointment,0,0,DaySmart,DaySmart Only,2026-04-14
DS-203946,,DS-203946,Lori,Graves,kristincarr@example.org,(807) 785-8599,2016-01-09,,0,0.0,,ARCHIVE,,valid,Unsubscribe Rule,Pre-2019 last appointment,0,0,DaySmart,DaySmart Only,2026-04-14
DS-203948,,DS-203948,Matthew,Williams,tina90@example.net,(786) 114-0767,2018-12-15,2017-11-03,6,1091.09,Highlights,ARCHIVE,,valid,Pass,Pre-2019 last appointment,0,0,DaySmart,DaySmart Only,2026-04-14
DS-203955,,DS-203955,Debbie,Jones,christiegarcia@example.org,(158) 250-8434,2018-05-15,2013-09-23,2,53.83,Pedicure,ARCHIVE,,valid,Unsubscribe Rule,Pre-2019 last appointment,0,0,DaySmart,DaySmart Only,2026-04-14
DS-203956,,DS-203956,Anna,Payne,amandaadkins@example.org,(914) 547-0543,2010-09-06,2016-04-25,2,252.67,Massage,ARCHIVE,,valid,Unsubscribe Rule,Pre-2019 last appointment,0,0,DaySmart,DaySmart Only,2026-04-14
DS-203958,,DS-203958,Mary,Page,manninghailey@example.org,(672) 336-9351,2010-07-28,2011-11-16,1,253.28,Blowout,ARCHIVE,,valid,Pass,Pre-2019 last appointment,0,0,DaySmart,DaySmart Only,2026-04-14
DS-203959,,DS-203959,Evan,Mayo,courtney56@example.com,(941) 540-9461,2013-02-07,2013-11-14,4,731.15,Consultation,ARCHIVE,,valid,Pass,Pre-2019 last appointment,0,0,DaySmart,DaySmart Only,2026-04-14
DS-203985,,DS-203985,Bruce,Gilbert,moodymarissa@example.net,(709) 090-4232,2014-09-26,2015-03-01,1,105.3,Manicure,ARCHIVE,,valid,Unsubscribe Rule,Pre-2019 last appointment,0,0,DaySmart,DaySmart Only,2026-04-14
DS-203996,,DS-203996,Tara,Bennett DVM,wandrews@example.org,(051) 314-6929,2013-09-22,2016-10-27,2,166.4,Massage,ARCHIVE,,valid,Unsubscribe Rule,Pre-2019 last appointment,0,0,DaySmart,DaySmart Only,2026-04-14
DS-204004,,DS-204004,Christopher,Brown,gomezanita@example.org,(450) 373-5092,2017-02-20,2015-10-31,1,171.86,Facial,ARCHIVE,,valid,Pass,Pre-2019 last appointment,0,0,DaySmart,DaySmart Only,2026-04-14
DS-204008,,DS-204008,David,Wright,amysilva@example.com,(118) 605-4231,2012-03-23,2016-04-20,3,530.99,Highlights,ARCHIVE,,valid,Pass,Pre-2019 last appointment,0,0,DaySmart,DaySmart Only,2026-04-14
DS-204009,,DS-204009,Richard,Nelson,randall74@example.com,(550) 575-1943,2010-08-31,2018-06-11,5,820.28,Keratin Treatment,ARCHIVE,,valid,Pass,Pre-2019 last appointment,0,0,DaySmart,DaySmart Only,2026-04-14
DS-204012,,DS-204012,Robert,Hebert,frank18@example.net,(976) 110-9763,2013-03-11,2017-12-19,2,144.48,Consultation,ARCHIVE,,valid,Pass,Pre-2019 last appointment,0,0,DaySmart,DaySmart Only,2026-04-14
DS-204014,,DS-204014,Michael,Howard,caldwellcristian@example.net,(934) 667-3088,2012-02-07,2018-11-01,3,319.13,Blowout,ARCHIVE,,valid,Pass,Pre-2019 last appointment,0,0,DaySmart,DaySmart Only,2026-04-14
DS-204015,,DS-204015,Carrie,Washington,melindahorton@example.com,(001) 115-6631,2011-02-10,2011-08-29,1,207.89,Keratin Treatment,ARCHIVE,,valid,Unsubscribe Rule,Pre-2019 last appointment,0,0,DaySmart,DaySmart Only,2026-04-14
DS-204016,,DS-204016,Katrina,Stephens,stephen93@example.net,(381) 240-1476,2013-04-22,2018-05-19,2,137.81,Manicure,ARCHIVE,,valid,Unsubscribe Rule,Pre-2019 last appointment,0,0,DaySmart,DaySmart Only,2026-04-14
DS-204023,,DS-204023,Brian,Pugh,uyoder@example.net,(144) 450-3231,2017-04-19,2018-07-16,2,481.76,Haircut,ARCHIVE,,valid,Unsubscribe Rule,Pre-2019 last appointment,0,0,DaySmart,DaySmart Only,2026-04-14
DS-204025,,DS-204025,Judy,Lopez,danny89@example.org,(942) 418-5048,2016-01-21,2014-04-17,1,218.18,Facial,ARCHIVE,,valid,Pass,Pre-2019 last appointment,0,0,DaySmart,DaySmart Only,2026-04-14
DS-204031,,DS-204031,Zachary,Ferguson,jacquelinelowery@example.net,(622) 879-4731,2015-08-05,2018-05-06,4,455.18,Facial,ARCHIVE,,catch-all,Pass,Pre-2019 last appointment,0,0,DaySmart,DaySmart Only,2026-04-14
DS-204033,,DS-204033,Keith,Bailey,tdelgado@example.org,(266) 980-3273,2016-05-18,,0,0.0,,ARCHIVE,,valid,Unsubscribe Rule,Pre-2019 last appointment,0,0,DaySmart,DaySmart Only,2026-04-14
DS-204045,,DS-204045,Stacy,Anthony,holdenleroy@example.net,(088) 700-2518,2012-07-25,2013-03-30,1,30.42,Consultation,ARCHIVE,,valid,Pass,Pre-2019 last appointment,0,0,DaySmart,DaySmart Only,2026-04-14
DS-204048,,DS-204048,Dalton,Daniels,frank24@example.org,(062) 241-7486,2017-09-12,2018-06-02,4,780.12,Blowout,ARCHIVE,,valid,Unsubscribe Rule,Pre-2019 last appointment,0,0,DaySmart,DaySmart Only,2026-04-14
DS-204049,,DS-204049,Kayla,Rodgers,shawn69@example.org,(290) 276-9990,2010-01-05,,0,0.0,,ARCHIVE,,valid,Unsubscribe Rule,Pre-2019 last appointment,0,0,DaySmart,DaySmart Only,2026-04-14
DS-204050,,DS-204050,Wayne,Lopez,kimmiranda@example.net,(927) 829-7253,2018-08-19,2015-03-24,2,249.2,Consultation,ARCHIVE,,valid,Unsubscribe Rule,Pre-2019 last appointment,0,0,DaySmart,DaySmart Only,2026-04-14
DS-204053,,DS-204053,Stephen,Hall,marywhite@example.org,(819) 733-4945,2013-10-01,2015-10-31,3,479.69,Facial,ARCHIVE,,do_not_mail,Do Not Mail,Pre-2019 last appointment,0,0,DaySmart,DaySmart Only,2026-04-14
DS-204055,,DS-204055,Gina,Love,cainrachel@example.org,(026) 788-6951,2015-05-16,2013-12-20,3,537.25,Haircut,ARCHIVE,,valid,Pass,Pre-2019 last appointment,0,0,DaySmart,DaySmart Only,2026-04-14
DS-204056,,DS-204056,Katherine,Dawson,blee@example.net,(382) 000-0390,2015-02-26,2018-07-20,3,561.27,Highlights,ARCHIVE,,valid,Unsubscribe Rule,Pre-2019 last appointment,0,0,DaySmart,DaySmart Only,2026-04-14
DS-204064,,DS-204064,Jessica,Ramsey,paulstokes@example.org,(624) 341-9173,2017-03-16,2014-10-13,2,458.91,Facial,ARCHIVE,,valid,Unsubscribe Rule,Pre-2019 last appointment,0,0,DaySmart,DaySmart Only,2026-04-14
DS-204066,,DS-204066,Jessica,Roberson,combsangela@example.com,(476) 077-9898,2016-11-08,2018-06-05,4,652.7,Manicure,ARCHIVE,,valid,Pass,Pre-2019 last appointment,0,0,DaySmart,DaySmart Only,2026-04-14
DS-204067,,DS-204067,Todd,Robinson,margaretmontgomery@example.net,(985) 258-8049,2016-08-30,2015-10-29,3,464.71,Keratin Treatment,ARCHIVE,,catch-all,Pass,Pre-2019 last appointment,0,0,DaySmart,DaySmart Only,2026-04-14
DS-204069,,DS-204069,Mr.,Jerry Young,obrienjacob@example.net,(621) 973-1457,2015-12-31,2016-08-23,2,316.64,Blowout,ARCHIVE,,valid,Pass,Pre-2019 last appointment,0,0,DaySmart,DaySmart Only,2026-04-14
DS-204072,,DS-204072,John,Davila,courtneygarcia@example.org,(194) 271-0036,2010-02-17,2013-09-18,5,695.51,Haircut,ARCHIVE,,valid,Pass,Pre-2019 last appointment,0,0,DaySmart,DaySmart Only,2026-04-14
DS-204074,,DS-204074,Christopher,Stephenson,thomasedwards@example.org,(901) 615-3644,2016-11-06,2014-12-23,1,224.05,Keratin Treatment,ARCHIVE,,catch-all,Unsubscribe Rule,Pre-2019 last appointment,0,0,DaySmart,DaySmart Only,2026-04-14
DS-204088,,DS-204088,Beverly,Hill,jose82@example.com,(189) 804-5769,2018-08-08,2016-03-04,1,273.34,Keratin Treatment,ARCHIVE,,valid,Unsubscribe Rule,Pre-2019 last appointment,0,0,DaySmart,DaySmart Only,2026-04-14
DS-204089,,DS-204089,Melissa,Phillips,bmcconnell@example.com,(217) 699-9590,2011-01-03,2018-06-27,5,953.62,Color Treatment,ARCHIVE,,valid,Unsubscribe Rule,Pre-2019 last appointment,0,0,DaySmart,DaySmart Only,2026-04-14
DS-204091,,DS-204091,Travis,Robinson,waterskimberly@example.org,(933) 186-8398,2014-01-29,,0,0.0,,ARCHIVE,,valid,Unsubscribe Rule,Pre-2019 last appointment,0,0,DaySmart,DaySmart Only,2026-04-14
DS-204092,,DS-204092,Lisa,Grimes,twoodward@example.com,(391) 890-0918,2011-09-20,2017-12-06,4,564.3,Highlights,ARCHIVE,,valid,Pass,Pre-2019 last appointment,0,0,DaySmart,DaySmart Only,2026-04-14
DS-204099,,DS-204099,Christopher,Chapman,rickythomas@example.net,(081) 726-0761,2010-01-15,2016-08-11,3,431.04,Pedicure,ARCHIVE,,valid,Pass,Pre-2019 last appointment,0,0,DaySmart,DaySmart Only,2026-04-14
DS-204103,,DS-204103,Lee,Barron,housemichael@example.org,(984) 634-7774,2016-05-23,2017-02-04,3,540.16,Color Treatment,ARCHIVE,,valid,Pass,Pre-2019 last appointment,0,0,DaySmart,DaySmart Only,2026-04-14
DS-204104,,DS-204104,Craig,Cain,erin19@example.org,(128) 029-1439,2018-05-18,,0,0.0,,ARCHIVE,,valid,Pass,Pre-2019 last appointment,0,0,DaySmart,DaySmart Only,2026-04-14
DS-204117,,DS-204117,Stephen,Maynard,ryangates@example.com,(843) 612-7358,2013-10-16,2014-03-17,1,246.64,Manicure,ARCHIVE,,valid,Unsubscribe Rule,Pre-2019 last appointment,0,0,DaySmart,DaySmart Only,2026-04-14
DS-204118,,DS-204118,Joseph,Hernandez,mathewswilliam@example.com,(623) 623-9161,2015-10-21,,0,0.0,,ARCHIVE,,valid,Pass,Pre-2019 last appointment,0,0,DaySmart,DaySmart Only,2026-04-14
DS-204124,,DS-204124,Grace,Herrera,richardrodriguez@example.net,(447) 614-9434,2011-05-07,2014-07-10,2,121.59,Manicure,ARCHIVE,,valid,Unsubscribe Rule,Pre-2019 last appointment,0,0,DaySmart,DaySmart Only,2026-04-14
DS-204127,,DS-204127,Kyle,Moore,angela54@example.com,(995) 726-3485,2014-04-20,2018-10-07,5,1111.86,Facial,ARCHIVE,,catch-all,Unsubscribe Rule,Pre-2019 last appointment,0,0,DaySmart,DaySmart Only,2026-04-14
DS-204128,,DS-204128,David,Floyd,mdavid@example.com,(782) 866-1982,2018-02-07,2013-09-20,2,314.05,Keratin Treatment,ARCHIVE,,unknown,Pass,Pre-2019 last appointment,0,0,DaySmart,DaySmart Only,2026-04-14
DS-204137,,DS-204137,Jessica,Nolan,pooleamy@example.com,(361) 067-0769,2013-12-20,2018-08-04,4,709.74,Color Treatment,ARCHIVE,,valid,Unsubscribe Rule,Pre-2019 last appointment,0,0,DaySmart,DaySmart Only,2026-04-14
DS-204139,,DS-204139,Matthew,Arnold,esalinas@example.net,(552) 567-6787,2016-03-23,2014-05-04,1,138.99,Massage,ARCHIVE,,valid,Pass,Pre-2019 last appointment,0,0,DaySmart,DaySmart Only,2026-04-14
DS-204145,,DS-204145,Darlene,Martin,iarnold@example.org,(965) 735-1549,2016-08-23,2018-12-14,4,566.31,Haircut,ARCHIVE,,do_not_mail,Unsubscribe Rule,Pre-2019 last appointment,0,0,DaySmart,DaySmart Only,2026-04-14
DS-204147,,DS-204147,Sara,Johnson,earldavidson@example.com,(360) 630-1798,2011-04-22,2010-11-16,1,166.35,Pedicure,ARCHIVE,,valid,Pass,Pre-2019 last appointment,0,0,DaySmart,DaySmart Only,2026-04-14
DS-204148,,DS-204148,George,Thompson,paigefitzgerald@example.org,(285) 968-3451,2017-02-08,2015-05-29,3,332.54,Highlights,ARCHIVE,,valid,Pass,Pre-2019 last appointment,0,0,DaySmart,DaySmart Only,2026-04-14
DS-204151,,DS-204151,Laura,Mcdowell,martha71@example.net,(829) 917-8076,2013-06-16,2015-10-27,3,466.97,Pedicure,ARCHIVE,,catch-all,Unsubscribe Rule,Pre-2019 last appointment,0,0,DaySmart,DaySmart Only,2026-04-14
DS-204152,,DS-204152,Nancy,Galloway,hgarcia@example.com,(001) 365-1220,2016-02-20,2014-10-01,1,240.45,Facial,ARCHIVE,,valid,Pass,Pre-2019 last appointment,0,0,DaySmart,DaySmart Only,2026-04-14
DS-204153,,DS-204153,Cynthia,Collins,rwhite@example.com,(985) 684-2122,2011-10-18,,0,0.0,,ARCHIVE,,unknown,Unsubscribe Rule,Pre-2019 last appointment,0,0,DaySmart,DaySmart Only,2026-04-14
DS-204157,,DS-204157,Richard,Miller PhD,mmedina@example.org,(330) 655-9761,2018-11-25,2010-11-14,1,202.09,Blowout,ARCHIVE,,valid,Unsubscribe Rule,Pre-2019 last appointment,0,0,DaySmart,DaySmart Only,2026-04-14
DS-204160,,DS-204160,Patrick,Hughes,randy32@example.net,(008) 895-0915,2010-02-10,2015-03-23,4,674.62,Manicure,ARCHIVE,,valid,Unsubscribe Rule,Pre-2019 last appointment,0,0,DaySmart,DaySmart Only,2026-04-14
DS-204169,,DS-204169,David,Baker,bjackson@example.com,(844) 376-2825,2015-04-18,2018-02-27,1,47.49,Massage,ARCHIVE,,valid,Pass,Pre-2019 last appointment,0,0,DaySmart,DaySmart Only,2026-04-14
DS-204173,,DS-204173,Ebony,Boyd,makayla94@example.net,(418) 442-6549,2010-12-17,,0,0.0,,ARCHIVE,,valid,Pass,Pre-2019 last appointment,0,0,DaySmart,DaySmart Only,2026-04-14
DS-204174,,DS-204174,Shawn,Bell,christopher87@example.com,(491) 502-2295,2013-02-18,,0,0.0,,ARCHIVE,,valid,Pass,Pre-2019 last appointment,0,0,DaySmart,DaySmart Only,2026-04-14
DS-204177,,DS-204177,Carlos,Cameron,rebecca78@example.com,(752) 281-5515,2015-02-24,,0,0.0,,ARCHIVE,,valid,Unsubscribe Rule,Pre-2019 last appointment,0,0,DaySmart,DaySmart Only,2026-04-14
DS-204182,,DS-204182,John,Perez,christina27@example.com,(368) 485-0701,2014-03-26,2017-11-17,3,325.66,Consultation,ARCHIVE,,valid,Unsubscribe Rule,Pre-2019 last appointment,0,0,DaySmart,DaySmart Only,2026-04-14
DS-204184,,DS-204184,Brandon,Moses,sbarker@example.net,(602) 250-9201,2012-08-17,2011-02-18,1,21.94,Keratin Treatment,ARCHIVE,,valid,Pass,Pre-2019 last appointment,0,0,DaySmart,DaySmart Only,2026-04-14
DS-204186,,DS-204186,Stephanie,Maxwell,smithzachary@example.com,(952) 540-0351,2010-03-04,2015-12-02,3,613.48,Consultation,ARCHIVE,,valid,Pass,Pre-2019 last appointment,0,0,DaySmart,DaySmart Only,2026-04-14
DS-204187,,DS-204187,Lisa,Ramirez,trevor49@example.com,(789) 792-6911,2017-08-10,2014-09-09,2,406.91,Manicure,ARCHIVE,,valid,Unsubscribe Rule,Pre-2019 last appointment,0,0,DaySmart,DaySmart Only,2026-04-14
DS-204191,,DS-204191,Tony,Stout,bullockkathy@example.com,(320) 589-2079,2014-04-04,2018-08-15,1,31.39,Massage,ARCHIVE,,valid,Unsubscribe Rule,Pre-2019 last appointment,0,0,DaySmart,DaySmart Only,2026-04-14
DS-204192,,DS-204192,Rodney,Rhodes,gregoryjohn@example.net,(763) 485-2852,2011-11-05,2016-06-28,5,1164.85,Haircut,ARCHIVE,,valid,Unsubscribe Rule,Pre-2019 last appointment,0,0,DaySmart,DaySmart Only,2026-04-14
DS-204195,,DS-204195,Lori,Oliver,mpalmer@example.com,(010) 772-5021,2014-11-18,2017-11-21,1,170.0,Manicure,ARCHIVE,,valid,Pass,Pre-2019 last appointment,0,0,DaySmart,DaySmart Only,2026-04-14
DS-204197,,DS-204197,Christopher,Tapia,jerrymiller@example.com,(613) 631-1596,2014-05-18,2016-06-05,4,865.12,Pedicure,ARCHIVE,,valid,Pass,Pre-2019 last appointment,0,0,DaySmart,DaySmart Only,2026-04-14
DS-204201,,DS-204201,Pamela,Peterson,garrisonjames@example.net,(235) 483-6625,2012-03-22,2016-11-08,1,60.0,Pedicure,ARCHIVE,,valid,Pass,Pre-2019 last appointment,0,0,DaySmart,DaySmart Only,2026-04-14
DS-204203,,DS-204203,Heather,Davis,bobby79@example.com,(228) 108-9188,2013-01-16,,0,0.0,,ARCHIVE,,unknown,Unsubscribe Rule,Pre-2019 last appointment,0,0,DaySmart,DaySmart Only,2026-04-14
DS-204204,,DS-204204,Andrew,Williams,hallandrew@example.com,(033) 749-6126,2016-07-14,2018-09-25,4,575.85,Haircut,ARCHIVE,,valid,Pass,Pre-2019 last appointment,0,0,DaySmart,DaySmart Only,2026-04-14
DS-204205,,DS-204205,Amy,Harrison,heathermonroe@example.com,(969) 091-0231,2017-09-18,2016-07-11,3,537.43,Color Treatment,ARCHIVE,,valid,Unsubscribe Rule,Pre-2019 last appointment,0,0,DaySmart,DaySmart Only,2026-04-14
DS-204207,,DS-204207,Seth,Rush,tylermelissa@example.net,(978) 055-0144,2015-10-29,2015-02-08,1,286.07,Highlights,ARCHIVE,,valid,Pass,Pre-2019 last appointment,0,0,DaySmart,DaySmart Only,2026-04-14
DS-204214,,DS-204214,Jason,Bowen,taraharris@example.com,(621) 274-1405,2015-01-25,2012-06-05,1,235.95,Highlights,ARCHIVE,,valid,Pass,Pre-2019 last appointment,0,0,DaySmart,DaySmart Only,2026-04-14
DS-204220,,DS-204220,Donald,White,walkerdawn@example.net,(868) 797-3259,2011-11-01,,0,0.0,,ARCHIVE,,valid,Unsubscribe Rule,Pre-2019 last appointment,0,0,DaySmart,DaySmart Only,2026-04-14
DS-204227,,DS-204227,Sarah,Baker,kochchristopher@example.com,(816) 738-3399,2015-06-18,,0,0.0,,ARCHIVE,,valid,Unsubscribe Rule,Pre-2019 last appointment,0,0,DaySmart,DaySmart Only,2026-04-14
DS-204228,,DS-204228,Kelly,Flores,jackruiz@example.org,(619) 328-8752,2014-01-22,2017-02-05,1,237.32,Highlights,ARCHIVE,,valid,Unsubscribe Rule,Pre-2019 last appointment,0,0,DaySmart,DaySmart Only,2026-04-14
DS-204229,,DS-204229,Hannah,Keller,cadams@example.net,(797) 525-4217,2014-11-20,2014-11-02,2,241.65,Haircut,ARCHIVE,,valid,Unsubscribe Rule,Pre-2019 last appointment,0,0,DaySmart,DaySmart Only,2026-04-14
DS-204231,,DS-204231,Kristine,Brown,janet14@example.org,(010) 898-7269,2014-09-28,2018-05-31,1,135.91,Color Treatment,ARCHIVE,,valid,Unsubscribe Rule,Pre-2019 last appointment,0,0,DaySmart,DaySmart Only,2026-04-14
DS-204232,,DS-204232,Brent,Snyder,mollybryan@example.com,(695) 981-8370,2012-09-29,2018-06-23,5,727.2,Blowout,ARCHIVE,,valid,Pass,Pre-2019 last appointment,0,0,DaySmart,DaySmart Only,2026-04-14
DS-204233,,DS-204233,Patricia,Lopez,margaret97@example.org,(751) 497-6740,2016-01-04,2014-05-03,1,178.48,Massage,ARCHIVE,,valid,Unsubscribe Rule,Pre-2019 last appointment,0,0,DaySmart,DaySmart Only,2026-04-14
DS-204236,,DS-204236,Maria,Ortega,bmiles@example.org,(758) 794-3205,2016-09-06,2018-05-21,4,750.49,Pedicure,ARCHIVE,,valid,Pass,Pre-2019 last appointment,0,0,DaySmart,DaySmart Only,2026-04-14
DS-204237,,DS-204237,Mary,Santiago,brogers@example.net,(075) 454-2233,2018-09-29,2018-11-03,4,450.54,Consultation,ARCHIVE,,valid,Unsubscribe Rule,Pre-2019 last appointment,0,0,DaySmart,DaySmart Only,2026-04-14
DS-204245,,DS-204245,Devon,Hicks,janet61@example.net,(802) 882-3988,2017-03-01,2018-09-08,5,848.54,Pedicure,ARCHIVE,,valid,Pass,Pre-2019 last appointment,0,0,DaySmart,DaySmart Only,2026-04-14
DS-204254,,DS-204254,Joseph,Nguyen,mcguireaustin@example.net,(997) 348-2904,2012-08-21,2017-03-05,2,265.07,Highlights,ARCHIVE,,valid,Unsubscribe Rule,Pre-2019 last appointment,0,0,DaySmart,DaySmart Only,2026-04-14
DS-204259,,DS-204259,Kristy,Valdez,carlyjefferson@example.com,(345) 238-5214,2012-07-10,2016-09-11,2,260.62,Blowout,ARCHIVE,,valid,Pass,Pre-2019 last appointment,0,0,DaySmart,DaySmart Only,2026-04-14
DS-204260,,DS-204260,William,Richardson,vfitzgerald@example.net,(422) 341-3242,2018-01-12,2015-07-11,3,640.8,Manicure,ARCHIVE,,valid,Unsubscribe Rule,Pre-2019 last appointment,0,0,DaySmart,DaySmart Only,2026-04-14
DS-204262,,DS-204262,John,Charles,usandoval@example.net,(570) 779-4912,2011-12-15,,0,0.0,,ARCHIVE,,valid,Unsubscribe Rule,Pre-2019 last appointment,0,0,DaySmart,DaySmart Only,2026-04-14
DS-204266,,DS-204266,Veronica,Bryant DVM,jonathangreene@example.org,(317) 484-8741,2015-10-13,2018-11-04,3,622.02,Facial,ARCHIVE,,valid,Pass,Pre-2019 last appointment,0,0,DaySmart,DaySmart Only,2026-04-14
DS-204271,,DS-204271,Christopher,Willis,davisdaniel@example.org,(827) 984-0582,2014-10-18,2018-11-03,5,1094.4,Haircut,ARCHIVE,,valid,Unsubscribe Rule,Pre-2019 last appointment,0,0,DaySmart,DaySmart Only,2026-04-14
DS-204273,,DS-204273,Kimberly,Gibson,charles25@example.org,(769) 848-2824,2017-06-29,,0,0.0,,ARCHIVE,,unknown,Pass,Pre-2019 last appointment,0,0,DaySmart,DaySmart Only,2026-04-14
DS-204277,,DS-204277,James,Alexander,fburke@example.com,(554) 133-0815,2017-08-31,2017-05-30,3,281.64,Blowout,ARCHIVE,,valid,Unsubscribe Rule,Pre-2019 last appointment,0,0,DaySmart,DaySmart Only,2026-04-14
DS-204278,,DS-204278,Andrew,Newton,rodriguezlauren@example.com,(342) 494-1561,2014-08-01,2014-07-25,2,438.16,Haircut,ARCHIVE,,catch-all,Pass,Pre-2019 last appointment,0,0,DaySmart,DaySmart Only,2026-04-14
DS-204279,,DS-204279,Craig,Smith,lisastevens@example.com,(561) 911-2949,2013-01-27,2018-12-25,1,92.6,Blowout,ARCHIVE,,valid,Unsubscribe Rule,Pre-2019 last appointment,0,0,DaySmart,DaySmart Only,2026-04-14
DS-204292,,DS-204292,William,Ramirez,moorecorey@example.net,(686) 062-5361,2014-02-02,2014-10-06,2,465.35,Manicure,ARCHIVE,,do_not_mail,Unsubscribe Rule,Pre-2019 last appointment,0,0,DaySmart,DaySmart Only,2026-04-14
DS-204293,,DS-204293,Debra,Chavez,eporter@example.com,(110) 909-3320,2011-02-09,2017-05-25,1,21.69,Pedicure,ARCHIVE,,valid,Pass,Pre-2019 last appointment,0,0,DaySmart,DaySmart Only,2026-04-14
DS-204298,,DS-204298,Jennifer,Humphrey,hensleyjohn@example.com,(964) 887-2067,2016-10-14,2016-01-22,3,613.58,Massage,ARCHIVE,,valid,Unsubscribe Rule,Pre-2019 last appointment,0,0,DaySmart,DaySmart Only,2026-04-14
DS-204300,,DS-204300,David,Arias,mgoodman@example.org,(297) 399-5992,2013-08-04,2015-12-08,3,633.89,Blowout,ARCHIVE,,valid,Pass,Pre-2019 last appointment,0,0,DaySmart,DaySmart Only,2026-04-14
DS-204301,,DS-204301,Robert,Moore,hallalison@example.net,(068) 400-5156,2015-09-26,2017-12-08,1,118.68,Color Treatment,ARCHIVE,,do_not_mail,Do Not Mail,Pre-2019 last appointment,0,0,DaySmart,DaySmart Only,2026-04-14
DS-204302,,DS-204302,Aaron,Franklin,maria20@example.net,(133) 034-2289,2015-11-16,2014-02-26,2,392.97,Haircut,ARCHIVE,,catch-all,Pass,Pre-2019 last appointment,0,0,DaySmart,DaySmart Only,2026-04-14
DS-204308,,DS-204308,Kimberly,Hansen,jonesphillip@example.com,(477) 531-6279,2017-04-14,2016-07-16,1,37.87,Facial,ARCHIVE,,valid,Pass,Pre-2019 last appointment,0,0,DaySmart,DaySmart Only,2026-04-14
DS-204312,,DS-204312,Perry,Hanna,thomasmercer@example.com,(908) 876-8838,2011-05-11,2017-01-06,2,262.45,Blowout,ARCHIVE,,valid,Unsubscribe Rule,Pre-2019 last appointment,0,0,DaySmart,DaySmart Only,2026-04-14
DS-204318,,DS-204318,Rhonda,Hendrix,hpark@example.net,(190) 804-7949,2010-01-20,2015-04-27,1,191.51,Manicure,ARCHIVE,,catch-all,Pass,Pre-2019 last appointment,0,0,DaySmart,DaySmart Only,2026-04-14
DS-204319,,DS-204319,Douglas,Meadows,patriciahunter@example.net,(120) 272-5811,2018-10-05,2016-02-05,3,523.05,Color Treatment,ARCHIVE,,catch-all,Unsubscribe Rule,Pre-2019 last appointment,0,0,DaySmart,DaySmart Only,2026-04-14
DS-204322,,DS-204322,Anthony,Orr,brittneyoconnor@example.com,(508) 639-2776,2011-07-06,,0,0.0,,ARCHIVE,,valid,Unsubscribe Rule,Pre-2019 last appointment,0,0,DaySmart,DaySmart Only,2026-04-14
DS-204328,,DS-204328,Shelby,Morgan,zblankenship@example.com,(684) 808-5228,2013-06-29,2015-12-09,4,287.23,Pedicure,ARCHIVE,,valid,Unsubscribe Rule,Pre-2019 last appointment,0,0,DaySmart,DaySmart Only,2026-04-14
DS-204329,,DS-204329,Stefanie,Thomas,psawyer@example.net,(825) 995-5114,2017-04-11,,0,0.0,,ARCHIVE,,valid,Pass,Pre-2019 last appointment,0,0,DaySmart,DaySmart Only,2026-04-14
DS-204331,,DS-204331,Jeffrey,Meadows,marialopez@example.net,(055) 641-9903,2017-04-06,2014-07-05,2,451.67,Blowout,ARCHIVE,,valid,Pass,Pre-2019 last appointment,0,0,DaySmart,DaySmart Only,2026-04-14
DS-204340,,DS-204340,Lauren,Cunningham,danderson@example.com,(506) 728-2360,2011-03-24,2018-06-22,1,84.71,Haircut,ARCHIVE,,valid,Unsubscribe Rule,Pre-2019 last appointment,0,0,DaySmart,DaySmart Only,2026-04-14
DS-204342,,DS-204342,Angela,Leonard,nliu@example.net,(123) 065-5335,2010-11-14,,0,0.0,,ARCHIVE,,valid,Unsubscribe Rule,Pre-2019 last appointment,0,0,DaySmart,DaySmart Only,2026-04-14
DS-204350,,DS-204350,Jenna,Harris,benjaminwilliams@example.com,(582) 283-0094,2010-11-11,2016-11-14,4,1079.78,Highlights,ARCHIVE,,valid,Unsubscribe Rule,Pre-2019 last appointment,0,0,DaySmart,DaySmart Only,2026-04-14
DS-204351,,DS-204351,Terry,Howard,farias@example.com,(891) 490-8899,2011-11-08,,0,0.0,,ARCHIVE,,valid,Pass,Pre-2019 last appointment,0,0,DaySmart,DaySmart Only,2026-04-14
DS-204354,,DS-204354,Kristen,Fletcher,pamela49@example.net,(165) 849-1441,2012-05-04,,0,0.0,,ARCHIVE,,valid,Unsubscribe Rule,Pre-2019 last appointment,0,0,DaySmart,DaySmart Only,2026-04-14
DS-204356,,DS-204356,Ana,Stewart,eric18@example.com,(323) 074-8745,2010-03-05,2018-07-29,4,514.13,Massage,ARCHIVE,,valid,Unsubscribe Rule,Pre-2019 last appointment,0,0,DaySmart,DaySmart Only,2026-04-14
DS-204359,,DS-204359,Robin,Mason,zachary98@example.org,(666) 552-4885,2012-10-05,2015-12-23,2,318.06,Blowout,ARCHIVE,,valid,Unsubscribe Rule,Pre-2019 last appointment,0,0,DaySmart,DaySmart Only,2026-04-14
DS-204366,,DS-204366,Luke,Taylor,robin34@example.net,(021) 199-0643,2012-06-01,2012-02-09,1,132.93,Haircut,ARCHIVE,,valid,Pass,Pre-2019 last appointment,0,0,DaySmart,DaySmart Only,2026-04-14
DS-204369,,DS-204369,Craig,Taylor,iyu@example.org,(789) 527-8690,2016-06-01,2018-05-28,4,790.86,Blowout,ARCHIVE,,valid,Unsubscribe Rule,Pre-2019 last appointment,0,0,DaySmart,DaySmart Only,2026-04-14
DS-204370,,DS-204370,Christopher,Sweeney,rdrake@example.net,(167) 161-3701,2011-10-02,2017-09-16,3,581.52,Pedicure,ARCHIVE,,catch-all,Pass,Pre-2019 last appointment,0,0,DaySmart,DaySmart Only,2026-04-14
DS-204371,,DS-204371,Michael,Harris,michael27@example.net,(451) 271-0538,2010-12-05,2014-12-02,3,360.7,Highlights,ARCHIVE,,valid,Unsubscribe Rule,Pre-2019 last appointment,0,0,DaySmart,DaySmart Only,2026-04-14
DS-204376,,DS-204376,Margaret,Singh MD,pageheather@example.net,(639) 451-2858,2016-11-01,,0,0.0,,ARCHIVE,,valid,Unsubscribe Rule,Pre-2019 last appointment,0,0,DaySmart,DaySmart Only,2026-04-14
DS-204385,,DS-204385,Jessica,Webb,cynthiasteele@example.net,(689) 433-8364,2018-08-06,2018-05-11,2,199.77,Facial,ARCHIVE,,catch-all,Pass,Pre-2019 last appointment,0,0,DaySmart,DaySmart Only,2026-04-14
DS-204387,,DS-204387,Matthew,Bailey,matthewsterrance@example.org,(556) 325-2588,2010-11-16,2018-09-17,3,484.93,Facial,ARCHIVE,,valid,Unsubscribe Rule,Pre-2019 last appointment,0,0,DaySmart,DaySmart Only,2026-04-14
DS-204392,,DS-204392,William,Patton,jackrice@example.org,(125) 285-5202,2017-09-17,2017-05-08,5,655.43,Haircut,ARCHIVE,,valid,Pass,Pre-2019 last appointment,0,0,DaySmart,DaySmart Only,2026-04-14
DS-204393,,DS-204393,Wesley,Tran,johnschmidt@example.net,(557) 867-9630,2013-03-30,2018-12-13,6,666.76,Highlights,ARCHIVE,,valid,Unsubscribe Rule,Pre-2019 last appointment,0,0,DaySmart,DaySmart Only,2026-04-14
DS-204394,,DS-204394,Sydney,Gregory,dsmith@example.org,(046) 835-2415,2010-11-04,2018-05-14,5,663.3,Consultation,ARCHIVE,,valid,Unsubscribe Rule,Pre-2019 last appointment,0,0,DaySmart,DaySmart Only,2026-04-14
DS-204397,,DS-204397,Jennifer,Miller,lisataylor@example.com,(782) 213-2588,2016-01-21,2015-05-31,1,251.4,Keratin Treatment,ARCHIVE,,valid,Pass,Pre-2019 last appointment,0,0,DaySmart,DaySmart Only,2026-04-14
DS-204399,,DS-204399,Ann,Barker,moorekathleen@example.net,(835) 874-7441,2013-08-26,2016-09-08,3,274.58,Blowout,ARCHIVE,,catch-all,Pass,Pre-2019 last appointment,0,0,DaySmart,DaySmart Only,2026-04-14
DS-204403,,DS-204403,Jeffrey,Stanton,wandahernandez@example.org,(206) 632-6739,2018-09-02,,0,0.0,,ARCHIVE,,valid,Pass,Pre-2019 last appointment,0,0,DaySmart,DaySmart Only,2026-04-14
DS-204407,,DS-204407,Christopher,Lee,charles01@example.com,(958) 049-5660,2011-12-02,2015-01-18,3,271.82,Keratin Treatment,ARCHIVE,,valid,Unsubscribe Rule,Pre-2019 last appointment,0,0,DaySmart,DaySmart Only,2026-04-14
DS-204409,,DS-204409,Damon,Cox,gwiley@example.net,(042) 446-2416,2011-07-06,2018-04-27,3,569.32,Facial,ARCHIVE,,valid,Pass,Pre-2019 last appointment,0,0,DaySmart,DaySmart Only,2026-04-14
DS-204410,,DS-204410,Joseph,Jacobs,kimberly83@example.net,(604) 831-8211,2013-12-26,2015-12-02,5,821.29,Manicure,ARCHIVE,,valid,Unsubscribe Rule,Pre-2019 last appointment,0,0,DaySmart,DaySmart Only,2026-04-14
DS-204411,,DS-204411,William,Garcia,briley@example.org,(440) 608-8247,2014-05-06,2017-09-13,2,73.89,Keratin Treatment,ARCHIVE,,valid,Pass,Pre-2019 last appointment,0,0,DaySmart,DaySmart Only,2026-04-14
DS-204414,,DS-204414,Eric,Neal,urussell@example.net,(905) 349-7574,2014-09-06,2010-03-24,1,34.33,Consultation,ARCHIVE,,valid,Unsubscribe Rule,Pre-2019 last appointment,0,0,DaySmart,DaySmart Only,2026-04-14
DS-204419,,DS-204419,Christina,Mccarthy,alisonhill@example.net,(259) 437-3591,2012-05-12,,0,0.0,,ARCHIVE,,catch-all,Unsubscribe Rule,Pre-2019 last appointment,0,0,DaySmart,DaySmart Only,2026-04-14
DS-204424,,DS-204424,Katie,Velasquez,klewis@example.org,(112) 196-1872,2012-10-14,2017-07-12,4,693.85,Pedicure,ARCHIVE,,valid,Pass,Pre-2019 last appointment,0,0,DaySmart,DaySmart Only,2026-04-14
DS-204427,,DS-204427,Brent,Strickland,ksellers@example.com,(939) 110-9898,2010-04-11,,0,0.0,,ARCHIVE,,valid,Unsubscribe Rule,Pre-2019 last appointment,0,0,DaySmart,DaySmart Only,2026-04-14
DS-204429,,DS-204429,Joseph,Kane,brandypratt@example.net,(071) 365-9106,2013-03-29,2016-08-09,2,223.8,Haircut,ARCHIVE,,catch-all,Unsubscribe Rule,Pre-2019 last appointment,0,0,DaySmart,DaySmart Only,2026-04-14
DS-204436,,DS-204436,Julian,Green,jameswang@example.org,(490) 066-6322,2011-11-11,2015-01-09,1,175.04,Massage,ARCHIVE,,valid,Unsubscribe Rule,Pre-2019 last appointment,0,0,DaySmart,DaySmart Only,2026-04-14
DS-204437,,DS-204437,Betty,Hernandez,lpage@example.net,(945) 054-9522,2011-10-16,2015-08-18,2,184.28,Facial,ARCHIVE,,valid,Pass,Pre-2019 last appointment,0,0,DaySmart,DaySmart Only,2026-04-14
DS-204440,,DS-204440,Nicole,Schroeder,mark06@example.net,(665) 407-9137,2018-02-04,2016-08-15,3,339.7,Highlights,ARCHIVE,,valid,Pass,Pre-2019 last appointment,0,0,DaySmart,DaySmart Only,2026-04-14
DS-204441,,DS-204441,Richard,Frye,michellecurtis@example.net,(235) 662-5783,2012-03-24,2013-09-15,1,28.28,Blowout,ARCHIVE,,do_not_mail,Unsubscribe Rule,Pre-2019 last appointment,0,0,DaySmart,DaySmart Only,2026-04-14
DS-204446,,DS-204446,Brenda,Randall,dixonjeffrey@example.com,(244) 853-1726,2010-04-07,2014-09-19,1,201.34,Consultation,ARCHIVE,,valid,Unsubscribe Rule,Pre-2019 last appointment,0,0,DaySmart,DaySmart Only,2026-04-14
DS-204456,,DS-204456,Tiffany,Stewart,kaitlynmiller@example.org,(389) 601-0528,2010-01-27,2018-04-26,3,173.16,Color Treatment,ARCHIVE,,do_not_mail,Unsubscribe Rule,Pre-2019 last appointment,0,0,DaySmart,DaySmart Only,2026-04-14
DS-204460,,DS-204460,Daryl,Hines,xthomas@example.com,(034) 631-7890,2018-03-04,,0,0.0,,ARCHIVE,,valid,Unsubscribe Rule,Pre-2019 last appointment,0,0,DaySmart,DaySmart Only,2026-04-14
DS-204466,,DS-204466,Kimberly,Thompson,sabrinaadams@example.com,(184) 243-5048,2012-05-16,,0,0.0,,ARCHIVE,,catch-all,Pass,Pre-2019 last appointment,0,0,DaySmart,DaySmart Only,2026-04-14
DS-204470,,DS-204470,Shannon,Wallace,kendra00@example.net,(299) 695-2807,2015-02-11,2016-06-01,5,1229.46,Keratin Treatment,ARCHIVE,,catch-all,Unsubscribe Rule,Pre-2019 last appointment,0,0,DaySmart,DaySmart Only,2026-04-14
DS-204472,,DS-204472,Jennifer,Donovan,mperez@example.org,(911) 281-1018,2012-07-01,,0,0.0,,ARCHIVE,,valid,Pass,Pre-2019 last appointment,0,0,DaySmart,DaySmart Only,2026-04-14
DS-204491,,DS-204491,Christopher,Martinez,williamsonjennifer@example.net,(025) 078-5373,2016-05-19,2010-09-07,1,278.96,Massage,ARCHIVE,,valid,Pass,Pre-2019 last appointment,0,0,DaySmart,DaySmart Only,2026-04-14
DS-204492,,DS-204492,Robert,White,reynoldsjennifer@example.net,(238) 278-1469,2010-11-02,2016-01-18,3,416.16,Facial,ARCHIVE,,catch-all,Unsubscribe Rule,Pre-2019 last appointment,0,0,DaySmart,DaySmart Only,2026-04-14
DS-204497,,DS-204497,Ryan,Villarreal,rebekahrubio@example.com,(050) 757-8047,2010-05-10,2017-01-12,4,477.63,Manicure,ARCHIVE,,valid,Unsubscribe Rule,Pre-2019 last appointment,0,0,DaySmart,DaySmart Only,2026-04-14
DS-204501,,DS-204501,Marilyn,Miller,ccooke@example.org,(184) 845-6480,2013-08-21,,0,0.0,,ARCHIVE,,valid,Pass,Pre-2019 last appointment,0,0,DaySmart,DaySmart Only,2026-04-14
DS-204503,,DS-204503,Amber,Nicholson,chandlerbrendan@example.com,(818) 369-1248,2015-02-15,2016-07-22,2,216.68,Color Treatment,ARCHIVE,,valid,Unsubscribe Rule,Pre-2019 last appointment,0,0,DaySmart,DaySmart Only,2026-04-14
DS-204504,,DS-204504,Johnny,Hoffman,qvazquez@example.net,(002) 432-4050,2013-01-26,2018-02-01,2,381.13,Pedicure,ARCHIVE,,valid,Pass,Pre-2019 last appointment,0,0,DaySmart,DaySmart Only,2026-04-14
DS-204505,,DS-204505,Joseph,Brady,maychristian@example.com,(972) 417-4226,2010-01-10,2014-10-31,1,100.59,Haircut,ARCHIVE,,unknown,Pass,Pre-2019 last appointment,0,0,DaySmart,DaySmart Only,2026-04-14
DS-204514,,DS-204514,Joseph,Kirk,hrussell@example.org,(033) 137-5878,2017-03-19,2017-02-25,2,443.53,Manicure,ARCHIVE,,unknown,Pass,Pre-2019 last appointment,0,0,DaySmart,DaySmart Only,2026-04-14
DS-204515,,DS-204515,Kimberly,Davila,emilyreid@example.org,(978) 552-9648,2018-03-07,2015-03-14,1,84.49,Highlights,ARCHIVE,,unknown,Unsubscribe Rule,Pre-2019 last appointment,0,0,DaySmart,DaySmart Only,2026-04-14
DS-204522,,DS-204522,Madeline,Franklin,martineztina@example.net,(686) 118-3949,2014-04-05,2017-12-13,3,604.03,Blowout,ARCHIVE,,unknown,Unsubscribe Rule,Pre-2019 last appointment,0,0,DaySmart,DaySmart Only,2026-04-14
DS-204525,,DS-204525,Alejandro,Le Jr.,sharon19@example.net,(158) 530-8967,2010-04-07,2018-02-13,3,411.97,Color Treatment,ARCHIVE,,valid,Unsubscribe Rule,Pre-2019 last appointment,0,0,DaySmart,DaySmart Only,2026-04-14
DS-204531,,DS-204531,Amy,Underwood,stonebrandon@example.net,(646) 028-8368,2018-04-14,2015-08-31,1,78.04,Haircut,ARCHIVE,,valid,Pass,Pre-2019 last appointment,0,0,DaySmart,DaySmart Only,2026-04-14
DS-204536,,DS-204536,Kevin,Esparza,diana09@example.org,(814) 983-5026,2017-01-12,2015-10-13,1,97.1,Highlights,ARCHIVE,,valid,Pass,Pre-2019 last appointment,0,0,DaySmart,DaySmart Only,2026-04-14
DS-204540,,DS-204540,Lisa,Bowman,daniel73@example.com,(718) 828-5332,2015-03-11,2018-02-19,1,197.23,Facial,ARCHIVE,,valid,Unsubscribe Rule,Pre-2019 last appointment,0,0,DaySmart,DaySmart Only,2026-04-14
DS-204550,,DS-204550,Ian,Hendrix,lthompson@example.org,(924) 151-3401,2016-12-23,2017-12-24,3,376.17,Consultation,ARCHIVE,,valid,Pass,Pre-2019 last appointment,0,0,DaySmart,DaySmart Only,2026-04-14
DS-204551,,DS-204551,Mark,Hamilton,andersontina@example.com,(189) 508-1648,2014-05-10,2017-08-19,1,284.59,Keratin Treatment,ARCHIVE,,valid,Pass,Pre-2019 last appointment,0,0,DaySmart,DaySmart Only,2026-04-14
DS-204557,,DS-204557,Olivia,Alexander,christinawilliams@example.net,(389) 216-6224,2016-09-13,2017-01-05,2,390.98,Color Treatment,ARCHIVE,,valid,Unsubscribe Rule,Pre-2019 last appointment,0,0,DaySmart,DaySmart Only,2026-04-14
DS-204562,,DS-204562,Rachel,Robinson,bryan46@example.com,(504) 638-2823,2017-12-30,2017-07-24,5,784.73,Color Treatment,ARCHIVE,,valid,Unsubscribe Rule,Pre-2019 last appointment,0,0,DaySmart,DaySmart Only,2026-04-14
DS-204570,,DS-204570,Kristine,Drake,jeffrey21@example.com,(841) 516-6175,2016-07-10,,0,0.0,,ARCHIVE,,valid,Unsubscribe Rule,Pre-2019 last appointment,0,0,DaySmart,DaySmart Only,2026-04-14
DS-204572,,DS-204572,Rachel,Campbell,codyking@example.com,(781) 689-6552,2014-01-31,,0,0.0,,ARCHIVE,,catch-all,Pass,Pre-2019 last appointment,0,0,DaySmart,DaySmart Only,2026-04-14
DS-204579,,DS-204579,Kimberly,Huffman,lsimon@example.net,(796) 641-0012,2018-04-25,2018-02-08,5,600.58,Facial,ARCHIVE,,valid,Pass,Pre-2019 last appointment,0,0,DaySmart,DaySmart Only,2026-04-14
DS-204589,,DS-204589,Danielle,Dennis,curtiskristine@example.com,(437) 826-2594,2014-11-08,2011-05-02,1,147.66,Keratin Treatment,ARCHIVE,,valid,Unsubscribe Rule,Pre-2019 last appointment,0,0,DaySmart,DaySmart Only,2026-04-14
DS-204593,,DS-204593,Cynthia,Knight,tony20@example.net,(817) 275-5258,2017-12-10,2017-04-20,2,377.45,Pedicure,ARCHIVE,,valid,Pass,Pre-2019 last appointment,0,0,DaySmart,DaySmart Only,2026-04-14
DS-204601,,DS-204601,Joseph,Walsh,diazshelley@example.org,(201) 073-5583,2013-11-20,2015-06-04,2,399.32,Keratin Treatment,ARCHIVE,,valid,Unsubscribe Rule,Pre-2019 last appointment,0,0,DaySmart,DaySmart Only,2026-04-14
DS-204607,,DS-204607,Anna,Ramirez,denise80@example.com,(459) 963-1887,2013-01-22,2018-09-25,3,266.62,Haircut,ARCHIVE,,valid,Unsubscribe Rule,Pre-2019 last appointment,0,0,DaySmart,DaySmart Only,2026-04-14
DS-204609,,DS-204609,Ashley,White,cookmatthew@example.net,(091) 588-4902,2017-02-27,2018-01-07,1,92.65,Highlights,ARCHIVE,,valid,Unsubscribe Rule,Pre-2019 last appointment,0,0,DaySmart,DaySmart Only,2026-04-14
DS-204610,,DS-204610,Nicholas,Rodriguez,georgechelsea@example.net,(293) 625-8404,2014-11-15,,0,0.0,,ARCHIVE,,valid,Pass,Pre-2019 last appointment,0,0,DaySmart,DaySmart Only,2026-04-14
DS-204612,,DS-204612,Jacob,Lowe,dbrady@example.org,(636) 958-0004,2018-06-09,2017-04-16,4,496.7,Consultation,ARCHIVE,,valid,Pass,Pre-2019 last appointment,0,0,DaySmart,DaySmart Only,2026-04-14
DS-204616,,DS-204616,Christopher,Moore,sancheznatalie@example.org,(024) 633-8328,2012-03-14,2017-02-15,4,477.83,Massage,ARCHIVE,,valid,Unsubscribe Rule,Pre-2019 last appointment,0,0,DaySmart,DaySmart Only,2026-04-14
DS-204617,,DS-204617,David,Burke,garciajoe@example.com,(178) 458-7586,2017-02-21,2015-08-17,1,227.75,Blowout,ARCHIVE,,valid,Pass,Pre-2019 last appointment,0,0,DaySmart,DaySmart Only,2026-04-14
DS-204618,,DS-204618,Devin,Clark,perryshane@example.net,(610) 536-0743,2015-11-06,2014-09-17,1,109.62,Pedicure,ARCHIVE,,valid,Unsubscribe Rule,Pre-2019 last appointment,0,0,DaySmart,DaySmart Only,2026-04-14
DS-204621,,DS-204621,Gwendolyn,Ramsey,pcraig@example.org,(197) 921-8316,2011-08-26,2018-09-18,1,74.48,Pedicure,ARCHIVE,,unknown,Pass,Pre-2019 last appointment,0,0,DaySmart,DaySmart Only,2026-04-14
DS-204624,,DS-204624,Christopher,Williams,juan58@example.net,(023) 702-4024,2013-12-19,2018-07-13,2,154.86,Facial,ARCHIVE,,valid,Unsubscribe Rule,Pre-2019 last appointment,0,0,DaySmart,DaySmart Only,2026-04-14
DS-204627,,DS-204627,Lynn,Richardson,eddie14@example.com,(209) 759-1776,2011-01-19,2017-04-27,1,292.75,Keratin Treatment,ARCHIVE,,valid,Unsubscribe Rule,Pre-2019 last appointment,0,0,DaySmart,DaySmart Only,2026-04-14
DS-204629,,DS-204629,Mark,Rose,robertschristina@example.com,(509) 421-6921,2013-03-05,2012-07-11,1,162.16,Blowout,ARCHIVE,,valid,Unsubscribe Rule,Pre-2019 last appointment,0,0,DaySmart,DaySmart Only,2026-04-14
DS-204630,,DS-204630,Katherine,Calhoun,carrie30@example.net,(061) 778-9444,2013-11-04,2018-04-30,1,180.33,Blowout,ARCHIVE,,valid,Pass,Pre-2019 last appointment,0,0,DaySmart,DaySmart Only,2026-04-14
DS-204633,,DS-204633,Eric,Leonard,hayesjoseph@example.net,(019) 276-3786,2017-04-22,2017-09-02,3,603.16,Keratin Treatment,ARCHIVE,,valid,Pass,Pre-2019 last appointment,0,0,DaySmart,DaySmart Only,2026-04-14
DS-204634,,DS-204634,Evan,Reid,derrick14@example.com,(299) 991-4300,2011-10-16,2017-04-04,3,292.71,Massage,ARCHIVE,,catch-all,Pass,Pre-2019 last appointment,0,0,DaySmart,DaySmart Only,2026-04-14
DS-204636,,DS-204636,Alexander,Rogers,isaiahgrant@example.net,(748) 697-1210,2012-08-22,2016-10-28,3,527.32,Haircut,ARCHIVE,,valid,Unsubscribe Rule,Pre-2019 last appointment,0,0,DaySmart,DaySmart Only,2026-04-14
DS-204642,,DS-204642,Chad,Lewis,hillwesley@example.com,(131) 384-3661,2013-08-03,,0,0.0,,ARCHIVE,,valid,Unsubscribe Rule,Pre-2019 last appointment,0,0,DaySmart,DaySmart Only,2026-04-14
DS-204646,,DS-204646,Susan,Garcia,mooredwayne@example.com,(217) 827-7105,2015-01-26,,0,0.0,,ARCHIVE,,valid,Pass,Pre-2019 last appointment,0,0,DaySmart,DaySmart Only,2026-04-14
DS-204648,,DS-204648,Adam,Johnson,nicholsonjoshua@example.org,(591) 447-3833,2018-06-09,2015-07-22,1,27.69,Keratin Treatment,ARCHIVE,,valid,Unsubscribe Rule,Pre-2019 last appointment,0,0,DaySmart,DaySmart Only,2026-04-14
DS-204654,,DS-204654,Christopher,Roberts,edwardsheather@example.net,(449) 679-4847,2018-06-21,2018-07-04,2,491.03,Haircut,ARCHIVE,,valid,Unsubscribe Rule,Pre-2019 last appointment,0,0,DaySmart,DaySmart Only,2026-04-14
DS-204665,,DS-204665,Sandra,Preston,andersenjason@example.net,(567) 584-9900,2016-05-29,2018-07-08,6,806.82,Keratin Treatment,ARCHIVE,,valid,Pass,Pre-2019 last appointment,0,0,DaySmart,DaySmart Only,2026-04-14
DS-204668,,DS-204668,Michael,White,jenniferthomas@example.net,(575) 226-2554,2014-01-23,2018-06-19,8,1275.63,Facial,ARCHIVE,,valid,Unsubscribe Rule,Pre-2019 last appointment,0,0,DaySmart,DaySmart Only,2026-04-14
DS-204672,,DS-204672,Yolanda,Harrison,jeffreyowen@example.com,(657) 329-4601,2017-08-24,2014-05-22,1,155.5,Blowout,ARCHIVE,,valid,Pass,Pre-2019 last appointment,0,0,DaySmart,DaySmart Only,2026-04-14
DS-204674,,DS-204674,Lisa,Gardner,jamiearroyo@example.org,(816) 975-0783,2015-06-08,2017-09-07,3,284.23,Manicure,ARCHIVE,,valid,Unsubscribe Rule,Pre-2019 last appointment,0,0,DaySmart,DaySmart Only,2026-04-14
DS-204676,,DS-204676,Justin,Brown,bonillarachel@example.com,(698) 299-7699,2013-12-21,2013-05-23,3,572.6,Haircut,ARCHIVE,,valid,Pass,Pre-2019 last appointment,0,0,DaySmart,DaySmart Only,2026-04-14
DS-204677,,DS-204677,Laura,Bishop,tiffanylucero@example.com,(540) 555-0834,2015-04-07,2017-10-06,4,776.32,Massage,ARCHIVE,,valid,Unsubscribe Rule,Pre-2019 last appointment,0,0,DaySmart,DaySmart Only,2026-04-14
DS-204682,,DS-204682,Courtney,Miller,qdillon@example.com,(554) 706-0780,2011-12-07,,0,0.0,,ARCHIVE,,valid,Unsubscribe Rule,Pre-2019 last appointment,0,0,DaySmart,DaySmart Only,2026-04-14
DS-204685,,DS-204685,Tiffany,Rojas,duffydavid@example.com,(017) 234-4677,2017-02-01,2013-06-09,1,219.78,Blowout,ARCHIVE,,valid,Pass,Pre-2019 last appointment,0,0,DaySmart,DaySmart Only,2026-04-14
DS-204687,,DS-204687,Douglas,Melton,larsondebra@example.org,(700) 159-1977,2010-08-31,2016-03-12,5,615.73,Keratin Treatment,ARCHIVE,,valid,Unsubscribe Rule,Pre-2019 last appointment,0,0,DaySmart,DaySmart Only,2026-04-14
DS-204691,,DS-204691,James,Walker,vanessastone@example.net,(459) 305-0699,2017-02-18,2017-01-05,3,254.46,Color Treatment,ARCHIVE,,valid,Pass,Pre-2019 last appointment,0,0,DaySmart,DaySmart Only,2026-04-14
DS-204694,,DS-204694,Angela,Hernandez,mariah87@example.com,(626) 909-1196,2018-02-03,2013-06-04,2,519.86,Facial,ARCHIVE,,valid,Unsubscribe Rule,Pre-2019 last appointment,0,0,DaySmart,DaySmart Only,2026-04-14
DS-204698,,DS-204698,Jessica,Silva,smithsamantha@example.com,(432) 631-4243,2016-04-13,2013-11-24,2,332.02,Massage,ARCHIVE,,valid,Pass,Pre-2019 last appointment,0,0,DaySmart,DaySmart Only,2026-04-14
DS-204701,,DS-204701,Christopher,Collins,jesussmith@example.org,(623) 050-4782,2018-07-21,2016-11-23,4,828.06,Manicure,ARCHIVE,,valid,Unsubscribe Rule,Pre-2019 last appointment,0,0,DaySmart,DaySmart Only,2026-04-14
DS-204705,,DS-204705,Elizabeth,Reyes,mcgeejimmy@example.net,(316) 755-0310,2016-02-15,2018-04-26,3,575.36,Color Treatment,ARCHIVE,,valid,Unsubscribe Rule,Pre-2019 last appointment,0,0,DaySmart,DaySmart Only,2026-04-14
DS-204707,,DS-204707,Ariana,Bates,reginaallen@example.com,(044) 440-7211,2016-09-30,2016-06-03,2,196.57,Highlights,ARCHIVE,,valid,Unsubscribe Rule,Pre-2019 last appointment,0,0,DaySmart,DaySmart Only,2026-04-14
DS-204708,,DS-204708,James,Patton,xdalton@example.net,(561) 139-3530,2010-01-09,,0,0.0,,ARCHIVE,,valid,Pass,Pre-2019 last appointment,0,0,DaySmart,DaySmart Only,2026-04-14
DS-204714,,DS-204714,Joshua,Arnold,owilson@example.org,(512) 004-5158,2013-02-24,2018-02-07,2,331.79,Color Treatment,ARCHIVE,,valid,Pass,Pre-2019 last appointment,0,0,DaySmart,DaySmart Only,2026-04-14
DS-204719,,DS-204719,Kristina,Luna,cynthianicholson@example.net,(405) 171-7573,2015-04-29,2014-05-04,3,443.92,Pedicure,ARCHIVE,,valid,Unsubscribe Rule,Pre-2019 last appointment,0,0,DaySmart,DaySmart Only,2026-04-14
DS-204723,,DS-204723,Joseph,Silva,wkelly@example.net,(281) 093-1993,2011-12-16,,0,0.0,,ARCHIVE,,valid,Unsubscribe Rule,Pre-2019 last appointment,0,0,DaySmart,DaySmart Only,2026-04-14
DS-204724,,DS-204724,Brandon,Allen,zachary62@example.com,(850) 385-0448,2015-07-18,2015-09-07,1,236.44,Color Treatment,ARCHIVE,,valid,Pass,Pre-2019 last appointment,0,0,DaySmart,DaySmart Only,2026-04-14
DS-204726,,DS-204726,Jenna,Frye,bradleymartinez@example.com,(024) 998-8934,2018-05-11,2016-01-26,1,199.65,Pedicure,ARCHIVE,,valid,Pass,Pre-2019 last appointment,0,0,DaySmart,DaySmart Only,2026-04-14
DS-204727,,DS-204727,Mary,Flores,jameswhite@example.net,(415) 277-6559,2018-06-06,2016-09-19,3,444.24,Blowout,ARCHIVE,,valid,Unsubscribe Rule,Pre-2019 last appointment,0,0,DaySmart,DaySmart Only,2026-04-14
DS-204728,,DS-204728,Sally,Moses,loganmeyers@example.net,(759) 576-2492,2012-12-03,,0,0.0,,ARCHIVE,,valid,Pass,Pre-2019 last appointment,0,0,DaySmart,DaySmart Only,2026-04-14
DS-204731,,DS-204731,Douglas,Logan,nbarry@example.com,(250) 556-2975,2012-11-10,,0,0.0,,ARCHIVE,,catch-all,Pass,Pre-2019 last appointment,0,0,DaySmart,DaySmart Only,2026-04-14
DS-204736,,DS-204736,Travis,Knox,kellyjohnson@example.org,(070) 308-8542,2012-08-10,2017-08-01,5,753.87,Facial,ARCHIVE,,valid,Unsubscribe Rule,Pre-2019 last appointment,0,0,DaySmart,DaySmart Only,2026-04-14
DS-204737,,DS-204737,Linda,Lewis,xzuniga@example.com,(389) 560-8973,2016-09-04,2014-08-19,3,567.42,Manicure,ARCHIVE,,valid,Unsubscribe Rule,Pre-2019 last appointment,0,0,DaySmart,DaySmart Only,2026-04-14
DS-204739,,DS-204739,Anthony,Taylor,andrewhowell@example.com,(840) 344-9919,2018-03-02,2017-10-31,3,493.85,Blowout,ARCHIVE,,unknown,Unsubscribe Rule,Pre-2019 last appointment,0,0,DaySmart,DaySmart Only,2026-04-14
DS-204743,,DS-204743,Rachel,Wilson,egray@example.org,(474) 221-9914,2018-09-02,2017-07-11,6,665.76,Highlights,ARCHIVE,,do_not_mail,Do Not Mail,Pre-2019 last appointment,0,0,DaySmart,DaySmart Only,2026-04-14
DS-204744,,DS-204744,Jessica,Meza,vrodriguez@example.org,(202) 349-2509,2015-06-08,2013-09-10,1,180.79,Keratin Treatment,ARCHIVE,,valid,Pass,Pre-2019 last appointment,0,0,DaySmart,DaySmart Only,2026-04-14
DS-204748,,DS-204748,Heather,Harrington,harrisjonathan@example.org,(844) 043-8075,2018-10-27,2016-08-21,2,273.13,Pedicure,ARCHIVE,,valid,Pass,Pre-2019 last appointment,0,0,DaySmart,DaySmart Only,2026-04-14
DS-204749,,DS-204749,Phillip,Maxwell,elizabeth58@example.com,(445) 264-6507,2018-06-01,2018-02-04,1,40.22,Manicure,ARCHIVE,,valid,Unsubscribe Rule,Pre-2019 last appointment,0,0,DaySmart,DaySmart Only,2026-04-14
DS-204750,,DS-204750,Sheri,Rodriguez,riosedwin@example.net,(844) 835-7531,2010-05-27,2018-09-21,2,346.09,Manicure,ARCHIVE,,valid,Unsubscribe Rule,Pre-2019 last appointment,0,0,DaySmart,DaySmart Only,2026-04-14
DS-204758,,DS-204758,Joseph,Chambers,david36@example.org,(176) 197-3014,2011-09-22,2016-09-17,5,912.34,Consultation,ARCHIVE,,valid,Pass,Pre-2019 last appointment,0,0,DaySmart,DaySmart Only,2026-04-14
DS-204760,,DS-204760,Matthew,Cabrera,nbaldwin@example.com,(016) 633-1393,2016-03-21,2013-07-24,3,482.61,Color Treatment,ARCHIVE,,valid,Unsubscribe Rule,Pre-2019 last appointment,0,0,DaySmart,DaySmart Only,2026-04-14
DS-204766,,DS-204766,Daniel,Scott,mgallagher@example.com,(977) 157-6067,2018-09-17,2018-09-14,3,495.73,Color Treatment,ARCHIVE,,valid,Pass,Pre-2019 last appointment,0,0,DaySmart,DaySmart Only,2026-04-14
DS-204767,,DS-204767,Carrie,Byrd,bentleyalexis@example.net,(253) 343-6594,2018-08-14,,0,0.0,,ARCHIVE,,valid,Pass,Pre-2019 last appointment,0,0,DaySmart,DaySmart Only,2026-04-14
DS-204773,,DS-204773,Javier,Rodriguez,rickmartin@example.net,(393) 357-5744,2013-12-29,2012-03-19,2,265.86,Keratin Treatment,ARCHIVE,,valid,Pass,Pre-2019 last appointment,0,0,DaySmart,DaySmart Only,2026-04-14
DS-204778,,DS-204778,Jason,Wong,cweeks@example.org,(822) 655-9993,2014-06-01,2012-05-25,1,78.78,Manicure,ARCHIVE,,valid,Unsubscribe Rule,Pre-2019 last appointment,0,0,DaySmart,DaySmart Only,2026-04-14
DS-204783,,DS-204783,Sarah,Lee,jonathanreilly@example.net,(530) 722-9955,2013-09-28,2017-08-11,3,272.25,Pedicure,ARCHIVE,,valid,Unsubscribe Rule,Pre-2019 last appointment,0,0,DaySmart,DaySmart Only,2026-04-14
DS-204785,,DS-204785,Lisa,Smith,kerri69@example.org,(028) 352-8767,2015-04-23,2016-02-06,4,707.96,Facial,ARCHIVE,,valid,Unsubscribe Rule,Pre-2019 last appointment,0,0,DaySmart,DaySmart Only,2026-04-14
DS-204786,,DS-204786,Brian,Mccoy,david14@example.com,(968) 519-9076,2016-02-17,2014-02-26,2,264.73,Haircut,ARCHIVE,,valid,Unsubscribe Rule,Pre-2019 last appointment,0,0,DaySmart,DaySmart Only,2026-04-14
DS-204787,,DS-204787,Scott,Lewis,cowanjeffrey@example.com,(860) 678-4496,2018-03-14,2016-11-12,4,662.3,Blowout,ARCHIVE,,valid,Pass,Pre-2019 last appointment,0,0,DaySmart,DaySmart Only,2026-04-14
DS-204790,,DS-204790,Antonio,Jackson MD,pattyholmes@example.org,(234) 863-4152,2014-02-03,2015-08-29,2,238.55,Massage,ARCHIVE,,valid,Unsubscribe Rule,Pre-2019 last appointment,0,0,DaySmart,DaySmart Only,2026-04-14
DS-204792,,DS-204792,Caitlin,Ramirez,kimberly38@example.net,(933) 044-9818,2017-08-20,2016-09-20,2,505.34,Haircut,ARCHIVE,,valid,Unsubscribe Rule,Pre-2019 last appointment,0,0,DaySmart,DaySmart Only,2026-04-14
DS-204795,,DS-204795,Juan,Ward,meyerjonathan@example.com,(012) 827-3154,2015-04-18,,0,0.0,,ARCHIVE,,catch-all,Pass,Pre-2019 last appointment,0,0,DaySmart,DaySmart Only,2026-04-14
DS-204798,,DS-204798,Courtney,Buchanan,ricewilliam@example.org,(574) 654-4806,2010-12-10,2011-02-07,1,116.38,Facial,ARCHIVE,,catch-all,Unsubscribe Rule,Pre-2019 last appointment,0,0,DaySmart,DaySmart Only,2026-04-14
DS-204799,,DS-204799,James,Williams,kellyburns@example.org,(672) 601-8803,2011-02-12,2010-08-07,1,43.31,Manicure,ARCHIVE,,catch-all,Pass,Pre-2019 last appointment,0,0,DaySmart,DaySmart Only,2026-04-14
DS-204801,,DS-204801,Ryan,Oneill,cclements@example.net,(649) 654-5900,2018-12-19,,0,0.0,,ARCHIVE,,catch-all,Unsubscribe Rule,Pre-2019 last appointment,0,0,DaySmart,DaySmart Only,2026-04-14
DS-204803,,DS-204803,Alexander,Wilson,martinezangel@example.net,(801) 332-7809,2013-11-19,2012-11-02,1,27.22,Keratin Treatment,ARCHIVE,,valid,Unsubscribe Rule,Pre-2019 last appointment,0,0,DaySmart,DaySmart Only,2026-04-14
DS-204804,,DS-204804,Kayla,Lopez,ndavenport@example.com,(671) 949-5568,2012-09-19,,0,0.0,,ARCHIVE,,unknown,Unsubscribe Rule,Pre-2019 last appointment,0,0,DaySmart,DaySmart Only,2026-04-14
DS-204806,,DS-204806,Patricia,Harris,vwheeler@example.net,(574) 057-9376,2016-06-15,2014-06-30,1,66.82,Facial,ARCHIVE,,catch-all,Pass,Pre-2019 last appointment,0,0,DaySmart,DaySmart Only,2026-04-14
DS-204811,,DS-204811,Shawn,Holder,pattersonhaley@example.com,(424) 987-9635,2011-03-10,2014-06-13,2,445.82,Keratin Treatment,ARCHIVE,,valid,Pass,Pre-2019 last appointment,0,0,DaySmart,DaySmart Only,2026-04-14
DS-204812,,DS-204812,David,Savage,pamelabernard@example.org,(299) 903-0372,2015-02-14,2017-10-11,2,219.29,Manicure,ARCHIVE,,catch-all,Unsubscribe Rule,Pre-2019 last appointment,0,0,DaySmart,DaySmart Only,2026-04-14
DS-204813,,DS-204813,Robert,Chase,ogalvan@example.org,(149) 742-1066,2018-05-28,2014-11-29,2,338.59,Consultation,ARCHIVE,,catch-all,Pass,Pre-2019 last appointment,0,0,DaySmart,DaySmart Only,2026-04-14
DS-204816,,DS-204816,Stephanie,Smith,paul14@example.net,(492) 361-1677,2018-11-23,,0,0.0,,ARCHIVE,,valid,Unsubscribe Rule,Pre-2019 last appointment,0,0,DaySmart,DaySmart Only,2026-04-14
DS-204822,,DS-204822,Ryan,Turner,mmatthews@example.com,(330) 666-6045,2013-08-28,2018-01-15,6,1027.56,Manicure,ARCHIVE,,valid,Pass,Pre-2019 last appointment,0,0,DaySmart,DaySmart Only,2026-04-14
DS-204827,,DS-204827,Maria,Calhoun,davidnguyen@example.org,(718) 098-2053,2018-09-03,2017-08-01,3,593.95,Blowout,ARCHIVE,,valid,Pass,Pre-2019 last appointment,0,0,DaySmart,DaySmart Only,2026-04-14
DS-204830,,DS-204830,Mike,Choi,xmcdowell@example.net,(106) 300-7218,2013-10-05,2011-02-20,2,353.38,Facial,ARCHIVE,,catch-all,Pass,Pre-2019 last appointment,0,0,DaySmart,DaySmart Only,2026-04-14
DS-204832,,DS-204832,Veronica,Murphy,darren97@example.net,(587) 769-8796,2015-08-04,2013-11-29,1,250.25,Consultation,ARCHIVE,,valid,Unsubscribe Rule,Pre-2019 last appointment,0,0,DaySmart,DaySmart Only,2026-04-14
DS-204833,,DS-204833,Lisa,Harris,isabella76@example.org,(931) 770-7723,2015-05-09,,0,0.0,,ARCHIVE,,valid,Unsubscribe Rule,Pre-2019 last appointment,0,0,DaySmart,DaySmart Only,2026-04-14
DS-204842,,DS-204842,Tiffany,Long,katie12@example.com,(704) 312-4021,2017-01-11,2010-02-04,1,282.89,Consultation,ARCHIVE,,valid,Pass,Pre-2019 last appointment,0,0,DaySmart,DaySmart Only,2026-04-14
DS-204846,,DS-204846,Victor,Farmer,shawn40@example.net,(361) 840-6148,2015-04-06,2012-07-30,3,469.69,Highlights,ARCHIVE,,catch-all,Unsubscribe Rule,Pre-2019 last appointment,0,0,DaySmart,DaySmart Only,2026-04-14
DS-204848,,DS-204848,Debra,Perez,danielcampbell@example.com,(684) 638-8348,2017-09-02,,0,0.0,,ARCHIVE,,unknown,Unsubscribe Rule,Pre-2019 last appointment,0,0,DaySmart,DaySmart Only,2026-04-14
DS-204853,,DS-204853,Regina,Hunter,walshlindsay@example.org,(815) 957-2676,2013-06-07,2013-07-03,1,80.45,Massage,ARCHIVE,,valid,Pass,Pre-2019 last appointment,0,0,DaySmart,DaySmart Only,2026-04-14
DS-204866,,DS-204866,Susan,Hester,adamsandrew@example.net,(079) 498-0065,2017-02-13,2018-02-15,3,720.3,Blowout,ARCHIVE,,valid,Pass,Pre-2019 last appointment,0,0,DaySmart,DaySmart Only,2026-04-14
DS-204870,,DS-204870,Mark,White,dpetty@example.com,(911) 072-4835,2017-11-12,2011-12-21,1,221.98,Blowout,ARCHIVE,,unknown,Unsubscribe Rule,Pre-2019 last appointment,0,0,DaySmart,DaySmart Only,2026-04-14
DS-204878,,DS-204878,Nancy,Martin,wagnerhannah@example.org,(409) 646-6424,2015-06-21,2018-07-30,2,557.44,Pedicure,ARCHIVE,,valid,Unsubscribe Rule,Pre-2019 last appointment,0,0,DaySmart,DaySmart Only,2026-04-14
DS-204879,,DS-204879,Karen,Mejia,sandraoconnell@example.net,(141) 747-1574,2015-06-20,2016-03-05,5,951.28,Color Treatment,ARCHIVE,,valid,Pass,Pre-2019 last appointment,0,0,DaySmart,DaySmart Only,2026-04-14
DS-204882,,DS-204882,Margaret,Wright,friedmanchristopher@example.org,(029) 895-5481,2013-07-31,2017-07-09,2,272.28,Blowout,ARCHIVE,,valid,Pass,Pre-2019 last appointment,0,0,DaySmart,DaySmart Only,2026-04-14
DS-204884,,DS-204884,Andrew,Hernandez,efuller@example.com,(864) 897-1439,2016-12-05,2012-09-02,1,293.08,Facial,ARCHIVE,,valid,Pass,Pre-2019 last appointment,0,0,DaySmart,DaySmart Only,2026-04-14
DS-204889,,DS-204889,Amanda,Larsen,yatesjessica@example.net,(310) 652-6776,2015-08-21,2014-06-13,3,413.43,Facial,ARCHIVE,,valid,Pass,Pre-2019 last appointment,0,0,DaySmart,DaySmart Only,2026-04-14
DS-204892,,DS-204892,Devon,Gomez,baileyelizabeth@example.com,(131) 489-7195,2010-08-07,2018-06-26,3,442.17,Massage,ARCHIVE,,valid,Pass,Pre-2019 last appointment,0,0,DaySmart,DaySmart Only,2026-04-14
DS-204893,,DS-204893,Albert,Christian,trevorlozano@example.org,(893) 276-6526,2013-01-20,2011-06-08,1,92.87,Keratin Treatment,ARCHIVE,,valid,Pass,Pre-2019 last appointment,0,0,DaySmart,DaySmart Only,2026-04-14
DS-204900,,DS-204900,Michael,Navarro DVM,nray@example.com,(509) 483-2616,2018-09-14,2018-02-10,4,718.06,Haircut,ARCHIVE,,catch-all,Unsubscribe Rule,Pre-2019 last appointment,0,0,DaySmart,DaySmart Only,2026-04-14
DS-204903,,DS-204903,William,Bates,williamsbarbara@example.net,(664) 799-0737,2016-01-10,,0,0.0,,ARCHIVE,,valid,Pass,Pre-2019 last appointment,0,0,DaySmart,DaySmart Only,2026-04-14
DS-204907,,DS-204907,Paul,Mendoza,john71@example.com,(227) 690-3626,2013-01-09,2016-02-02,3,442.7,Manicure,ARCHIVE,,do_not_mail,Unsubscribe Rule,Pre-2019 last appointment,0,0,DaySmart,DaySmart Only,2026-04-14
DS-204910,,DS-204910,Mike,Robinson,jonesbrian@example.net,(731) 919-7568,2014-07-24,2013-03-24,1,70.21,Color Treatment,ARCHIVE,,valid,Unsubscribe Rule,Pre-2019 last appointment,0,0,DaySmart,DaySmart Only,2026-04-14
DS-204911,,DS-204911,Victor,Garner,jlawrence@example.com,(634) 865-4722,2012-08-20,2017-11-13,3,595.99,Highlights,ARCHIVE,,valid,Pass,Pre-2019 last appointment,0,0,DaySmart,DaySmart Only,2026-04-14
DS-204912,,DS-204912,Teresa,Walker,bjohnson@example.com,(680) 203-4723,2013-02-02,,0,0.0,,ARCHIVE,,valid,Pass,Pre-2019 last appointment,0,0,DaySmart,DaySmart Only,2026-04-14
DS-204915,,DS-204915,Adam,Donaldson,anthonymcdonald@example.org,(063) 924-9484,2010-12-03,2011-07-25,1,21.14,Massage,ARCHIVE,,valid,Pass,Pre-2019 last appointment,0,0,DaySmart,DaySmart Only,2026-04-14
DS-204917,,DS-204917,Michael,Gardner,qmurphy@example.com,(368) 052-4579,2012-07-17,,0,0.0,,ARCHIVE,,valid,Pass,Pre-2019 last appointment,0,0,DaySmart,DaySmart Only,2026-04-14
DS-204920,,DS-204920,Joshua,Walker,jaredsingh@example.net,(835) 627-3711,2013-11-23,2014-04-13,1,68.98,Blowout,ARCHIVE,,valid,Unsubscribe Rule,Pre-2019 last appointment,0,0,DaySmart,DaySmart Only,2026-04-14
DS-204927,,DS-204927,Brianna,Ortiz,lweeks@example.com,(944) 348-5420,2013-11-13,2018-09-10,1,211.6,Massage,ARCHIVE,,valid,Unsubscribe Rule,Pre-2019 last appointment,0,0,DaySmart,DaySmart Only,2026-04-14
DS-204928,,DS-204928,Stacy,Burnett,sgordon@example.net,(838) 939-2428,2016-02-01,2018-12-13,5,822.53,Pedicure,ARCHIVE,,valid,Pass,Pre-2019 last appointment,0,0,DaySmart,DaySmart Only,2026-04-14
DS-204934,,DS-204934,Amber,Fleming,carrieburgess@example.com,(629) 231-9122,2011-08-22,2015-10-29,2,118.13,Color Treatment,ARCHIVE,,valid,Pass,Pre-2019 last appointment,0,0,DaySmart,DaySmart Only,2026-04-14
DS-204935,,DS-204935,Joshua,Kennedy,juliamorris@example.net,(987) 346-8939,2011-11-04,2018-10-27,6,860.95,Massage,ARCHIVE,,valid,Pass,Pre-2019 last appointment,0,0,DaySmart,DaySmart Only,2026-04-14
DS-204938,,DS-204938,Kristin,Garcia,moorebenjamin@example.net,(181) 407-2948,2017-11-09,2018-04-15,2,344.36,Massage,ARCHIVE,,valid,Pass,Pre-2019 last appointment,0,0,DaySmart,DaySmart Only,2026-04-14
DS-204940,,DS-204940,Joseph,Sanchez,gregoryjohnson@example.org,(544) 081-3727,2011-12-11,2014-12-29,1,287.53,Pedicure,ARCHIVE,,valid,Pass,Pre-2019 last appointment,0,0,DaySmart,DaySmart Only,2026-04-14
DS-204942,,DS-204942,Benjamin,Paul,kprice@example.com,(062) 937-8954,2016-04-22,2014-07-18,1,122.38,Haircut,ARCHIVE,,valid,Pass,Pre-2019 last appointment,0,0,DaySmart,DaySmart Only,2026-04-14
DS-204948,,DS-204948,Eric,Brown,grace52@example.org,(724) 863-1134,2018-06-22,,0,0.0,,ARCHIVE,,valid,Unsubscribe Rule,Pre-2019 last appointment,0,0,DaySmart,DaySmart Only,2026-04-14
DS-204949,,DS-204949,Adam,Rodriguez,alvarezdwayne@example.com,(064) 036-8406,2010-03-29,2015-03-27,1,110.38,Blowout,ARCHIVE,,valid,Pass,Pre-2019 last appointment,0,0,DaySmart,DaySmart Only,2026-04-14
DS-204951,,DS-204951,Christine,Hill,samuel94@example.net,(805) 718-1878,2011-10-27,2018-10-03,4,486.71,Facial,ARCHIVE,,valid,Pass,Pre-2019 last appointment,0,0,DaySmart,DaySmart Only,2026-04-14
DS-204953,,DS-204953,Curtis,Hamilton,susanreyes@example.net,(270) 865-0213,2011-11-04,2012-06-25,1,71.21,Keratin Treatment,ARCHIVE,,catch-all,Pass,Pre-2019 last appointment,0,0,DaySmart,DaySmart Only,2026-04-14
DS-204955,,DS-204955,Eric,Dickerson,gary62@example.net,(504) 118-5565,2015-07-16,2018-01-12,4,790.13,Highlights,ARCHIVE,,valid,Pass,Pre-2019 last appointment,0,0,DaySmart,DaySmart Only,2026-04-14
DS-204957,,DS-204957,Joshua,Lopez,vaughnsarah@example.net,(625) 066-8036,2012-04-30,,0,0.0,,ARCHIVE,,valid,Unsubscribe Rule,Pre-2019 last appointment,0,0,DaySmart,DaySmart Only,2026-04-14
DS-204959,,DS-204959,Lindsey,Moore,igordon@example.com,(309) 095-2336,2014-11-26,2014-07-16,1,48.4,Highlights,ARCHIVE,,valid,Unsubscribe Rule,Pre-2019 last appointment,0,0,DaySmart,DaySmart Only,2026-04-14
DS-204960,,DS-204960,Tamara,Miller,hunterreed@example.com,(196) 757-7616,2016-07-17,2017-11-23,2,397.91,Manicure,ARCHIVE,,valid,Unsubscribe Rule,Pre-2019 last appointment,0,0,DaySmart,DaySmart Only,2026-04-14
DS-204966,,DS-204966,Maria,Bryant,isaac73@example.org,(006) 277-2711,2017-10-13,2014-01-10,1,75.61,Color Treatment,ARCHIVE,,catch-all,Unsubscribe Rule,Pre-2019 last appointment,0,0,DaySmart,DaySmart Only,2026-04-14
DS-204967,,DS-204967,Sandra,Tucker,jacksontodd@example.com,(507) 331-4074,2018-05-27,,0,0.0,,ARCHIVE,,valid,Pass,Pre-2019 last appointment,0,0,DaySmart,DaySmart Only,2026-04-14
DS-204970,,DS-204970,Roy,Gonzalez,dvasquez@example.net,(919) 755-5490,2011-11-23,2017-07-10,4,776.11,Massage,ARCHIVE,,valid,Pass,Pre-2019 last appointment,0,0,DaySmart,DaySmart Only,2026-04-14
DS-204973,,DS-204973,Brianna,Beasley,robbinspaula@example.com,(438) 128-5829,2012-11-09,2015-08-30,1,128.67,Keratin Treatment,ARCHIVE,,catch-all,Unsubscribe Rule,Pre-2019 last appointment,0,0,DaySmart,DaySmart Only,2026-04-14
DS-204976,,DS-204976,Jackie,Gentry,mgreene@example.org,(662) 548-0103,2018-06-06,2017-11-18,2,326.26,Pedicure,ARCHIVE,,valid,Pass,Pre-2019 last appointment,0,0,DaySmart,DaySmart Only,2026-04-14
DS-204983,,DS-204983,Tom,James,cwoodard@example.org,(730) 140-8507,2010-10-03,,0,0.0,,ARCHIVE,,valid,Pass,Pre-2019 last appointment,0,0,DaySmart,DaySmart Only,2026-04-14
DS-204985,,DS-204985,Karen,Simon,robertjacobs@example.net,(120) 795-9709,2010-03-14,2013-10-03,1,170.64,Keratin Treatment,ARCHIVE,,valid,Unsubscribe Rule,Pre-2019 last appointment,0,0,DaySmart,DaySmart Only,2026-04-14
DS-204986,,DS-204986,Angela,Weaver,kimberlymunoz@example.net,(901) 740-3972,2017-12-16,,0,0.0,,ARCHIVE,,valid,Unsubscribe Rule,Pre-2019 last appointment,0,0,DaySmart,DaySmart Only,2026-04-14
DS-204994,,DS-204994,William,Walton,jamiecook@example.com,(369) 420-7542,2014-07-22,,0,0.0,,ARCHIVE,,catch-all,Unsubscribe Rule,Pre-2019 last appointment,0,0,DaySmart,DaySmart Only,2026-04-14
DS-204995,,DS-204995,Lacey,Sanchez,kimberlyramirez@example.com,(688) 072-8560,2014-05-16,2015-11-19,1,225.64,Keratin Treatment,ARCHIVE,,catch-all,Pass,Pre-2019 last appointment,0,0,DaySmart,DaySmart Only,2026-04-14
DS-204999,,DS-204999,Thomas,Gates,peggy21@example.org,(215) 563-1440,2017-10-01,2018-08-27,4,897.84,Manicure,ARCHIVE,,valid,Unsubscribe Rule,Pre-2019 last appointment,0,0,DaySmart,DaySmart Only,2026-04-14
DS-205001,,DS-205001,Jeremy,Dennis,courtney31@example.org,(081) 234-8932,2011-10-10,2018-04-22,2,365.84,Haircut,ARCHIVE,,valid,Pass,Pre-2019 last appointment,0,0,DaySmart,DaySmart Only,2026-04-14
DS-205004,,DS-205004,Tyler,Davis,brentmorgan@example.net,(151) 959-3372,2011-02-03,2017-06-08,1,118.6,Keratin Treatment,ARCHIVE,,valid,Pass,Pre-2019 last appointment,0,0,DaySmart,DaySmart Only,2026-04-14
DS-205007,,DS-205007,Joshua,Jones,janderson@example.org,(103) 283-1110,2014-05-17,,0,0.0,,ARCHIVE,,valid,Pass,Pre-2019 last appointment,0,0,DaySmart,DaySmart Only,2026-04-14
DS-205012,,DS-205012,Donald,Gray,hernandezsierra@example.com,(541) 212-4283,2014-11-30,2015-04-29,3,359.8,Consultation,ARCHIVE,,valid,Unsubscribe Rule,Pre-2019 last appointment,0,0,DaySmart,DaySmart Only,2026-04-14
DS-205013,,DS-205013,Austin,Barrett,lestervictoria@example.org,(403) 367-6912,2013-03-04,2015-12-23,3,621.9,Keratin Treatment,ARCHIVE,,valid,Pass,Pre-2019 last appointment,0,0,DaySmart,DaySmart Only,2026-04-14
DS-205014,,DS-205014,Allen,Reid,connornolan@example.net,(590) 620-7098,2013-02-24,2013-06-06,1,279.67,Facial,ARCHIVE,,valid,Unsubscribe Rule,Pre-2019 last appointment,0,0,DaySmart,DaySmart Only,2026-04-14
DS-205018,,DS-205018,Jason,Williams,anne11@example.org,(001) 283-7025,2012-08-17,2014-04-02,2,334.23,Blowout,ARCHIVE,,valid,Unsubscribe Rule,Pre-2019 last appointment,0,0,DaySmart,DaySmart Only,2026-04-14
DS-205019,,DS-205019,Kimberly,Hall,richard04@example.org,(895) 005-4131,2013-01-30,,0,0.0,,ARCHIVE,,valid,Pass,Pre-2019 last appointment,0,0,DaySmart,DaySmart Only,2026-04-14
DS-205024,,DS-205024,Larry,Myers,jonescarla@example.net,(388) 834-0258,2016-03-22,2017-07-30,2,344.82,Consultation,ARCHIVE,,valid,Pass,Pre-2019 last appointment,0,0,DaySmart,DaySmart Only,2026-04-14
DS-205031,,DS-205031,Bradley,Miller DDS,nicholstracy@example.net,(223) 855-4768,2014-08-22,2018-10-22,4,579.08,Massage,ARCHIVE,,valid,Pass,Pre-2019 last appointment,0,0,DaySmart,DaySmart Only,2026-04-14
DS-205035,,DS-205035,Cynthia,Williams,philipcruz@example.net,(316) 785-0437,2013-01-21,2018-06-07,1,188.09,Highlights,ARCHIVE,,valid,Pass,Pre-2019 last appointment,0,0,DaySmart,DaySmart Only,2026-04-14
DS-205038,,DS-205038,Timothy,Lawrence,brian98@example.org,(814) 969-6453,2011-10-13,2017-05-05,2,252.69,Manicure,ARCHIVE,,valid,Pass,Pre-2019 last appointment,0,0,DaySmart,DaySmart Only,2026-04-14
DS-205048,,DS-205048,Meghan,Cruz,peterjohnson@example.net,(558) 837-1035,2011-04-02,2018-06-24,2,540.16,Color Treatment,ARCHIVE,,valid,Unsubscribe Rule,Pre-2019 last appointment,0,0,DaySmart,DaySmart Only,2026-04-14
DS-205052,,DS-205052,Juan,Rivera,adrianbriggs@example.com,(295) 642-6245,2015-04-20,2011-11-11,3,336.72,Manicure,ARCHIVE,,valid,Pass,Pre-2019 last appointment,0,0,DaySmart,DaySmart Only,2026-04-14
DS-205053,,DS-205053,Robert,Carter,rodriguezjacob@example.net,(014) 341-8245,2018-12-15,2017-06-19,2,364.68,Manicure,ARCHIVE,,valid,Pass,Pre-2019 last appointment,0,0,DaySmart,DaySmart Only,2026-04-14
DS-205055,,DS-205055,Connie,Cain,dgilbert@example.org,(302) 242-7931,2017-05-12,2010-04-10,1,214.38,Consultation,ARCHIVE,,valid,Unsubscribe Rule,Pre-2019 last appointment,0,0,DaySmart,DaySmart Only,2026-04-14
DS-205067,,DS-205067,Jessica,Maldonado,obrown@example.org,(635) 300-4652,2012-06-05,2017-05-19,1,53.9,Consultation,ARCHIVE,,valid,Unsubscribe Rule,Pre-2019 last appointment,0,0,DaySmart,DaySmart Only,2026-04-14
DS-205068,,DS-205068,Alexander,Moses,michaelfoley@example.net,(948) 271-6821,2014-09-19,2012-12-01,1,221.49,Facial,ARCHIVE,,valid,Pass,Pre-2019 last appointment,0,0,DaySmart,DaySmart Only,2026-04-14
DS-205076,,DS-205076,Chase,Jordan,nrios@example.org,(255) 490-4184,2013-03-04,2015-12-31,2,249.99,Facial,ARCHIVE,,catch-all,Unsubscribe Rule,Pre-2019 last appointment,0,0,DaySmart,DaySmart Only,2026-04-14
DS-205077,,DS-205077,Keith,Gonzalez,tsnyder@example.org,(414) 671-7016,2014-07-11,2010-12-29,1,157.36,Manicure,ARCHIVE,,valid,Pass,Pre-2019 last appointment,0,0,DaySmart,DaySmart Only,2026-04-14
DS-205080,,DS-205080,Mark,Davis,jroth@example.com,(030) 546-5878,2017-03-02,,0,0.0,,ARCHIVE,,valid,Pass,Pre-2019 last appointment,0,0,DaySmart,DaySmart Only,2026-04-14
DS-205082,,DS-205082,Cynthia,Smith,daniel99@example.org,(769) 708-6329,2014-03-13,2017-04-14,5,502.97,Consultation,ARCHIVE,,valid,Unsubscribe Rule,Pre-2019 last appointment,0,0,DaySmart,DaySmart Only,2026-04-14
DS-205086,,DS-205086,Sue,Jones,jaredbarber@example.net,(781) 481-8020,2010-10-07,2010-04-16,1,74.4,Color Treatment,ARCHIVE,,valid,Pass,Pre-2019 last appointment,0,0,DaySmart,DaySmart Only,2026-04-14
DS-205088,,DS-205088,Tamara,Ortiz,peter06@example.com,(926) 888-3345,2015-01-31,2014-09-16,3,501.86,Massage,ARCHIVE,,valid,Unsubscribe Rule,Pre-2019 last appointment,0,0,DaySmart,DaySmart Only,2026-04-14
DS-205098,,DS-205098,Heather,Campos,sanchezerin@example.net,(956) 565-6663,2016-02-10,2015-09-11,6,776.62,Consultation,ARCHIVE,,valid,Pass,Pre-2019 last appointment,0,0,DaySmart,DaySmart Only,2026-04-14
DS-205099,,DS-205099,Gary,Lewis,curtismyers@example.com,(987) 514-6460,2016-02-23,2016-09-28,2,446.98,Haircut,ARCHIVE,,valid,Unsubscribe Rule,Pre-2019 last appointment,0,0,DaySmart,DaySmart Only,2026-04-14
DS-205105,,DS-205105,Brandon,Wiley,debbieowens@example.net,(926) 126-4040,2014-10-17,2010-08-05,1,201.23,Massage,ARCHIVE,,catch-all,Pass,Pre-2019 last appointment,0,0,DaySmart,DaySmart Only,2026-04-14
DS-205107,,DS-205107,Kelly,Mcclure,mariaschaefer@example.org,(839) 715-3487,2015-07-04,,0,0.0,,ARCHIVE,,unknown,Pass,Pre-2019 last appointment,0,0,DaySmart,DaySmart Only,2026-04-14
DS-205108,,DS-205108,Melissa,Rowe,pkent@example.com,(134) 955-2257,2011-10-28,2014-08-10,1,66.7,Highlights,ARCHIVE,,valid,Unsubscribe Rule,Pre-2019 last appointment,0,0,DaySmart,DaySmart Only,2026-04-14
DS-205110,,DS-205110,Christine,Thompson,wongjustin@example.com,(098) 741-8261,2017-12-23,2013-05-16,1,82.4,Massage,ARCHIVE,,valid,Pass,Pre-2019 last appointment,0,0,DaySmart,DaySmart Only,2026-04-14
DS-205111,,DS-205111,Brianna,Russell,mitchellzachary@example.org,(069) 562-5146,2011-05-10,,0,0.0,,ARCHIVE,,unknown,Pass,Pre-2019 last appointment,0,0,DaySmart,DaySmart Only,2026-04-14
DS-205112,,DS-205112,Sheila,Oliver,cyoung@example.com,(718) 130-6121,2014-01-10,2016-03-18,2,128.54,Haircut,ARCHIVE,,valid,Unsubscribe Rule,Pre-2019 last appointment,0,0,DaySmart,DaySmart Only,2026-04-14
DS-205118,,DS-205118,Mitchell,Morris,jennifer04@example.com,(453) 760-0677,2013-02-01,2017-01-02,1,73.85,Massage,ARCHIVE,,valid,Unsubscribe Rule,Pre-2019 last appointment,0,0,DaySmart,DaySmart Only,2026-04-14
DS-205125,,DS-205125,Misty,Lopez,ebarron@example.com,(131) 688-8139,2016-12-27,2016-08-05,3,519.22,Blowout,ARCHIVE,,valid,Pass,Pre-2019 last appointment,0,0,DaySmart,DaySmart Only,2026-04-14
DS-205128,,DS-205128,Michaela,Wolf,jflowers@example.com,(093) 700-9111,2012-07-03,2017-02-11,3,284.17,Manicure,ARCHIVE,,valid,Unsubscribe Rule,Pre-2019 last appointment,0,0,DaySmart,DaySmart Only,2026-04-14
DS-205142,,DS-205142,Shawn,Frazier,anthonylopez@example.net,(707) 815-9218,2013-03-27,2018-10-23,3,509.13,Haircut,ARCHIVE,,valid,Pass,Pre-2019 last appointment,0,0,DaySmart,DaySmart Only,2026-04-14
DS-205143,,DS-205143,Felicia,Hutchinson,crystal46@example.com,(157) 480-8663,2010-12-19,2011-10-17,2,137.23,Blowout,ARCHIVE,,unknown,Pass,Pre-2019 last appointment,0,0,DaySmart,DaySmart Only,2026-04-14
DS-205144,,DS-205144,Dr.,Mary Bishop MD,rickyduke@example.org,(387) 487-1644,2015-07-06,2017-01-13,3,284.3,Blowout,ARCHIVE,,valid,Pass,Pre-2019 last appointment,0,0,DaySmart,DaySmart Only,2026-04-14
DS-205147,,DS-205147,Amy,Phillips,lindapowers@example.com,(695) 953-4107,2012-10-09,,0,0.0,,ARCHIVE,,valid,Pass,Pre-2019 last appointment,0,0,DaySmart,DaySmart Only,2026-04-14
DS-205148,,DS-205148,Carrie,Smith,acostaanthony@example.org,(841) 864-2235,2011-08-27,2016-10-23,5,903.75,Consultation,ARCHIVE,,valid,Pass,Pre-2019 last appointment,0,0,DaySmart,DaySmart Only,2026-04-14
DS-205149,,DS-205149,Ryan,Lambert,kmejia@example.com,(897) 548-2948,2018-04-26,2016-08-13,1,216.7,Blowout,ARCHIVE,,valid,Pass,Pre-2019 last appointment,0,0,DaySmart,DaySmart Only,2026-04-14
DS-205150,,DS-205150,Richard,Campbell,jpennington@example.com,(371) 408-2866,2016-12-18,2018-01-22,5,944.26,Highlights,ARCHIVE,,valid,Pass,Pre-2019 last appointment,0,0,DaySmart,DaySmart Only,2026-04-14
DS-205151,,DS-205151,Candice,Smith,kimberly40@example.org,(401) 525-0300,2018-06-15,2015-12-14,3,557.77,Facial,ARCHIVE,,valid,Unsubscribe Rule,Pre-2019 last appointment,0,0,DaySmart,DaySmart Only,2026-04-14
DS-205153,,DS-205153,Benjamin,Peterson,hayeskevin@example.org,(646) 351-1401,2016-07-04,2014-06-13,2,468.87,Haircut,ARCHIVE,,do_not_mail,Do Not Mail,Pre-2019 last appointment,0,0,DaySmart,DaySmart Only,2026-04-14
DS-205154,,DS-205154,Heather,Howell,calebnewman@example.net,(557) 179-4365,2017-02-10,2017-10-07,3,489.75,Massage,ARCHIVE,,valid,Unsubscribe Rule,Pre-2019 last appointment,0,0,DaySmart,DaySmart Only,2026-04-14
DS-205155,,DS-205155,Chloe,Greene,villegasmatthew@example.org,(226) 652-8264,2015-01-17,,0,0.0,,ARCHIVE,,valid,Pass,Pre-2019 last appointment,0,0,DaySmart,DaySmart Only,2026-04-14
DS-205160,,DS-205160,Kimberly,Cook,dannyalvarez@example.com,(514) 695-4607,2017-08-19,2016-10-12,1,92.35,Keratin Treatment,ARCHIVE,,valid,Unsubscribe Rule,Pre-2019 last appointment,0,0,DaySmart,DaySmart Only,2026-04-14
DS-205161,,DS-205161,Stephen,Ayala,hgraham@example.org,(225) 144-6484,2015-08-10,2018-08-09,2,334.98,Massage,ARCHIVE,,valid,Pass,Pre-2019 last appointment,0,0,DaySmart,DaySmart Only,2026-04-14
DS-205167,,DS-205167,Amanda,Harris,lindseyclark@example.net,(796) 443-9120,2010-08-21,2013-04-12,3,585.14,Massage,ARCHIVE,,valid,Unsubscribe Rule,Pre-2019 last appointment,0,0,DaySmart,DaySmart Only,2026-04-14
DS-205177,,DS-205177,Linda,Cohen MD,kristencontreras@example.com,(660) 937-3282,2010-09-23,2012-08-09,1,88.16,Keratin Treatment,ARCHIVE,,valid,Pass,Pre-2019 last appointment,0,0,DaySmart,DaySmart Only,2026-04-14
DS-205178,,DS-205178,William,Vaughn,pporter@example.org,(018) 603-2144,2010-11-07,2018-05-15,1,125.2,Highlights,ARCHIVE,,valid,Unsubscribe Rule,Pre-2019 last appointment,0,0,DaySmart,DaySmart Only,2026-04-14
DS-205180,,DS-205180,Helen,Fisher,joshua57@example.net,(720) 080-5080,2018-09-20,2014-08-19,2,357.21,Consultation,ARCHIVE,,valid,Pass,Pre-2019 last appointment,0,0,DaySmart,DaySmart Only,2026-04-14
DS-205181,,DS-205181,George,Lewis,amber98@example.org,(224) 284-9738,2017-04-04,2013-04-29,2,327.68,Pedicure,ARCHIVE,,valid,Pass,Pre-2019 last appointment,0,0,DaySmart,DaySmart Only,2026-04-14
DS-205184,,DS-205184,Curtis,Harris,ericrogers@example.net,(827) 688-1508,2018-09-01,2017-09-23,5,311.19,Massage,ARCHIVE,,valid,Pass,Pre-2019 last appointment,0,0,DaySmart,DaySmart Only,2026-04-14
DS-205187,,DS-205187,Stephen,Gallegos,oreid@example.com,(894) 414-3725,2014-01-20,,0,0.0,,ARCHIVE,,do_not_mail,Do Not Mail,Pre-2019 last appointment,0,0,DaySmart,DaySmart Only,2026-04-14
DS-205189,,DS-205189,Amanda,Montgomery,fespinoza@example.net,(671) 223-7392,2014-10-24,2018-12-15,2,368.89,Facial,ARCHIVE,,do_not_mail,Do Not Mail,Pre-2019 last appointment,0,0,DaySmart,DaySmart Only,2026-04-14
DS-205191,,DS-205191,Mary,Ross,krystal90@example.org,(892) 650-0399,2011-10-28,2014-12-14,2,267.64,Pedicure,ARCHIVE,,valid,Unsubscribe Rule,Pre-2019 last appointment,0,0,DaySmart,DaySmart Only,2026-04-14
DS-205195,,DS-205195,James,Phillips,casey77@example.com,(823) 165-8647,2012-06-07,2014-03-17,2,435.32,Blowout,ARCHIVE,,valid,Unsubscribe Rule,Pre-2019 last appointment,0,0,DaySmart,DaySmart Only,2026-04-14
DS-205197,,DS-205197,Erik,Douglas,eallen@example.com,(253) 929-1469,2012-12-16,2017-07-17,3,467.53,Haircut,ARCHIVE,,valid,Unsubscribe Rule,Pre-2019 last appointment,0,0,DaySmart,DaySmart Only,2026-04-14
DS-205204,,DS-205204,Beth,Martin,williamsgregory@example.org,(669) 534-3295,2011-11-25,2013-09-23,1,282.05,Keratin Treatment,ARCHIVE,,valid,Unsubscribe Rule,Pre-2019 last appointment,0,0,DaySmart,DaySmart Only,2026-04-14
DS-205205,,DS-205205,Robert,Wiggins,david60@example.com,(289) 865-8309,2018-04-16,2018-08-09,2,266.61,Color Treatment,ARCHIVE,,catch-all,Unsubscribe Rule,Pre-2019 last appointment,0,0,DaySmart,DaySmart Only,2026-04-14
DS-205207,,DS-205207,Eric,Cabrera,newmanbrian@example.net,(053) 904-0044,2010-07-21,2018-07-19,2,296.02,Pedicure,ARCHIVE,,valid,Pass,Pre-2019 last appointment,0,0,DaySmart,DaySmart Only,2026-04-14
DS-205210,,DS-205210,Mary,Sampson,aprilwright@example.com,(391) 638-8887,2010-09-13,,0,0.0,,ARCHIVE,,valid,Pass,Pre-2019 last appointment,0,0,DaySmart,DaySmart Only,2026-04-14
DS-205212,,DS-205212,Stephanie,Dougherty,tiffany33@example.net,(876) 575-8240,2014-10-13,2014-08-22,1,140.88,Color Treatment,ARCHIVE,,valid,Unsubscribe Rule,Pre-2019 last appointment,0,0,DaySmart,DaySmart Only,2026-04-14
DS-205216,,DS-205216,Christine,Choi,vgordon@example.org,(190) 359-3756,2011-03-28,,0,0.0,,ARCHIVE,,valid,Unsubscribe Rule,Pre-2019 last appointment,0,0,DaySmart,DaySmart Only,2026-04-14
DS-205238,,DS-205238,Jose,House,charleneshields@example.net,(120) 280-2132,2014-03-13,2014-08-26,2,243.11,Keratin Treatment,ARCHIVE,,valid,Pass,Pre-2019 last appointment,0,0,DaySmart,DaySmart Only,2026-04-14
DS-205239,,DS-205239,Jennifer,Butler,scottlucas@example.org,(081) 555-0786,2018-11-26,2018-11-22,4,848.78,Highlights,ARCHIVE,,valid,Pass,Pre-2019 last appointment,0,0,DaySmart,DaySmart Only,2026-04-14
DS-205241,,DS-205241,Heidi,Thomas,robert08@example.net,(646) 962-4341,2013-11-22,2014-03-10,1,64.46,Facial,ARCHIVE,,valid,Unsubscribe Rule,Pre-2019 last appointment,0,0,DaySmart,DaySmart Only,2026-04-14
DS-205247,,DS-205247,Jenna,Duran,stephensoncrystal@example.com,(984) 349-5979,2018-02-08,2015-12-31,1,194.59,Blowout,ARCHIVE,,unknown,Pass,Pre-2019 last appointment,0,0,DaySmart,DaySmart Only,2026-04-14
DS-205254,,DS-205254,Franklin,Owens,zacharygonzales@example.com,(756) 637-6373,2012-12-26,2016-03-08,3,661.81,Pedicure,ARCHIVE,,valid,Pass,Pre-2019 last appointment,0,0,DaySmart,DaySmart Only,2026-04-14
DS-205261,,DS-205261,Marc,Bowen,deanjustin@example.net,(235) 029-1393,2018-08-04,2015-07-30,4,475.84,Keratin Treatment,ARCHIVE,,valid,Unsubscribe Rule,Pre-2019 last appointment,0,0,DaySmart,DaySmart Only,2026-04-14
DS-205263,,DS-205263,Amanda,Holmes,delgadochristina@example.com,(393) 865-1604,2012-01-14,2016-05-31,1,61.24,Pedicure,ARCHIVE,,valid,Unsubscribe Rule,Pre-2019 last appointment,0,0,DaySmart,DaySmart Only,2026-04-14
DS-205266,,DS-205266,Wayne,Wong,morrisbrandon@example.com,(266) 716-2562,2013-11-03,2015-10-22,1,116.67,Manicure,ARCHIVE,,valid,Unsubscribe Rule,Pre-2019 last appointment,0,0,DaySmart,DaySmart Only,2026-04-14
DS-205267,,DS-205267,Sharon,Hughes,zbowers@example.com,(802) 824-0210,2016-02-07,2018-07-13,3,381.78,Massage,ARCHIVE,,valid,Unsubscribe Rule,Pre-2019 last appointment,0,0,DaySmart,DaySmart Only,2026-04-14
DS-205269,,DS-205269,Caitlin,Baker DDS,jamie56@example.net,(840) 065-8615,2010-11-26,,0,0.0,,ARCHIVE,,valid,Unsubscribe Rule,Pre-2019 last appointment,0,0,DaySmart,DaySmart Only,2026-04-14
DS-205271,,DS-205271,Ashley,Martin,wongkevin@example.net,(210) 569-0171,2017-06-09,2016-10-31,1,60.42,Highlights,ARCHIVE,,catch-all,Unsubscribe Rule,Pre-2019 last appointment,0,0,DaySmart,DaySmart Only,2026-04-14
DS-205273,,DS-205273,Timothy,Oconnor,annarios@example.org,(903) 240-0721,2015-03-03,2012-01-13,1,114.38,Facial,ARCHIVE,,valid,Pass,Pre-2019 last appointment,0,0,DaySmart,DaySmart Only,2026-04-14
DS-205274,,DS-205274,Tracy,Davila MD,timothythompson@example.net,(455) 746-3990,2013-11-08,2018-11-11,4,483.35,Blowout,ARCHIVE,,valid,Pass,Pre-2019 last appointment,0,0,DaySmart,DaySmart Only,2026-04-14
DS-205275,,DS-205275,Michael,Hawkins,bryantalexa@example.org,(753) 206-1341,2016-04-30,2016-05-28,1,135.45,Haircut,ARCHIVE,,valid,Unsubscribe Rule,Pre-2019 last appointment,0,0,DaySmart,DaySmart Only,2026-04-14
DS-205277,,DS-205277,Tiffany,Gonzalez,lewislisa@example.org,(455) 092-5408,2013-09-28,2012-09-29,1,201.66,Color Treatment,ARCHIVE,,valid,Pass,Pre-2019 last appointment,0,0,DaySmart,DaySmart Only,2026-04-14
DS-205279,,DS-205279,Ms.,Tammy Becker DDS,mark08@example.net,(747) 652-8683,2013-01-04,2016-03-21,3,803.92,Consultation,ARCHIVE,,catch-all,Pass,Pre-2019 last appointment,0,0,DaySmart,DaySmart Only,2026-04-14
DS-205281,,DS-205281,Jessica,Castro,mendeztina@example.com,(298) 071-7965,2018-12-20,,0,0.0,,ARCHIVE,,catch-all,Unsubscribe Rule,Pre-2019 last appointment,0,0,DaySmart,DaySmart Only,2026-04-14
DS-205285,,DS-205285,Christopher,Solomon,christie33@example.org,(037) 417-2714,2017-06-09,2017-11-11,5,826.92,Keratin Treatment,ARCHIVE,,valid,Unsubscribe Rule,Pre-2019 last appointment,0,0,DaySmart,DaySmart Only,2026-04-14
DS-205286,,DS-205286,Alexandria,Wolfe,jonesann@example.org,(870) 479-3200,2013-12-04,2017-01-19,2,157.62,Consultation,ARCHIVE,,catch-all,Pass,Pre-2019 last appointment,0,0,DaySmart,DaySmart Only,2026-04-14
DS-205290,,DS-205290,Carolyn,Price,ronniegoodwin@example.com,(804) 285-0388,2011-10-29,2017-03-30,2,352.08,Highlights,ARCHIVE,,valid,Unsubscribe Rule,Pre-2019 last appointment,0,0,DaySmart,DaySmart Only,2026-04-14
DS-205299,,DS-205299,Leonard,Ramirez,emorales@example.net,(052) 068-1069,2018-10-24,,0,0.0,,ARCHIVE,,do_not_mail,Unsubscribe Rule,Pre-2019 last appointment,0,0,DaySmart,DaySmart Only,2026-04-14
DS-205303,,DS-205303,Jasmine,Carter,shannonalvarez@example.com,(254) 633-0727,2018-03-30,2016-05-25,2,213.43,Haircut,ARCHIVE,,valid,Pass,Pre-2019 last appointment,0,0,DaySmart,DaySmart Only,2026-04-14
DS-205309,,DS-205309,Ann,Holden,micheal38@example.net,(317) 500-9561,2013-01-27,,0,0.0,,ARCHIVE,,unknown,Unsubscribe Rule,Pre-2019 last appointment,0,0,DaySmart,DaySmart Only,2026-04-14
DS-205313,,DS-205313,James,Valenzuela,brendarasmussen@example.org,(490) 921-8900,2011-12-15,2014-08-07,2,412.52,Facial,ARCHIVE,,catch-all,Pass,Pre-2019 last appointment,0,0,DaySmart,DaySmart Only,2026-04-14
DS-205314,,DS-205314,Wayne,Jones,hernandezbrianna@example.org,(472) 700-3185,2017-10-06,2016-02-14,2,205.37,Facial,ARCHIVE,,valid,Pass,Pre-2019 last appointment,0,0,DaySmart,DaySmart Only,2026-04-14
DS-205316,,DS-205316,Dawn,Hart,owenmichelle@example.com,(512) 664-9784,2011-09-22,,0,0.0,,ARCHIVE,,catch-all,Unsubscribe Rule,Pre-2019 last appointment,0,0,DaySmart,DaySmart Only,2026-04-14
DS-205317,,DS-205317,Sarah,Johnson,michaelbradley@example.com,(528) 791-4881,2017-08-11,2017-03-24,2,490.72,Haircut,ARCHIVE,,valid,Unsubscribe Rule,Pre-2019 last appointment,0,0,DaySmart,DaySmart Only,2026-04-14
DS-205318,,DS-205318,Tina,Brooks,salazardonald@example.org,(268) 471-6711,2017-02-05,2018-12-22,2,271.18,Haircut,ARCHIVE,,catch-all,Pass,Pre-2019 last appointment,0,0,DaySmart,DaySmart Only,2026-04-14
DS-205322,,DS-205322,Briana,Sanchez,clarkjacob@example.com,(641) 816-2309,2012-07-21,,0,0.0,,ARCHIVE,,valid,Unsubscribe Rule,Pre-2019 last appointment,0,0,DaySmart,DaySmart Only,2026-04-14
DS-205324,,DS-205324,Laura,Barnes,lwalker@example.net,(325) 112-6833,2012-02-24,2017-05-19,2,204.19,Pedicure,ARCHIVE,,valid,Unsubscribe Rule,Pre-2019 last appointment,0,0,DaySmart,DaySmart Only,2026-04-14
DS-205326,,DS-205326,Alexander,Zuniga,tinaaustin@example.org,(602) 181-2995,2012-01-02,2016-12-12,1,50.34,Pedicure,ARCHIVE,,catch-all,Pass,Pre-2019 last appointment,0,0,DaySmart,DaySmart Only,2026-04-14
DS-205329,,DS-205329,John,Bowers,cunninghamsusan@example.net,(211) 217-8590,2018-06-07,2017-11-27,3,507.35,Facial,ARCHIVE,,catch-all,Unsubscribe Rule,Pre-2019 last appointment,0,0,DaySmart,DaySmart Only,2026-04-14
DS-205330,,DS-205330,Bridget,Robinson,tina40@example.com,(991) 470-9265,2018-05-17,2018-01-08,3,270.19,Highlights,ARCHIVE,,valid,Pass,Pre-2019 last appointment,0,0,DaySmart,DaySmart Only,2026-04-14
DS-205331,,DS-205331,Taylor,Craig,sdavis@example.org,(578) 261-8329,2018-03-30,2016-08-28,2,122.23,Color Treatment,ARCHIVE,,valid,Unsubscribe Rule,Pre-2019 last appointment,0,0,DaySmart,DaySmart Only,2026-04-14
DS-205332,,DS-205332,Jennifer,Henderson,cunninghammichelle@example.com,(168) 040-5092,2012-01-26,2017-03-25,1,125.62,Keratin Treatment,ARCHIVE,,do_not_mail,Unsubscribe Rule,Pre-2019 last appointment,0,0,DaySmart,DaySmart Only,2026-04-14
DS-205333,,DS-205333,James,Graham,michael30@example.org,(470) 319-4164,2016-11-11,2014-04-10,2,355.68,Blowout,ARCHIVE,,valid,Unsubscribe Rule,Pre-2019 last appointment,0,0,DaySmart,DaySmart Only,2026-04-14
DS-205338,,DS-205338,Matthew,Valencia,martinbrooks@example.net,(728) 136-2276,2015-06-23,2018-08-14,3,586.98,Color Treatment,ARCHIVE,,valid,Pass,Pre-2019 last appointment,0,0,DaySmart,DaySmart Only,2026-04-14
DS-205339,,DS-205339,Michael,Mays,kerrnicole@example.org,(794) 623-8363,2010-01-08,2018-09-08,3,392.24,Highlights,ARCHIVE,,valid,Pass,Pre-2019 last appointment,0,0,DaySmart,DaySmart Only,2026-04-14
DS-205340,,DS-205340,Mr.,Dillon Davis,carterkenneth@example.org,(952) 466-3216,2018-11-10,,0,0.0,,ARCHIVE,,valid,Pass,Pre-2019 last appointment,0,0,DaySmart,DaySmart Only,2026-04-14
DS-205343,,DS-205343,Michael,Williams,morrisonsarah@example.org,(988) 092-8820,2017-03-15,,0,0.0,,ARCHIVE,,valid,Pass,Pre-2019 last appointment,0,0,DaySmart,DaySmart Only,2026-04-14
DS-205345,,DS-205345,Kristina,James,kennedyjennifer@example.org,(271) 346-2538,2016-02-02,2017-10-22,5,867.06,Massage,ARCHIVE,,catch-all,Unsubscribe Rule,Pre-2019 last appointment,0,0,DaySmart,DaySmart Only,2026-04-14
DS-205349,,DS-205349,Barbara,Smith,larryruiz@example.net,(215) 240-9383,2010-03-09,2018-12-28,2,272.65,Blowout,ARCHIVE,,valid,Pass,Pre-2019 last appointment,0,0,DaySmart,DaySmart Only,2026-04-14
DS-205350,,DS-205350,Brad,Miller,ashleystevens@example.net,(967) 277-0412,2011-11-20,2018-07-25,4,632.22,Pedicure,ARCHIVE,,unknown,Pass,Pre-2019 last appointment,0,0,DaySmart,DaySmart Only,2026-04-14
DS-205358,,DS-205358,Jeremy,Chase,shawn15@example.net,(415) 970-5413,2010-12-29,2015-04-10,1,37.89,Manicure,ARCHIVE,,unknown,Unsubscribe Rule,Pre-2019 last appointment,0,0,DaySmart,DaySmart Only,2026-04-14
DS-205372,,DS-205372,Bridget,Hill,wsaunders@example.org,(171) 393-8630,2016-07-11,2018-05-22,4,635.12,Pedicure,ARCHIVE,,valid,Unsubscribe Rule,Pre-2019 last appointment,0,0,DaySmart,DaySmart Only,2026-04-14
DS-205373,,DS-205373,Nicole,Bell,christinethomas@example.net,(122) 816-1823,2016-10-27,2015-01-09,3,594.08,Highlights,ARCHIVE,,valid,Pass,Pre-2019 last appointment,0,0,DaySmart,DaySmart Only,2026-04-14
DS-205374,,DS-205374,Tanner,Cantrell,haynesmegan@example.net,(518) 157-7504,2013-10-09,2015-09-27,1,265.3,Consultation,ARCHIVE,,valid,Unsubscribe Rule,Pre-2019 last appointment,0,0,DaySmart,DaySmart Only,2026-04-14
DS-205378,,DS-205378,David,Holt,sethwall@example.net,(780) 324-0971,2010-06-07,2017-01-04,3,358.29,Highlights,ARCHIVE,,valid,Unsubscribe Rule,Pre-2019 last appointment,0,0,DaySmart,DaySmart Only,2026-04-14
DS-205385,,DS-205385,Stephanie,Vega,mooreryan@example.com,(603) 339-7905,2010-11-09,2016-11-20,1,90.73,Haircut,ARCHIVE,,valid,Unsubscribe Rule,Pre-2019 last appointment,0,0,DaySmart,DaySmart Only,2026-04-14
DS-205390,,DS-205390,Philip,Williams,crystal93@example.com,(923) 067-9467,2017-07-06,2018-09-03,3,691.89,Highlights,ARCHIVE,,valid,Pass,Pre-2019 last appointment,0,0,DaySmart,DaySmart Only,2026-04-14
DS-205391,,DS-205391,Kenneth,Mahoney,preston61@example.org,(392) 628-9183,2013-06-16,2016-05-10,2,244.69,Manicure,ARCHIVE,,do_not_mail,Do Not Mail,Pre-2019 last appointment,0,0,DaySmart,DaySmart Only,2026-04-14
DS-205392,,DS-205392,Chelsea,Ramirez,vanessaklein@example.net,(545) 252-4161,2013-11-11,2017-11-17,2,397.61,Highlights,ARCHIVE,,catch-all,Pass,Pre-2019 last appointment,0,0,DaySmart,DaySmart Only,2026-04-14
DS-205394,,DS-205394,Jill,Monroe,ralphmitchell@example.net,(527) 971-3203,2013-02-10,2018-09-09,5,630.73,Manicure,ARCHIVE,,valid,Pass,Pre-2019 last appointment,0,0,DaySmart,DaySmart Only,2026-04-14
DS-205399,,DS-205399,Monica,Russell,elizabeth33@example.net,(996) 133-1725,2015-03-26,,0,0.0,,ARCHIVE,,valid,Unsubscribe Rule,Pre-2019 last appointment,0,0,DaySmart,DaySmart Only,2026-04-14
DS-205402,,DS-205402,Alexander,Carroll,patrick29@example.org,(930) 567-5147,2011-10-03,2014-10-02,1,145.35,Pedicure,ARCHIVE,,unknown,Unsubscribe Rule,Pre-2019 last appointment,0,0,DaySmart,DaySmart Only,2026-04-14
DS-205406,,DS-205406,Elizabeth,Jensen MD,castrobradley@example.net,(754) 387-0983,2017-08-27,2014-03-10,3,245.43,Color Treatment,ARCHIVE,,valid,Unsubscribe Rule,Pre-2019 last appointment,0,0,DaySmart,DaySmart Only,2026-04-14
DS-205408,,DS-205408,Trevor,Morgan,crystalrangel@example.com,(910) 089-1458,2016-04-11,2018-03-15,2,283.56,Facial,ARCHIVE,,valid,Pass,Pre-2019 last appointment,0,0,DaySmart,DaySmart Only,2026-04-14
DS-205410,,DS-205410,Christopher,Bass,arielcooper@example.net,(728) 655-9027,2010-03-10,2011-01-07,1,294.44,Consultation,ARCHIVE,,valid,Pass,Pre-2019 last appointment,0,0,DaySmart,DaySmart Only,2026-04-14
DS-205412,,DS-205412,Amy,Byrd,gonzalezeric@example.net,(291) 171-0730,2016-12-29,2015-02-06,1,213.84,Pedicure,ARCHIVE,,valid,Pass,Pre-2019 last appointment,0,0,DaySmart,DaySmart Only,2026-04-14
DS-205414,,DS-205414,Briana,Phelps,fitzgeraldtravis@example.com,(332) 722-2039,2010-10-01,2018-07-15,3,669.58,Color Treatment,ARCHIVE,,valid,Unsubscribe Rule,Pre-2019 last appointment,0,0,DaySmart,DaySmart Only,2026-04-14
DS-205418,,DS-205418,Mark,Walton,robertsonhannah@example.org,(404) 506-7363,2014-04-06,2015-09-13,1,202.22,Pedicure,ARCHIVE,,do_not_mail,Unsubscribe Rule,Pre-2019 last appointment,0,0,DaySmart,DaySmart Only,2026-04-14
DS-205420,,DS-205420,Jon,Bush MD,kellerkristen@example.org,(642) 716-5719,2014-05-20,2015-03-07,1,139.19,Haircut,ARCHIVE,,valid,Unsubscribe Rule,Pre-2019 last appointment,0,0,DaySmart,DaySmart Only,2026-04-14
DS-205426,,DS-205426,Patricia,Garcia,timothy95@example.org,(938) 426-4008,2015-05-24,2014-12-06,3,493.68,Manicure,ARCHIVE,,valid,Pass,Pre-2019 last appointment,0,0,DaySmart,DaySmart Only,2026-04-14
DS-205428,,DS-205428,Teresa,Lawson,kmyers@example.net,(063) 470-1363,2016-07-09,2017-12-11,2,273.55,Color Treatment,ARCHIVE,,valid,Unsubscribe Rule,Pre-2019 last appointment,0,0,DaySmart,DaySmart Only,2026-04-14
DS-205429,,DS-205429,Rachael,Hill,mhill@example.org,(907) 132-9753,2014-12-13,2016-07-19,3,626.9,Massage,ARCHIVE,,valid,Unsubscribe Rule,Pre-2019 last appointment,0,0,DaySmart,DaySmart Only,2026-04-14
DS-205431,,DS-205431,Hayley,Kramer,moorecassandra@example.org,(650) 015-9589,2018-03-14,,0,0.0,,ARCHIVE,,valid,Pass,Pre-2019 last appointment,0,0,DaySmart,DaySmart Only,2026-04-14
DS-205434,,DS-205434,Ronald,Fox,walkerdaniel@example.com,(845) 431-3742,2018-01-16,2018-08-04,3,529.26,Highlights,ARCHIVE,,valid,Unsubscribe Rule,Pre-2019 last appointment,0,0,DaySmart,DaySmart Only,2026-04-14
DS-205435,,DS-205435,Maria,Daniels,grimesrebecca@example.org,(884) 383-2132,2017-01-22,2018-02-04,2,314.52,Manicure,ARCHIVE,,unknown,Unsubscribe Rule,Pre-2019 last appointment,0,0,DaySmart,DaySmart Only,2026-04-14
DS-205436,,DS-205436,Andrea,Johnson,scox@example.com,(896) 288-4781,2015-12-01,,0,0.0,,ARCHIVE,,valid,Unsubscribe Rule,Pre-2019 last appointment,0,0,DaySmart,DaySmart Only,2026-04-14
DS-205438,,DS-205438,Carla,Wang,allisonsteve@example.net,(466) 956-1718,2010-06-27,2018-08-19,5,750.34,Blowout,ARCHIVE,,valid,Unsubscribe Rule,Pre-2019 last appointment,0,0,DaySmart,DaySmart Only,2026-04-14
DS-205446,,DS-205446,Cory,Atkinson,melissaguerrero@example.net,(614) 980-9248,2010-11-19,2017-08-13,5,1142.14,Keratin Treatment,ARCHIVE,,valid,Unsubscribe Rule,Pre-2019 last appointment,0,0,DaySmart,DaySmart Only,2026-04-14
DS-205447,,DS-205447,Heather,Yates,steven38@example.net,(025) 444-0869,2016-05-08,2012-09-03,1,215.6,Pedicure,ARCHIVE,,catch-all,Pass,Pre-2019 last appointment,0,0,DaySmart,DaySmart Only,2026-04-14
DS-205452,,DS-205452,Maria,Valencia,lawrence95@example.com,(967) 160-8906,2014-12-10,2017-12-11,5,925.16,Massage,ARCHIVE,,valid,Pass,Pre-2019 last appointment,0,0,DaySmart,DaySmart Only,2026-04-14
DS-205456,,DS-205456,Carol,Schmidt,rhamilton@example.com,(212) 999-4450,2015-06-30,2017-02-24,5,1374.92,Highlights,ARCHIVE,,valid,Unsubscribe Rule,Pre-2019 last appointment,0,0,DaySmart,DaySmart Only,2026-04-14
DS-205459,,DS-205459,Robert,Rodriguez,perezmargaret@example.net,(879) 045-4643,2017-03-05,2013-12-24,1,129.96,Keratin Treatment,ARCHIVE,,catch-all,Unsubscribe Rule,Pre-2019 last appointment,0,0,DaySmart,DaySmart Only,2026-04-14
DS-205461,,DS-205461,James,Gordon,hpayne@example.com,(135) 264-2591,2010-02-20,2013-02-19,1,210.15,Consultation,ARCHIVE,,valid,Pass,Pre-2019 last appointment,0,0,DaySmart,DaySmart Only,2026-04-14
DS-205465,,DS-205465,Colleen,Carter,danarogers@example.org,(840) 887-6474,2012-10-11,2015-07-02,1,220.15,Color Treatment,ARCHIVE,,valid,Pass,Pre-2019 last appointment,0,0,DaySmart,DaySmart Only,2026-04-14
DS-205467,,DS-205467,Christina,Patterson,samantha08@example.org,(534) 130-1672,2016-10-06,2015-12-24,3,747.26,Keratin Treatment,ARCHIVE,,valid,Unsubscribe Rule,Pre-2019 last appointment,0,0,DaySmart,DaySmart Only,2026-04-14
DS-205470,,DS-205470,James,Blankenship,annawillis@example.com,(514) 105-8725,2015-02-20,2018-12-18,4,458.73,Highlights,ARCHIVE,,valid,Unsubscribe Rule,Pre-2019 last appointment,0,0,DaySmart,DaySmart Only,2026-04-14
DS-205476,,DS-205476,Brittney,Jackson,walkercaleb@example.org,(597) 088-1236,2010-12-11,2012-10-30,1,233.27,Consultation,ARCHIVE,,valid,Unsubscribe Rule,Pre-2019 last appointment,0,0,DaySmart,DaySmart Only,2026-04-14
DS-205477,,DS-205477,Jerry,Curry,zjones@example.net,(508) 728-0088,2015-11-24,2010-02-03,1,99.91,Color Treatment,ARCHIVE,,valid,Unsubscribe Rule,Pre-2019 last appointment,0,0,DaySmart,DaySmart Only,2026-04-14
DS-205485,,DS-205485,Jeffery,Berry,bentoneugene@example.org,(272) 939-4146,2012-07-22,2014-02-01,4,288.37,Haircut,ARCHIVE,,valid,Unsubscribe Rule,Pre-2019 last appointment,0,0,DaySmart,DaySmart Only,2026-04-14
DS-205486,,DS-205486,April,Torres,wallerjo@example.org,(817) 781-7031,2013-01-04,2014-03-01,3,331.19,Keratin Treatment,ARCHIVE,,valid,Unsubscribe Rule,Pre-2019 last appointment,0,0,DaySmart,DaySmart Only,2026-04-14
DS-205487,,DS-205487,Lauren,Miller,rcastillo@example.net,(671) 325-6292,2014-05-06,2012-10-08,1,217.7,Highlights,ARCHIVE,,valid,Unsubscribe Rule,Pre-2019 last appointment,0,0,DaySmart,DaySmart Only,2026-04-14
DS-205488,,DS-205488,Amy,Snow,msmith@example.net,(492) 583-9180,2017-06-07,2016-08-07,2,543.09,Facial,ARCHIVE,,unknown,Pass,Pre-2019 last appointment,0,0,DaySmart,DaySmart Only,2026-04-14
DS-205494,,DS-205494,Kathryn,Oliver,maurice48@example.com,(925) 314-1124,2014-12-06,2014-03-20,6,865.6,Manicure,ARCHIVE,,catch-all,Pass,Pre-2019 last appointment,0,0,DaySmart,DaySmart Only,2026-04-14
DS-205496,,DS-205496,Mackenzie,Wells,cquinn@example.net,(689) 535-5570,2017-09-18,,0,0.0,,ARCHIVE,,catch-all,Unsubscribe Rule,Pre-2019 last appointment,0,0,DaySmart,DaySmart Only,2026-04-14
DS-205503,,DS-205503,Amber,Conley,crystalallen@example.net,(077) 358-4677,2016-12-18,2016-08-24,1,33.81,Color Treatment,ARCHIVE,,valid,Unsubscribe Rule,Pre-2019 last appointment,0,0,DaySmart,DaySmart Only,2026-04-14
DS-205504,,DS-205504,Andrew,Walton,fsantiago@example.net,(265) 150-5893,2012-12-30,2016-02-16,1,241.88,Keratin Treatment,ARCHIVE,,valid,Pass,Pre-2019 last appointment,0,0,DaySmart,DaySmart Only,2026-04-14
DS-205507,,DS-205507,Kimberly,Garcia,hannah92@example.com,(719) 604-1768,2018-05-19,,0,0.0,,ARCHIVE,,valid,Unsubscribe Rule,Pre-2019 last appointment,0,0,DaySmart,DaySmart Only,2026-04-14
DS-205512,,DS-205512,Michael,Kelly Jr.,dthornton@example.net,(629) 158-1474,2014-12-07,2015-04-03,1,91.07,Blowout,ARCHIVE,,valid,Unsubscribe Rule,Pre-2019 last appointment,0,0,DaySmart,DaySmart Only,2026-04-14
DS-205516,,DS-205516,Ashley,Castro,iwilson@example.net,(550) 294-0628,2011-12-18,,0,0.0,,ARCHIVE,,valid,Unsubscribe Rule,Pre-2019 last appointment,0,0,DaySmart,DaySmart Only,2026-04-14
DS-205524,,DS-205524,Ashley,Shaffer,ywilson@example.org,(017) 883-7587,2010-02-28,,0,0.0,,ARCHIVE,,catch-all,Unsubscribe Rule,Pre-2019 last appointment,0,0,DaySmart,DaySmart Only,2026-04-14
DS-205527,,DS-205527,Megan,Baker,parkjamie@example.com,(702) 613-7610,2013-07-25,,0,0.0,,ARCHIVE,,valid,Unsubscribe Rule,Pre-2019 last appointment,0,0,DaySmart,DaySmart Only,2026-04-14
DS-205528,,DS-205528,Angela,Smith,mercedesmcdonald@example.org,(033) 894-8037,2015-09-13,2015-07-14,5,758.85,Color Treatment,ARCHIVE,,valid,Unsubscribe Rule,Pre-2019 last appointment,0,0,DaySmart,DaySmart Only,2026-04-14
DS-205530,,DS-205530,Mr.,Mark Rodriguez,karen85@example.net,(827) 323-7768,2015-01-28,,0,0.0,,ARCHIVE,,valid,Pass,Pre-2019 last appointment,0,0,DaySmart,DaySmart Only,2026-04-14
DS-205531,,DS-205531,Nicole,Jackson,paul10@example.com,(508) 257-2696,2010-06-30,,0,0.0,,ARCHIVE,,valid,Pass,Pre-2019 last appointment,0,0,DaySmart,DaySmart Only,2026-04-14
DS-205533,,DS-205533,Tara,Davis,mike33@example.com,(717) 726-6916,2018-08-05,2016-03-02,2,119.09,Color Treatment,ARCHIVE,,valid,Pass,Pre-2019 last appointment,0,0,DaySmart,DaySmart Only,2026-04-14
DS-205536,,DS-205536,Anthony,Smith,lisahernandez@example.com,(434) 648-1868,2018-05-02,2012-10-31,1,257.48,Consultation,ARCHIVE,,valid,Unsubscribe Rule,Pre-2019 last appointment,0,0,DaySmart,DaySmart Only,2026-04-14
DS-205539,,DS-205539,William,Shepard,delacruzspencer@example.net,(159) 316-4937,2013-06-19,2010-08-01,1,21.74,Manicure,ARCHIVE,,do_not_mail,Unsubscribe Rule,Pre-2019 last appointment,0,0,DaySmart,DaySmart Only,2026-04-14
DS-205541,,DS-205541,Barbara,Martin,boydapril@example.net,(379) 185-8467,2017-03-10,2013-10-22,3,433.59,Consultation,ARCHIVE,,valid,Pass,Pre-2019 last appointment,0,0,DaySmart,DaySmart Only,2026-04-14
DS-205543,,DS-205543,David,Howard,deborah53@example.com,(520) 539-0504,2015-06-23,2018-06-21,6,1207.93,Highlights,ARCHIVE,,valid,Pass,Pre-2019 last appointment,0,0,DaySmart,DaySmart Only,2026-04-14
DS-205555,,DS-205555,Jimmy,Lee,marcrocha@example.com,(054) 015-0353,2018-09-13,2018-12-26,2,364.3,Color Treatment,ARCHIVE,,valid,Pass,Pre-2019 last appointment,0,0,DaySmart,DaySmart Only,2026-04-14
DS-205556,,DS-205556,Tanya,Rowe,david94@example.net,(563) 780-7451,2015-05-27,2017-08-14,2,457.13,Pedicure,ARCHIVE,,catch-all,Unsubscribe Rule,Pre-2019 last appointment,0,0,DaySmart,DaySmart Only,2026-04-14
DS-205558,,DS-205558,Jason,Brown,bruceprice@example.com,(030) 482-1023,2012-10-12,,0,0.0,,ARCHIVE,,valid,Unsubscribe Rule,Pre-2019 last appointment,0,0,DaySmart,DaySmart Only,2026-04-14
DS-205559,,DS-205559,Teresa,Patel,crystalnicholson@example.com,(579) 060-3209,2011-01-16,2015-08-08,1,275.87,Manicure,ARCHIVE,,valid,Pass,Pre-2019 last appointment,0,0,DaySmart,DaySmart Only,2026-04-14
DS-205566,,DS-205566,Patrick,Krueger,zcook@example.net,(994) 558-2753,2015-04-30,2015-06-23,3,461.05,Consultation,ARCHIVE,,valid,Unsubscribe Rule,Pre-2019 last appointment,0,0,DaySmart,DaySmart Only,2026-04-14
DS-205576,,DS-205576,Jason,Perez,lauramurphy@example.net,(511) 972-6317,2014-12-18,2015-08-02,3,379.31,Consultation,ARCHIVE,,valid,Unsubscribe Rule,Pre-2019 last appointment,0,0,DaySmart,DaySmart Only,2026-04-14
DS-205577,,DS-205577,Scott,Davidson,margaret94@example.net,(738) 636-2026,2013-01-24,2015-08-23,3,461.96,Manicure,ARCHIVE,,catch-all,Pass,Pre-2019 last appointment,0,0,DaySmart,DaySmart Only,2026-04-14
DS-205578,,DS-205578,Matthew,Horton,howard83@example.org,(870) 450-3740,2017-03-04,2016-07-01,3,580.85,Color Treatment,ARCHIVE,,catch-all,Unsubscribe Rule,Pre-2019 last appointment,0,0,DaySmart,DaySmart Only,2026-04-14
DS-205582,,DS-205582,Joshua,Lewis,davidarnold@example.org,(425) 158-7097,2011-09-24,2013-11-05,1,112.87,Keratin Treatment,ARCHIVE,,valid,Pass,Pre-2019 last appointment,0,0,DaySmart,DaySmart Only,2026-04-14
DS-205593,,DS-205593,Daniel,Booker,yterry@example.com,(861) 592-0642,2013-08-11,2018-03-24,1,249.26,Massage,ARCHIVE,,valid,Unsubscribe Rule,Pre-2019 last appointment,0,0,DaySmart,DaySmart Only,2026-04-14
DS-205598,,DS-205598,Jennifer,Hardy,kaufmanraymond@example.net,(536) 248-7848,2013-10-09,2015-08-09,3,525.79,Haircut,ARCHIVE,,valid,Pass,Pre-2019 last appointment,0,0,DaySmart,DaySmart Only,2026-04-14
DS-205601,,DS-205601,Christina,Hurley,johnatkinson@example.org,(201) 487-3544,2013-08-18,,0,0.0,,ARCHIVE,,valid,Unsubscribe Rule,Pre-2019 last appointment,0,0,DaySmart,DaySmart Only,2026-04-14
DS-205602,,DS-205602,Vanessa,Ramirez,martinezleslie@example.com,(143) 562-8251,2011-09-18,2018-06-25,4,145.6,Blowout,ARCHIVE,,valid,Unsubscribe Rule,Pre-2019 last appointment,0,0,DaySmart,DaySmart Only,2026-04-14
DS-205608,,DS-205608,Philip,Page,jose68@example.org,(447) 897-1277,2012-01-10,2016-02-08,5,1023.03,Facial,ARCHIVE,,valid,Pass,Pre-2019 last appointment,0,0,DaySmart,DaySmart Only,2026-04-14
DS-205609,,DS-205609,Lori,Cole,james68@example.org,(616) 884-6220,2010-01-14,2017-06-29,1,148.64,Massage,ARCHIVE,,valid,Unsubscribe Rule,Pre-2019 last appointment,0,0,DaySmart,DaySmart Only,2026-04-14
DS-205613,,DS-205613,William,Abbott,lsherman@example.com,(174) 553-9345,2010-12-13,2014-02-13,2,314.07,Haircut,ARCHIVE,,valid,Pass,Pre-2019 last appointment,0,0,DaySmart,DaySmart Only,2026-04-14
DS-205621,,DS-205621,Christopher,Turner,angelaward@example.org,(903) 821-5862,2013-09-26,,0,0.0,,ARCHIVE,,valid,Pass,Pre-2019 last appointment,0,0,DaySmart,DaySmart Only,2026-04-14
DS-205624,,DS-205624,Miguel,Lewis,davidschneider@example.net,(408) 295-9460,2016-09-10,2017-10-15,3,552.2,Pedicure,ARCHIVE,,valid,Unsubscribe Rule,Pre-2019 last appointment,0,0,DaySmart,DaySmart Only,2026-04-14
DS-205631,,DS-205631,Jennifer,Harris,ronald66@example.org,(546) 228-8514,2015-07-29,2018-12-21,6,828.62,Haircut,ARCHIVE,,valid,Unsubscribe Rule,Pre-2019 last appointment,0,0,DaySmart,DaySmart Only,2026-04-14
DS-205639,,DS-205639,Nicole,Jones,dcooper@example.com,(561) 664-8734,2010-02-07,2016-06-05,4,677.27,Manicure,ARCHIVE,,valid,Unsubscribe Rule,Pre-2019 last appointment,0,0,DaySmart,DaySmart Only,2026-04-14
DS-205640,,DS-205640,Michelle,Wright,monicahenson@example.org,(000) 463-6714,2012-04-20,2017-02-14,6,870.45,Blowout,ARCHIVE,,valid,Pass,Pre-2019 last appointment,0,0,DaySmart,DaySmart Only,2026-04-14
DS-205645,,DS-205645,Anne,Murray,martinezchristopher@example.org,(832) 983-1235,2016-12-20,,0,0.0,,ARCHIVE,,valid,Unsubscribe Rule,Pre-2019 last appointment,0,0,DaySmart,DaySmart Only,2026-04-14
DS-205647,,DS-205647,Susan,Contreras,danielle16@example.com,(298) 139-4053,2018-01-22,2017-08-25,6,893.64,Keratin Treatment,ARCHIVE,,unknown,Pass,Pre-2019 last appointment,0,0,DaySmart,DaySmart Only,2026-04-14
DS-205651,,DS-205651,James,Parker,bradyapril@example.org,(157) 815-2606,2016-04-14,2015-02-23,3,433.17,Blowout,ARCHIVE,,valid,Unsubscribe Rule,Pre-2019 last appointment,0,0,DaySmart,DaySmart Only,2026-04-14
DS-205659,,DS-205659,Carolyn,Casey,fhale@example.org,(348) 814-8442,2013-11-22,2016-10-30,1,130.02,Haircut,ARCHIVE,,valid,Unsubscribe Rule,Pre-2019 last appointment,0,0,DaySmart,DaySmart Only,2026-04-14
DS-205666,,DS-205666,Randy,Wright,talexander@example.com,(595) 770-4832,2013-06-29,2017-02-16,1,199.07,Keratin Treatment,ARCHIVE,,valid,Pass,Pre-2019 last appointment,0,0,DaySmart,DaySmart Only,2026-04-14
DS-205667,,DS-205667,Danielle,Wallace,thompsonmichelle@example.com,(269) 072-6310,2010-07-16,2018-05-30,3,624.19,Manicure,ARCHIVE,,unknown,Pass,Pre-2019 last appointment,0,0,DaySmart,DaySmart Only,2026-04-14
DS-205672,,DS-205672,Joshua,English,savannah34@example.net,(188) 747-4749,2016-03-12,2018-12-21,2,314.62,Blowout,ARCHIVE,,valid,Unsubscribe Rule,Pre-2019 last appointment,0,0,DaySmart,DaySmart Only,2026-04-14
DS-205673,,DS-205673,Cassidy,Williams,david57@example.org,(834) 241-1058,2018-09-03,2016-01-17,2,380.42,Highlights,ARCHIVE,,catch-all,Pass,Pre-2019 last appointment,0,0,DaySmart,DaySmart Only,2026-04-14
DS-205675,,DS-205675,Brian,Oconnor,josecooley@example.org,(932) 514-5020,2010-09-22,,0,0.0,,ARCHIVE,,valid,Pass,Pre-2019 last appointment,0,0,DaySmart,DaySmart Only,2026-04-14
DS-205676,,DS-205676,Brian,Ellis,bakerdaniel@example.net,(780) 972-8109,2013-06-12,2016-09-20,1,280.46,Keratin Treatment,ARCHIVE,,valid,Pass,Pre-2019 last appointment,0,0,DaySmart,DaySmart Only,2026-04-14
DS-205677,,DS-205677,Robert,Woods,hendrixjohn@example.com,(362) 990-3948,2011-10-08,,0,0.0,,ARCHIVE,,unknown,Pass,Pre-2019 last appointment,0,0,DaySmart,DaySmart Only,2026-04-14
DS-205679,,DS-205679,Joshua,Odonnell,gonzalezbarry@example.org,(083) 086-8990,2018-12-01,,0,0.0,,ARCHIVE,,valid,Unsubscribe Rule,Pre-2019 last appointment,0,0,DaySmart,DaySmart Only,2026-04-14
DS-205684,,DS-205684,Robert,Williams,erin81@example.net,(638) 254-3659,2018-09-17,2017-07-08,3,370.17,Manicure,ARCHIVE,,valid,Unsubscribe Rule,Pre-2019 last appointment,0,0,DaySmart,DaySmart Only,2026-04-14
DS-205687,,DS-205687,Jordan,Wells,ksnyder@example.com,(259) 984-9860,2013-07-18,2018-09-17,2,296.16,Keratin Treatment,ARCHIVE,,catch-all,Pass,Pre-2019 last appointment,0,0,DaySmart,DaySmart Only,2026-04-14
DS-205689,,DS-205689,Mrs.,Brooke Rios DVM,paula17@example.net,(575) 811-8636,2015-08-28,2017-01-08,3,295.41,Highlights,ARCHIVE,,valid,Pass,Pre-2019 last appointment,0,0,DaySmart,DaySmart Only,2026-04-14
DS-205694,,DS-205694,Maria,Curtis,robinsonbrian@example.org,(232) 359-1661,2016-02-26,2016-04-24,1,253.86,Blowout,ARCHIVE,,catch-all,Unsubscribe Rule,Pre-2019 last appointment,0,0,DaySmart,DaySmart Only,2026-04-14
DS-205695,,DS-205695,David,Austin,alexhess@example.org,(104) 865-7829,2013-10-06,2012-12-01,1,77.09,Highlights,ARCHIVE,,valid,Unsubscribe Rule,Pre-2019 last appointment,0,0,DaySmart,DaySmart Only,2026-04-14
DS-205697,,DS-205697,Robert,Newman,mark70@example.com,(091) 617-0846,2010-01-06,2012-09-04,1,157.85,Consultation,ARCHIVE,,valid,Unsubscribe Rule,Pre-2019 last appointment,0,0,DaySmart,DaySmart Only,2026-04-14
DS-205698,,DS-205698,Jacob,Smith,patricia30@example.org,(339) 590-7541,2017-03-14,2015-08-01,4,718.92,Blowout,ARCHIVE,,valid,Unsubscribe Rule,Pre-2019 last appointment,0,0,DaySmart,DaySmart Only,2026-04-14
DS-205700,,DS-205700,Donald,Prince,lopezphillip@example.org,(672) 687-7207,2017-02-02,2017-08-08,3,456.41,Color Treatment,ARCHIVE,,valid,Unsubscribe Rule,Pre-2019 last appointment,0,0,DaySmart,DaySmart Only,2026-04-14
DS-205701,,DS-205701,Donna,Fernandez,riley11@example.com,(173) 387-1918,2011-11-16,2016-11-13,2,289.92,Facial,ARCHIVE,,valid,Pass,Pre-2019 last appointment,0,0,DaySmart,DaySmart Only,2026-04-14
DS-205707,,DS-205707,Samuel,Cantu,william71@example.net,(336) 769-5194,2015-08-20,2018-05-17,3,301.11,Haircut,ARCHIVE,,valid,Pass,Pre-2019 last appointment,0,0,DaySmart,DaySmart Only,2026-04-14
DS-205709,,DS-205709,Alejandro,Smith,aprilchapman@example.com,(599) 230-4658,2012-02-04,2017-03-18,2,415.36,Color Treatment,ARCHIVE,,valid,Pass,Pre-2019 last appointment,0,0,DaySmart,DaySmart Only,2026-04-14
DS-205711,,DS-205711,Priscilla,Fry,jwilkins@example.net,(688) 081-2618,2015-07-06,2012-10-04,2,335.5,Keratin Treatment,ARCHIVE,,valid,Pass,Pre-2019 last appointment,0,0,DaySmart,DaySmart Only,2026-04-14
DS-205717,,DS-205717,Jennifer,Evans,hendersonjacob@example.org,(468) 438-9547,2015-01-25,2018-10-19,1,92.48,Highlights,ARCHIVE,,valid,Unsubscribe Rule,Pre-2019 last appointment,0,0,DaySmart,DaySmart Only,2026-04-14
DS-205724,,DS-205724,Danielle,Kennedy,fordbarbara@example.org,(689) 222-8987,2012-11-11,2017-11-26,6,931.06,Haircut,ARCHIVE,,valid,Pass,Pre-2019 last appointment,0,0,DaySmart,DaySmart Only,2026-04-14
DS-205727,,DS-205727,Teresa,Drake,colleenjohnson@example.net,(206) 808-6366,2018-04-26,2012-06-20,1,279.28,Manicure,ARCHIVE,,valid,Unsubscribe Rule,Pre-2019 last appointment,0,0,DaySmart,DaySmart Only,2026-04-14
DS-205735,,DS-205735,Jimmy,Evans,megan65@example.net,(396) 218-3592,2018-11-23,2014-09-26,3,426.34,Keratin Treatment,ARCHIVE,,valid,Unsubscribe Rule,Pre-2019 last appointment,0,0,DaySmart,DaySmart Only,2026-04-14
DS-205738,,DS-205738,Gary,Rogers,dodsoncody@example.com,(389) 449-4130,2012-09-04,2015-05-01,4,548.73,Highlights,ARCHIVE,,valid,Unsubscribe Rule,Pre-2019 last appointment,0,0,DaySmart,DaySmart Only,2026-04-14
DS-205739,,DS-205739,Michael,Barron,pgarcia@example.net,(822) 753-2626,2011-10-24,2017-05-21,5,610.08,Manicure,ARCHIVE,,valid,Unsubscribe Rule,Pre-2019 last appointment,0,0,DaySmart,DaySmart Only,2026-04-14
DS-205746,,DS-205746,Anthony,Allen,dkelley@example.com,(763) 032-7184,2012-12-26,2014-01-13,1,38.93,Blowout,ARCHIVE,,valid,Unsubscribe Rule,Pre-2019 last appointment,0,0,DaySmart,DaySmart Only,2026-04-14
DS-205748,,DS-205748,Mitchell,Bell,debra31@example.com,(593) 041-8610,2016-03-16,2017-11-21,5,938.35,Highlights,ARCHIVE,,valid,Pass,Pre-2019 last appointment,0,0,DaySmart,DaySmart Only,2026-04-14
DS-205751,,DS-205751,Erika,Robles,yolandaperry@example.com,(575) 401-7209,2018-06-23,2011-05-16,1,99.2,Haircut,ARCHIVE,,valid,Unsubscribe Rule,Pre-2019 last appointment,0,0,DaySmart,DaySmart Only,2026-04-14
DS-205752,,DS-205752,Erica,Kaufman,raven14@example.org,(067) 943-3203,2015-09-29,2018-06-21,3,417.71,Haircut,ARCHIVE,,valid,Pass,Pre-2019 last appointment,0,0,DaySmart,DaySmart Only,2026-04-14
DS-205753,,DS-205753,Maria,Moore,elijahdavis@example.org,(304) 244-1491,2013-05-21,2018-06-07,2,296.82,Highlights,ARCHIVE,,valid,Unsubscribe Rule,Pre-2019 last appointment,0,0,DaySmart,DaySmart Only,2026-04-14
DS-205754,,DS-205754,Matthew,Klein,jenniferwood@example.com,(816) 192-0365,2012-07-04,2011-01-22,1,255.87,Color Treatment,ARCHIVE,,valid,Pass,Pre-2019 last appointment,0,0,DaySmart,DaySmart Only,2026-04-14
DS-205757,,DS-205757,Vanessa,Ray,kenneth25@example.com,(532) 038-4354,2017-01-04,2017-03-09,2,306.01,Massage,ARCHIVE,,valid,Pass,Pre-2019 last appointment,0,0,DaySmart,DaySmart Only,2026-04-14
DS-205762,,DS-205762,Timothy,Garcia,abarry@example.net,(332) 482-7210,2011-03-21,2016-06-21,2,189.4,Keratin Treatment,ARCHIVE,,valid,Unsubscribe Rule,Pre-2019 last appointment,0,0,DaySmart,DaySmart Only,2026-04-14
DS-205763,,DS-205763,Carl,Zimmerman,bullockmaurice@example.com,(015) 538-5319,2011-02-05,,0,0.0,,ARCHIVE,,valid,Unsubscribe Rule,Pre-2019 last appointment,0,0,DaySmart,DaySmart Only,2026-04-14
DS-205781,,DS-205781,Carrie,Allen,kgreen@example.org,(353) 392-8288,2012-01-11,2017-09-21,3,454.33,Haircut,ARCHIVE,,valid,Unsubscribe Rule,Pre-2019 last appointment,0,0,DaySmart,DaySmart Only,2026-04-14
DS-205782,,DS-205782,Jennifer,Brown,donalddelacruz@example.net,(148) 902-4239,2010-09-10,2018-03-30,2,494.95,Manicure,ARCHIVE,,valid,Pass,Pre-2019 last appointment,0,0,DaySmart,DaySmart Only,2026-04-14
DS-205793,,DS-205793,Terrence,Cunningham,nicholas78@example.net,(804) 133-7801,2013-01-08,2017-07-12,5,632.72,Massage,ARCHIVE,,valid,Unsubscribe Rule,Pre-2019 last appointment,0,0,DaySmart,DaySmart Only,2026-04-14
DS-205795,,DS-205795,Pamela,Aguilar,zbaker@example.com,(487) 503-2594,2017-06-21,2016-04-02,2,499.78,Massage,ARCHIVE,,valid,Pass,Pre-2019 last appointment,0,0,DaySmart,DaySmart Only,2026-04-14
DS-205798,,DS-205798,Brenda,Mclaughlin,janebrown@example.com,(750) 227-1975,2011-01-11,2015-01-15,1,279.94,Consultation,ARCHIVE,,valid,Unsubscribe Rule,Pre-2019 last appointment,0,0,DaySmart,DaySmart Only,2026-04-14
DS-205799,,DS-205799,Jesse,Wright,wesleytorres@example.net,(629) 712-8405,2010-01-13,2017-10-31,1,149.17,Color Treatment,ARCHIVE,,valid,Unsubscribe Rule,Pre-2019 last appointment,0,0,DaySmart,DaySmart Only,2026-04-14
DS-205802,,DS-205802,William,Wright,oroach@example.com,(860) 204-0251,2014-08-07,2017-12-24,3,569.52,Blowout,ARCHIVE,,do_not_mail,Unsubscribe Rule,Pre-2019 last appointment,0,0,DaySmart,DaySmart Only,2026-04-14
DS-205807,,DS-205807,Holly,Jensen,jesse64@example.net,(213) 791-1569,2017-07-13,2016-05-13,2,179.55,Pedicure,ARCHIVE,,valid,Unsubscribe Rule,Pre-2019 last appointment,0,0,DaySmart,DaySmart Only,2026-04-14
DS-205808,,DS-205808,Willie,Russo,arthur66@example.net,(791) 783-7464,2015-08-26,,0,0.0,,ARCHIVE,,valid,Unsubscribe Rule,Pre-2019 last appointment,0,0,DaySmart,DaySmart Only,2026-04-14
DS-205824,,DS-205824,Nicole,Manning,floydlinda@example.net,(957) 229-3553,2013-01-24,,0,0.0,,ARCHIVE,,valid,Unsubscribe Rule,Pre-2019 last appointment,0,0,DaySmart,DaySmart Only,2026-04-14
DS-205826,,DS-205826,Nicholas,Anderson,davidgibbs@example.org,(090) 003-7730,2015-02-25,,0,0.0,,ARCHIVE,,valid,Unsubscribe Rule,Pre-2019 last appointment,0,0,DaySmart,DaySmart Only,2026-04-14
DS-205830,,DS-205830,Ryan,Wolfe,kaylahudson@example.net,(571) 282-1735,2016-04-02,2013-02-21,1,116.91,Facial,ARCHIVE,,catch-all,Unsubscribe Rule,Pre-2019 last appointment,0,0,DaySmart,DaySmart Only,2026-04-14
DS-205837,,DS-205837,Glenn,Kemp,trevorlee@example.com,(702) 984-1509,2016-05-14,2016-01-02,2,370.51,Haircut,ARCHIVE,,valid,Unsubscribe Rule,Pre-2019 last appointment,0,0,DaySmart,DaySmart Only,2026-04-14
DS-205840,,DS-205840,Ronald,Elliott,blucas@example.net,(155) 374-1030,2017-09-23,2018-10-25,5,877.25,Keratin Treatment,ARCHIVE,,valid,Unsubscribe Rule,Pre-2019 last appointment,0,0,DaySmart,DaySmart Only,2026-04-14
DS-205842,,DS-205842,Andrew,Lynch,jeromelopez@example.com,(143) 100-8224,2018-07-30,2018-07-23,4,598.02,Keratin Treatment,ARCHIVE,,valid,Unsubscribe Rule,Pre-2019 last appointment,0,0,DaySmart,DaySmart Only,2026-04-14
DS-205850,,DS-205850,Betty,Cruz,jennifermelendez@example.net,(200) 109-1940,2013-02-21,2018-02-02,5,932.19,Facial,ARCHIVE,,valid,Pass,Pre-2019 last appointment,0,0,DaySmart,DaySmart Only,2026-04-14
DS-205851,,DS-205851,Patricia,Mason,allencassandra@example.org,(734) 929-4464,2014-06-21,2018-12-26,1,258.29,Facial,ARCHIVE,,valid,Pass,Pre-2019 last appointment,0,0,DaySmart,DaySmart Only,2026-04-14
DS-205854,,DS-205854,Derek,Turner,whitedebbie@example.com,(197) 276-9767,2013-01-12,2018-10-24,7,1203.26,Highlights,ARCHIVE,,valid,Unsubscribe Rule,Pre-2019 last appointment,0,0,DaySmart,DaySmart Only,2026-04-14
DS-205858,,DS-205858,Richard,Torres,ortizrobert@example.com,(491) 745-5468,2014-06-02,2017-09-09,1,22.16,Manicure,ARCHIVE,,unknown,Pass,Pre-2019 last appointment,0,0,DaySmart,DaySmart Only,2026-04-14
DS-205861,,DS-205861,Tammy,Benitez,yfisher@example.org,(132) 988-3336,2017-01-11,2012-06-30,1,146.83,Consultation,ARCHIVE,,do_not_mail,Do Not Mail,Pre-2019 last appointment,0,0,DaySmart,DaySmart Only,2026-04-14
DS-205862,,DS-205862,Spencer,Vaughan,nielsenjoanna@example.com,(758) 021-8834,2013-07-03,2011-04-26,2,374.33,Color Treatment,ARCHIVE,,valid,Pass,Pre-2019 last appointment,0,0,DaySmart,DaySmart Only,2026-04-14
DS-205864,,DS-205864,Joel,Rodriguez,shamilton@example.org,(197) 613-8690,2013-07-12,2013-06-26,2,296.45,Haircut,ARCHIVE,,valid,Pass,Pre-2019 last appointment,0,0,DaySmart,DaySmart Only,2026-04-14
DS-205875,,DS-205875,Diane,Wall DVM,collinsmichael@example.org,(458) 974-1964,2013-05-06,2016-05-13,1,181.94,Keratin Treatment,ARCHIVE,,unknown,Pass,Pre-2019 last appointment,0,0,DaySmart,DaySmart Only,2026-04-14
DS-205877,,DS-205877,Caleb,Bell,melissaburns@example.org,(147) 934-4236,2011-04-01,,0,0.0,,ARCHIVE,,valid,Pass,Pre-2019 last appointment,0,0,DaySmart,DaySmart Only,2026-04-14
DS-205882,,DS-205882,Amanda,Williams,jennifer05@example.org,(499) 228-9214,2014-01-24,2016-08-22,4,957.54,Blowout,ARCHIVE,,valid,Pass,Pre-2019 last appointment,0,0,DaySmart,DaySmart Only,2026-04-14
DS-205885,,DS-205885,Todd,Martin,castanedajessica@example.net,(002) 855-8232,2010-01-10,2015-04-02,1,227.71,Color Treatment,ARCHIVE,,valid,Unsubscribe Rule,Pre-2019 last appointment,0,0,DaySmart,DaySmart Only,2026-04-14
DS-205888,,DS-205888,Lindsey,Hughes,nford@example.net,(985) 726-2605,2013-12-05,2014-09-09,6,840.73,Blowout,ARCHIVE,,unknown,Pass,Pre-2019 last appointment,0,0,DaySmart,DaySmart Only,2026-04-14
DS-205889,,DS-205889,Eric,Mccoy,millerkatie@example.com,(299) 284-2508,2012-12-04,2018-09-12,3,420.6,Massage,ARCHIVE,,valid,Pass,Pre-2019 last appointment,0,0,DaySmart,DaySmart Only,2026-04-14
DS-205891,,DS-205891,Matthew,Garrison,michelle99@example.org,(739) 316-9746,2010-09-11,2018-04-13,5,889.13,Pedicure,ARCHIVE,,catch-all,Unsubscribe Rule,Pre-2019 last appointment,0,0,DaySmart,DaySmart Only,2026-04-14
DS-205895,,DS-205895,Stephen,Crawford,tara50@example.net,(098) 619-1880,2011-05-09,2015-02-14,2,230.44,Highlights,ARCHIVE,,valid,Unsubscribe Rule,Pre-2019 last appointment,0,0,DaySmart,DaySmart Only,2026-04-14
DS-205897,,DS-205897,Robert,Kelly DVM,pbaker@example.org,(356) 559-4884,2018-11-27,2016-05-29,1,128.71,Pedicure,ARCHIVE,,valid,Unsubscribe Rule,Pre-2019 last appointment,0,0,DaySmart,DaySmart Only,2026-04-14
DS-205900,,DS-205900,Melissa,Gonzales,santanaalexis@example.org,(341) 432-3535,2014-01-14,2016-08-05,2,313.41,Keratin Treatment,ARCHIVE,,valid,Unsubscribe Rule,Pre-2019 last appointment,0,0,DaySmart,DaySmart Only,2026-04-14
DS-205903,,DS-205903,Angela,Parsons,margaret54@example.net,(124) 432-2208,2012-07-20,2011-08-15,1,281.31,Facial,ARCHIVE,,valid,Unsubscribe Rule,Pre-2019 last appointment,0,0,DaySmart,DaySmart Only,2026-04-14
DS-205906,,DS-205906,Jade,Bradshaw,ramirezdonald@example.org,(561) 874-1851,2010-04-30,,0,0.0,,ARCHIVE,,valid,Pass,Pre-2019 last appointment,0,0,DaySmart,DaySmart Only,2026-04-14
DS-205909,,DS-205909,Ruben,Moran,monroekristin@example.net,(930) 844-7094,2017-05-10,2016-12-26,4,410.25,Pedicure,ARCHIVE,,do_not_mail,Do Not Mail,Pre-2019 last appointment,0,0,DaySmart,DaySmart Only,2026-04-14
DS-205910,,DS-205910,Jason,Wilson,troy84@example.org,(838) 883-0154,2014-02-16,,0,0.0,,ARCHIVE,,valid,Pass,Pre-2019 last appointment,0,0,DaySmart,DaySmart Only,2026-04-14
DS-205914,,DS-205914,Sean,Alvarez,jacqueline57@example.com,(853) 443-4674,2013-08-09,2017-04-24,2,434.13,Pedicure,ARCHIVE,,valid,Pass,Pre-2019 last appointment,0,0,DaySmart,DaySmart Only,2026-04-14
DS-205916,,DS-205916,Mr.,Craig Gonzalez,lewisemily@example.com,(647) 911-4246,2014-10-21,,0,0.0,,ARCHIVE,,valid,Unsubscribe Rule,Pre-2019 last appointment,0,0,DaySmart,DaySmart Only,2026-04-14
DS-205917,,DS-205917,Alexis,Ortiz,maria70@example.net,(707) 889-6085,2015-05-08,2011-05-30,3,347.19,Blowout,ARCHIVE,,valid,Unsubscribe Rule,Pre-2019 last appointment,0,0,DaySmart,DaySmart Only,2026-04-14
DS-205922,,DS-205922,Rachel,Allen,jamesfrey@example.com,(675) 430-0536,2010-08-26,2015-10-18,2,501.4,Blowout,ARCHIVE,,catch-all,Unsubscribe Rule,Pre-2019 last appointment,0,0,DaySmart,DaySmart Only,2026-04-14
DS-205923,,DS-205923,Catherine,Chambers,scole@example.net,(303) 759-7553,2014-03-08,2017-01-21,2,50.7,Facial,ARCHIVE,,valid,Unsubscribe Rule,Pre-2019 last appointment,0,0,DaySmart,DaySmart Only,2026-04-14
DS-205926,,DS-205926,Kari,Lin,sarah01@example.com,(263) 702-7311,2012-12-01,2012-12-31,1,294.85,Consultation,ARCHIVE,,valid,Pass,Pre-2019 last appointment,0,0,DaySmart,DaySmart Only,2026-04-14
DS-205927,,DS-205927,Michael,Bowers,donaldoconnor@example.com,(499) 596-7761,2015-10-07,,0,0.0,,ARCHIVE,,valid,Unsubscribe Rule,Pre-2019 last appointment,0,0,DaySmart,DaySmart Only,2026-04-14
DS-205928,,DS-205928,Jacob,Clark,hopkinsnathaniel@example.org,(197) 245-6710,2011-05-21,2018-11-27,3,554.09,Facial,ARCHIVE,,valid,Unsubscribe Rule,Pre-2019 last appointment,0,0,DaySmart,DaySmart Only,2026-04-14
DS-205929,,DS-205929,Jordan,Hanson,fordkristi@example.org,(709) 160-4447,2015-05-22,2014-12-04,3,422.23,Facial,ARCHIVE,,valid,Unsubscribe Rule,Pre-2019 last appointment,0,0,DaySmart,DaySmart Only,2026-04-14
DS-205931,,DS-205931,Pamela,Smith,whitelarry@example.org,(132) 047-1324,2010-04-01,2017-05-18,1,99.34,Consultation,ARCHIVE,,valid,Pass,Pre-2019 last appointment,0,0,DaySmart,DaySmart Only,2026-04-14
DS-205932,,DS-205932,Eric,Graham,shannonhester@example.com,(042) 561-2047,2018-06-19,2016-06-15,2,424.9,Facial,ARCHIVE,,valid,Unsubscribe Rule,Pre-2019 last appointment,0,0,DaySmart,DaySmart Only,2026-04-14
DS-205934,,DS-205934,Brittney,Weber,lwilcox@example.com,(381) 522-8820,2011-03-02,2017-01-17,2,394.15,Consultation,ARCHIVE,,valid,Pass,Pre-2019 last appointment,0,0,DaySmart,DaySmart Only,2026-04-14
DS-205936,,DS-205936,Kristy,Mcknight,hudsontammy@example.org,(878) 137-1609,2014-08-04,2010-08-20,1,215.83,Facial,ARCHIVE,,do_not_mail,Do Not Mail,Pre-2019 last appointment,0,0,DaySmart,DaySmart Only,2026-04-14
DS-205937,,DS-205937,Eric,James,jeffersonwilliam@example.com,(185) 959-7821,2010-11-27,,0,0.0,,ARCHIVE,,valid,Pass,Pre-2019 last appointment,0,0,DaySmart,DaySmart Only,2026-04-14
DS-205938,,DS-205938,Heather,Patrick,nelsonkimberly@example.org,(050) 445-6673,2012-11-17,,0,0.0,,ARCHIVE,,valid,Unsubscribe Rule,Pre-2019 last appointment,0,0,DaySmart,DaySmart Only,2026-04-14
DS-205939,,DS-205939,Karen,Smith,andersondonald@example.org,(067) 951-7871,2015-08-20,2018-05-08,1,192.9,Haircut,ARCHIVE,,valid,Unsubscribe Rule,Pre-2019 last appointment,0,0,DaySmart,DaySmart Only,2026-04-14
DS-205943,,DS-205943,Michael,Sanchez,juliesmith@example.net,(453) 645-1254,2012-11-11,2017-07-18,2,421.44,Pedicure,ARCHIVE,,valid,Pass,Pre-2019 last appointment,0,0,DaySmart,DaySmart Only,2026-04-14
DS-205944,,DS-205944,Marissa,Ramirez,taylorshannon@example.com,(302) 092-6449,2013-09-21,2012-10-06,1,71.1,Pedicure,ARCHIVE,,unknown,Unsubscribe Rule,Pre-2019 last appointment,0,0,DaySmart,DaySmart Only,2026-04-14
DS-205945,,DS-205945,Steven,Hines,lisa20@example.org,(079) 559-1498,2015-11-22,2016-08-02,2,230.26,Massage,ARCHIVE,,valid,Pass,Pre-2019 last appointment,0,0,DaySmart,DaySmart Only,2026-04-14
DS-205946,,DS-205946,Shannon,Saunders,parksamantha@example.com,(520) 090-4907,2010-02-14,2017-07-17,2,447.58,Massage,ARCHIVE,,valid,Unsubscribe Rule,Pre-2019 last appointment,0,0,DaySmart,DaySmart Only,2026-04-14
DS-205947,,DS-205947,Alexander,Moore,margaret70@example.com,(680) 664-0021,2011-03-14,2011-12-01,1,77.55,Blowout,ARCHIVE,,valid,Unsubscribe Rule,Pre-2019 last appointment,0,0,DaySmart,DaySmart Only,2026-04-14
DS-205948,,DS-205948,Pamela,Malone,lwang@example.org,(645) 562-5422,2018-02-17,2014-05-19,3,409.59,Haircut,ARCHIVE,,valid,Pass,Pre-2019 last appointment,0,0,DaySmart,DaySmart Only,2026-04-14
DS-205949,,DS-205949,Tina,Walker,johnny67@example.net,(284) 945-3525,2012-04-02,2017-03-28,2,349.27,Haircut,ARCHIVE,,valid,Unsubscribe Rule,Pre-2019 last appointment,0,0,DaySmart,DaySmart Only,2026-04-14
DS-205952,,DS-205952,Thomas,Miller DVM,mgardner@example.org,(408) 218-1315,2014-11-03,2018-11-11,4,509.77,Color Treatment,ARCHIVE,,valid,Pass,Pre-2019 last appointment,0,0,DaySmart,DaySmart Only,2026-04-14
DS-205953,,DS-205953,Eric,Shields,lisaholmes@example.org,(006) 393-9920,2011-08-15,2016-05-27,5,1065.09,Keratin Treatment,ARCHIVE,,valid,Unsubscribe Rule,Pre-2019 last appointment,0,0,DaySmart,DaySmart Only,2026-04-14
DS-205954,,DS-205954,Pamela,Thomas,robin31@example.com,(759) 451-1343,2016-06-25,2015-11-19,4,778.01,Color Treatment,ARCHIVE,,valid,Unsubscribe Rule,Pre-2019 last appointment,0,0,DaySmart,DaySmart Only,2026-04-14
DS-205960,,DS-205960,Gary,Tanner,jason92@example.net,(653) 976-4223,2016-10-28,,0,0.0,,ARCHIVE,,valid,Pass,Pre-2019 last appointment,0,0,DaySmart,DaySmart Only,2026-04-14
DS-205975,,DS-205975,Shelby,Turner,barkerwilliam@example.net,(565) 930-0523,2016-05-11,2010-04-03,1,298.42,Color Treatment,ARCHIVE,,valid,Unsubscribe Rule,Pre-2019 last appointment,0,0,DaySmart,DaySmart Only,2026-04-14
DS-205977,,DS-205977,Joel,Hartman MD,lisa22@example.com,(244) 911-9826,2017-11-19,2018-11-18,6,1001.2,Massage,ARCHIVE,,do_not_mail,Do Not Mail,Pre-2019 last appointment,0,0,DaySmart,DaySmart Only,2026-04-14
DS-205983,,DS-205983,Maria,Myers PhD,nholmes@example.org,(662) 245-8604,2017-01-26,2013-12-04,1,189.87,Facial,ARCHIVE,,valid,Pass,Pre-2019 last appointment,0,0,DaySmart,DaySmart Only,2026-04-14
DS-205985,,DS-205985,Ronald,Graves,rodgersterri@example.com,(600) 540-7576,2016-08-26,,0,0.0,,ARCHIVE,,valid,Unsubscribe Rule,Pre-2019 last appointment,0,0,DaySmart,DaySmart Only,2026-04-14
DS-205986,,DS-205986,Ashley,Stephens,donaldmoore@example.com,(429) 257-7898,2016-12-21,2017-11-27,3,177.65,Massage,ARCHIVE,,valid,Unsubscribe Rule,Pre-2019 last appointment,0,0,DaySmart,DaySmart Only,2026-04-14
DS-205987,,DS-205987,Mark,Henry,westyolanda@example.org,(681) 740-6385,2018-06-09,2018-09-23,4,758.58,Blowout,ARCHIVE,,do_not_mail,Do Not Mail,Pre-2019 last appointment,0,0,DaySmart,DaySmart Only,2026-04-14
DS-205992,,DS-205992,Barbara,Beltran,robert45@example.org,(426) 257-0346,2016-10-12,,0,0.0,,ARCHIVE,,valid,Pass,Pre-2019 last appointment,0,0,DaySmart,DaySmart Only,2026-04-14
DS-205994,,DS-205994,Abigail,Peterson,kevindavis@example.org,(997) 267-9346,2015-10-29,2016-08-20,2,332.62,Consultation,ARCHIVE,,valid,Unsubscribe Rule,Pre-2019 last appointment,0,0,DaySmart,DaySmart Only,2026-04-14
DS-205998,,DS-205998,Julie,Byrd,courtney28@example.com,(363) 792-3013,2018-12-05,2015-03-13,3,382.93,Color Treatment,ARCHIVE,,catch-all,Unsubscribe Rule,Pre-2019 last appointment,0,0,DaySmart,DaySmart Only,2026-04-14
DS-206000,,DS-206000,Cindy,Garcia,alicia59@example.net,(027) 367-6708,2018-01-29,2015-08-12,1,150.32,Facial,ARCHIVE,,valid,Unsubscribe Rule,Pre-2019 last appointment,0,0,DaySmart,DaySmart Only,2026-04-14
DS-206002,,DS-206002,Angela,Cuevas,christopherparks@example.org,(388) 532-0888,2010-10-21,2015-09-21,3,372.33,Massage,ARCHIVE,,valid,Unsubscribe Rule,Pre-2019 last appointment,0,0,DaySmart,DaySmart Only,2026-04-14
DS-206006,,DS-206006,Janice,Allen,bobbywilson@example.com,(395) 911-8996,2013-03-28,2018-10-30,2,485.06,Keratin Treatment,ARCHIVE,,valid,Pass,Pre-2019 last appointment,0,0,DaySmart,DaySmart Only,2026-04-14
DS-206009,,DS-206009,Emma,Park,rogerstyler@example.com,(985) 000-7359,2017-11-06,2013-07-29,4,623.28,Highlights,ARCHIVE,,valid,Pass,Pre-2019 last appointment,0,0,DaySmart,DaySmart Only,2026-04-14
DS-206014,,DS-206014,Crystal,Brown,jessicaburns@example.net,(558) 767-6017,2015-11-01,2016-01-09,2,153.15,Facial,ARCHIVE,,valid,Pass,Pre-2019 last appointment,0,0,DaySmart,DaySmart Only,2026-04-14
DS-206019,,DS-206019,Paul,Neal,kyle77@example.org,(433) 544-8442,2012-12-13,,0,0.0,,ARCHIVE,,valid,Pass,Pre-2019 last appointment,0,0,DaySmart,DaySmart Only,2026-04-14
DS-206020,,DS-206020,Joshua,Knight,eric73@example.com,(982) 942-9897,2015-04-20,,0,0.0,,ARCHIVE,,valid,Pass,Pre-2019 last appointment,0,0,DaySmart,DaySmart Only,2026-04-14
DS-206025,,DS-206025,Briana,Brown,gillalvin@example.net,(837) 597-0263,2012-12-01,2017-05-27,3,586.9,Consultation,ARCHIVE,,valid,Unsubscribe Rule,Pre-2019 last appointment,0,0,DaySmart,DaySmart Only,2026-04-14
DS-206026,,DS-206026,John,Williams,rachelcoleman@example.net,(772) 486-5073,2015-10-23,2016-12-27,3,453.14,Color Treatment,ARCHIVE,,valid,Unsubscribe Rule,Pre-2019 last appointment,0,0,DaySmart,DaySmart Only,2026-04-14
DS-206031,,DS-206031,Mrs.,Elizabeth Scott,james31@example.org,(322) 894-1298,2018-02-27,2016-05-01,2,270.52,Pedicure,ARCHIVE,,valid,Unsubscribe Rule,Pre-2019 last appointment,0,0,DaySmart,DaySmart Only,2026-04-14
DS-206034,,DS-206034,Andrea,Cardenas,arnolderica@example.net,(619) 208-5010,2011-12-21,2016-03-13,3,501.55,Pedicure,ARCHIVE,,valid,Unsubscribe Rule,Pre-2019 last appointment,0,0,DaySmart,DaySmart Only,2026-04-14
DS-206035,,DS-206035,Lisa,Cook,gibsonjessica@example.com,(485) 450-1707,2016-10-24,2014-12-27,1,83.41,Manicure,ARCHIVE,,valid,Unsubscribe Rule,Pre-2019 last appointment,0,0,DaySmart,DaySmart Only,2026-04-14
DS-206045,,DS-206045,Andrea,Orozco,woodantonio@example.net,(762) 946-3677,2013-03-05,2015-06-03,1,173.94,Facial,ARCHIVE,,valid,Pass,Pre-2019 last appointment,0,0,DaySmart,DaySmart Only,2026-04-14
DS-206046,,DS-206046,Michael,Baker,nwoodard@example.org,(850) 672-0901,2010-08-03,2018-10-17,1,217.6,Consultation,ARCHIVE,,valid,Pass,Pre-2019 last appointment,0,0,DaySmart,DaySmart Only,2026-04-14
DS-206048,,DS-206048,Jessica,Foster,johnharris@example.com,(469) 919-3031,2016-12-10,2018-10-14,4,613.46,Manicure,ARCHIVE,,valid,Unsubscribe Rule,Pre-2019 last appointment,0,0,DaySmart,DaySmart Only,2026-04-14
DS-206053,,DS-206053,Cassandra,Serrano,kellyburke@example.net,(359) 410-9083,2013-07-15,2018-05-04,2,126.41,Highlights,ARCHIVE,,valid,Pass,Pre-2019 last appointment,0,0,DaySmart,DaySmart Only,2026-04-14
DS-206055,,DS-206055,Laura,Garrett,wwong@example.net,(337) 389-9308,2012-10-13,,0,0.0,,ARCHIVE,,catch-all,Pass,Pre-2019 last appointment,0,0,DaySmart,DaySmart Only,2026-04-14
DS-206058,,DS-206058,Madison,Edwards,erios@example.com,(455) 059-5501,2013-08-02,2013-05-25,2,170.17,Pedicure,ARCHIVE,,valid,Pass,Pre-2019 last appointment,0,0,DaySmart,DaySmart Only,2026-04-14
DS-206059,,DS-206059,Mackenzie,Hughes,owillis@example.org,(687) 287-8874,2014-07-28,2010-02-19,1,241.71,Blowout,ARCHIVE,,valid,Unsubscribe Rule,Pre-2019 last appointment,0,0,DaySmart,DaySmart Only,2026-04-14
DS-206060,,DS-206060,Zachary,Crawford,adam67@example.com,(477) 196-1513,2013-10-30,2017-08-30,2,133.27,Massage,ARCHIVE,,valid,Pass,Pre-2019 last appointment,0,0,DaySmart,DaySmart Only,2026-04-14
DS-206066,,DS-206066,Carol,Combs,paulalamb@example.org,(907) 058-1006,2013-04-30,2018-04-06,4,674.94,Color Treatment,ARCHIVE,,valid,Unsubscribe Rule,Pre-2019 last appointment,0,0,DaySmart,DaySmart Only,2026-04-14
DS-206067,,DS-206067,Kenneth,Simon,maryvazquez@example.net,(320) 237-8630,2010-12-22,2016-03-20,1,159.35,Pedicure,ARCHIVE,,catch-all,Unsubscribe Rule,Pre-2019 last appointment,0,0,DaySmart,DaySmart Only,2026-04-14
DS-206070,,DS-206070,Brandy,Brown,solisjohn@example.com,(802) 746-4491,2013-05-30,2016-12-08,3,743.04,Haircut,ARCHIVE,,valid,Pass,Pre-2019 last appointment,0,0,DaySmart,DaySmart Only,2026-04-14
DS-206071,,DS-206071,Jacob,Vincent,mckinneykathleen@example.net,(384) 463-7668,2013-10-09,2015-08-19,2,268.18,Manicure,ARCHIVE,,valid,Unsubscribe Rule,Pre-2019 last appointment,0,0,DaySmart,DaySmart Only,2026-04-14
DS-206074,,DS-206074,Veronica,Harding,ryan65@example.org,(589) 389-9025,2017-01-22,2017-01-08,3,492.61,Facial,ARCHIVE,,valid,Unsubscribe Rule,Pre-2019 last appointment,0,0,DaySmart,DaySmart Only,2026-04-14
DS-206081,,DS-206081,Dylan,Diaz,cmcdowell@example.com,(995) 883-3726,2012-07-03,2012-09-13,1,89.19,Facial,ARCHIVE,,do_not_mail,Unsubscribe Rule,Pre-2019 last appointment,0,0,DaySmart,DaySmart Only,2026-04-14
DS-206082,,DS-206082,Stephanie,Ruiz,prattkatrina@example.com,(370) 731-5061,2010-07-04,2016-06-28,4,859.11,Blowout,ARCHIVE,,valid,Unsubscribe Rule,Pre-2019 last appointment,0,0,DaySmart,DaySmart Only,2026-04-14
DS-206083,,DS-206083,Kevin,King,shawnsnyder@example.net,(117) 371-2383,2017-06-09,2017-06-13,1,199.74,Color Treatment,ARCHIVE,,valid,Unsubscribe Rule,Pre-2019 last appointment,0,0,DaySmart,DaySmart Only,2026-04-14
DS-206085,,DS-206085,Laura,Rivera,bryanross@example.org,(802) 118-1354,2012-04-10,2017-05-23,5,802.24,Color Treatment,ARCHIVE,,valid,Pass,Pre-2019 last appointment,0,0,DaySmart,DaySmart Only,2026-04-14
DS-206086,,DS-206086,Samantha,Griffith,ashleycorey@example.net,(642) 598-3942,2011-08-04,2015-09-17,1,110.88,Color Treatment,ARCHIVE,,valid,Unsubscribe Rule,Pre-2019 last appointment,0,0,DaySmart,DaySmart Only,2026-04-14
DS-206095,,DS-206095,Samantha,Welch,justinburton@example.com,(976) 477-3117,2010-02-25,2016-10-24,1,255.78,Haircut,ARCHIVE,,catch-all,Unsubscribe Rule,Pre-2019 last appointment,0,0,DaySmart,DaySmart Only,2026-04-14
DS-206096,,DS-206096,Matthew,Rodriguez,larsonann@example.net,(768) 991-8624,2018-08-20,2017-09-30,1,215.39,Highlights,ARCHIVE,,valid,Pass,Pre-2019 last appointment,0,0,DaySmart,DaySmart Only,2026-04-14
DS-206098,,DS-206098,Steven,Gregory,eayers@example.org,(425) 470-9676,2015-10-11,2016-10-19,2,439.4,Blowout,ARCHIVE,,valid,Unsubscribe Rule,Pre-2019 last appointment,0,0,DaySmart,DaySmart Only,2026-04-14
DS-206099,,DS-206099,Victoria,Humphrey,guerraterri@example.com,(379) 964-9124,2012-11-02,,0,0.0,,ARCHIVE,,valid,Pass,Pre-2019 last appointment,0,0,DaySmart,DaySmart Only,2026-04-14
DS-206104,,DS-206104,Tom,Stanley,timothy98@example.org,(886) 845-7874,2012-03-24,2011-06-26,2,434.97,Color Treatment,ARCHIVE,,valid,Unsubscribe Rule,Pre-2019 last appointment,0,0,DaySmart,DaySmart Only,2026-04-14
DS-206105,,DS-206105,Kimberly,Rodriguez,michelle81@example.org,(729) 329-0072,2017-02-04,,0,0.0,,ARCHIVE,,valid,Pass,Pre-2019 last appointment,0,0,DaySmart,DaySmart Only,2026-04-14
DS-206109,,DS-206109,Laura,Mccarty,fhughes@example.com,(664) 136-7726,2014-02-24,2018-05-13,6,900.67,Facial,ARCHIVE,,valid,Unsubscribe Rule,Pre-2019 last appointment,0,0,DaySmart,DaySmart Only,2026-04-14
DS-206113,,DS-206113,Leslie,Jackson,ilopez@example.com,(853) 494-8413,2012-05-22,2015-01-02,1,289.0,Pedicure,ARCHIVE,,valid,Unsubscribe Rule,Pre-2019 last appointment,0,0,DaySmart,DaySmart Only,2026-04-14
DS-206117,,DS-206117,Morgan,King,mortega@example.net,(706) 356-6064,2013-07-03,2015-08-11,1,191.47,Consultation,ARCHIVE,,valid,Unsubscribe Rule,Pre-2019 last appointment,0,0,DaySmart,DaySmart Only,2026-04-14
DS-206124,,DS-206124,Johnny,Robinson,gregoryellis@example.net,(154) 841-1302,2014-10-02,2015-12-14,2,519.08,Manicure,ARCHIVE,,valid,Unsubscribe Rule,Pre-2019 last appointment,0,0,DaySmart,DaySmart Only,2026-04-14
DS-206132,,DS-206132,Donald,Gutierrez,dconner@example.com,(378) 952-5276,2013-10-25,2013-03-23,1,75.19,Manicure,ARCHIVE,,valid,Unsubscribe Rule,Pre-2019 last appointment,0,0,DaySmart,DaySmart Only,2026-04-14
DS-206135,,DS-206135,Sean,Campbell,vcarroll@example.net,(225) 553-2908,2010-09-29,,0,0.0,,ARCHIVE,,valid,Pass,Pre-2019 last appointment,0,0,DaySmart,DaySmart Only,2026-04-14
DS-206138,,DS-206138,Kenneth,Flores,thompsonrebecca@example.org,(964) 186-3673,2018-06-23,,0,0.0,,ARCHIVE,,valid,Unsubscribe Rule,Pre-2019 last appointment,0,0,DaySmart,DaySmart Only,2026-04-14
DS-206140,,DS-206140,John,Waters,longsteven@example.net,(223) 075-2658,2014-04-22,2012-10-02,1,59.81,Pedicure,ARCHIVE,,valid,Pass,Pre-2019 last appointment,0,0,DaySmart,DaySmart Only,2026-04-14
DS-206141,,DS-206141,Dustin,Parks,collinsjames@example.com,(221) 494-0698,2015-03-19,,0,0.0,,ARCHIVE,,valid,Pass,Pre-2019 last appointment,0,0,DaySmart,DaySmart Only,2026-04-14
DS-206142,,DS-206142,Alexander,Suarez,wholmes@example.org,(032) 143-5551,2018-09-01,2018-09-08,1,98.34,Consultation,ARCHIVE,,unknown,Pass,Pre-2019 last appointment,0,0,DaySmart,DaySmart Only,2026-04-14
DS-206143,,DS-206143,Stephanie,Porter,richardlee@example.net,(250) 325-0727,2018-03-21,2011-02-11,1,244.61,Pedicure,ARCHIVE,,valid,Unsubscribe Rule,Pre-2019 last appointment,0,0,DaySmart,DaySmart Only,2026-04-14
DS-206144,,DS-206144,Scott,Santos,mmiddleton@example.net,(828) 025-6262,2013-05-11,2018-12-05,2,394.4,Consultation,ARCHIVE,,valid,Unsubscribe Rule,Pre-2019 last appointment,0,0,DaySmart,DaySmart Only,2026-04-14
DS-206149,,DS-206149,Joshua,Ellis,derekjackson@example.org,(156) 874-2328,2015-09-08,2014-08-12,2,348.54,Facial,ARCHIVE,,valid,Pass,Pre-2019 last appointment,0,0,DaySmart,DaySmart Only,2026-04-14
DS-206151,,DS-206151,Jill,Evans,mcdonalddavid@example.net,(152) 094-1818,2014-10-14,,0,0.0,,ARCHIVE,,valid,Pass,Pre-2019 last appointment,0,0,DaySmart,DaySmart Only,2026-04-14
DS-206153,,DS-206153,Stacey,Miller,eugene47@example.net,(996) 376-0249,2012-12-02,2018-11-14,4,455.11,Facial,ARCHIVE,,valid,Pass,Pre-2019 last appointment,0,0,DaySmart,DaySmart Only,2026-04-14
DS-206159,,DS-206159,Paul,Barnes,fgonzalez@example.org,(288) 862-5842,2010-10-14,2016-04-11,4,952.65,Consultation,ARCHIVE,,valid,Pass,Pre-2019 last appointment,0,0,DaySmart,DaySmart Only,2026-04-14
DS-206161,,DS-206161,Courtney,Smith,brooke81@example.net,(150) 497-8134,2015-02-27,,0,0.0,,ARCHIVE,,catch-all,Pass,Pre-2019 last appointment,0,0,DaySmart,DaySmart Only,2026-04-14
DS-206163,,DS-206163,Jennifer,Robinson,fosterdorothy@example.com,(289) 777-8945,2011-10-05,2017-04-23,1,121.68,Keratin Treatment,ARCHIVE,,valid,Pass,Pre-2019 last appointment,0,0,DaySmart,DaySmart Only,2026-04-14
DS-206164,,DS-206164,Jerome,Hughes,scott03@example.com,(142) 479-9395,2012-08-08,2017-11-23,1,55.63,Haircut,ARCHIVE,,valid,Pass,Pre-2019 last appointment,0,0,DaySmart,DaySmart Only,2026-04-14
DS-206165,,DS-206165,Erin,Gomez,brenda83@example.org,(909) 143-3187,2015-08-13,2017-06-19,4,815.66,Massage,ARCHIVE,,valid,Pass,Pre-2019 last appointment,0,0,DaySmart,DaySmart Only,2026-04-14
DS-206176,,DS-206176,Angela,Zuniga,breed@example.org,(044) 838-4701,2012-09-18,2018-05-04,2,395.27,Massage,ARCHIVE,,valid,Unsubscribe Rule,Pre-2019 last appointment,0,0,DaySmart,DaySmart Only,2026-04-14
DS-206186,,DS-206186,Dr.,Nicole Berry,mitchellaaron@example.net,(286) 795-0062,2015-03-07,2012-12-03,2,506.77,Blowout,ARCHIVE,,valid,Pass,Pre-2019 last appointment,0,0,DaySmart,DaySmart Only,2026-04-14
DS-206187,,DS-206187,Christopher,Weaver,rileysamantha@example.com,(432) 788-1281,2017-12-19,2017-04-06,2,394.04,Highlights,ARCHIVE,,valid,Pass,Pre-2019 last appointment,0,0,DaySmart,DaySmart Only,2026-04-14
DS-206188,,DS-206188,Elizabeth,Phillips MD,melissamills@example.org,(846) 744-9859,2012-03-03,,0,0.0,,ARCHIVE,,valid,Pass,Pre-2019 last appointment,0,0,DaySmart,DaySmart Only,2026-04-14
DS-206195,,DS-206195,Elizabeth,Caldwell,deborah95@example.com,(792) 644-8383,2011-07-21,2010-03-01,1,129.16,Facial,ARCHIVE,,valid,Pass,Pre-2019 last appointment,0,0,DaySmart,DaySmart Only,2026-04-14
DS-206197,,DS-206197,Courtney,Cervantes,robertlindsey@example.org,(924) 649-3399,2011-01-25,,0,0.0,,ARCHIVE,,valid,Unsubscribe Rule,Pre-2019 last appointment,0,0,DaySmart,DaySmart Only,2026-04-14
DS-206203,,DS-206203,Donna,Kim,mariaday@example.org,(735) 273-4334,2010-09-21,2016-11-07,1,264.95,Consultation,ARCHIVE,,catch-all,Unsubscribe Rule,Pre-2019 last appointment,0,0,DaySmart,DaySmart Only,2026-04-14
DS-206210,,DS-206210,Lawrence,Phillips,patricia96@example.com,(987) 118-4000,2015-03-28,2012-01-22,1,287.69,Blowout,ARCHIVE,,valid,Pass,Pre-2019 last appointment,0,0,DaySmart,DaySmart Only,2026-04-14
DS-206211,,DS-206211,Mary,Daniels,irobinson@example.com,(584) 652-8651,2013-07-24,2018-10-18,4,478.78,Haircut,ARCHIVE,,valid,Pass,Pre-2019 last appointment,0,0,DaySmart,DaySmart Only,2026-04-14
DS-206217,,DS-206217,David,Wong,denise60@example.net,(895) 387-7224,2017-03-10,2016-12-22,4,211.25,Massage,ARCHIVE,,valid,Unsubscribe Rule,Pre-2019 last appointment,0,0,DaySmart,DaySmart Only,2026-04-14
DS-206218,,DS-206218,Elizabeth,Alvarez,martinezjonathan@example.com,(615) 072-5897,2016-03-20,,0,0.0,,ARCHIVE,,valid,Unsubscribe Rule,Pre-2019 last appointment,0,0,DaySmart,DaySmart Only,2026-04-14
DS-206230,,DS-206230,Joseph,Carter,zprice@example.net,(888) 150-3785,2017-05-22,2018-09-04,4,874.66,Highlights,ARCHIVE,,valid,Unsubscribe Rule,Pre-2019 last appointment,0,0,DaySmart,DaySmart Only,2026-04-14
DS-206233,,DS-206233,Karen,Villa,ericweaver@example.com,(204) 138-7795,2014-09-21,2015-08-10,2,422.08,Blowout,ARCHIVE,,valid,Unsubscribe Rule,Pre-2019 last appointment,0,0,DaySmart,DaySmart Only,2026-04-14
DS-206235,,DS-206235,Carolyn,Joyce,benjaminbean@example.com,(591) 027-4897,2012-03-18,2013-05-23,1,280.55,Haircut,ARCHIVE,,valid,Unsubscribe Rule,Pre-2019 last appointment,0,0,DaySmart,DaySmart Only,2026-04-14
DS-206237,,DS-206237,Sandra,Park,sarahmoore@example.org,(301) 723-7394,2013-07-07,2018-07-17,2,74.47,Massage,ARCHIVE,,catch-all,Pass,Pre-2019 last appointment,0,0,DaySmart,DaySmart Only,2026-04-14
DS-206239,,DS-206239,Michaela,Campbell,adamsjacob@example.com,(983) 742-7915,2016-07-24,2016-09-30,1,297.45,Pedicure,ARCHIVE,,valid,Unsubscribe Rule,Pre-2019 last appointment,0,0,DaySmart,DaySmart Only,2026-04-14
DS-206240,,DS-206240,Amy,Lewis,bharrington@example.net,(875) 662-5561,2018-09-28,2015-06-25,3,493.81,Color Treatment,ARCHIVE,,catch-all,Pass,Pre-2019 last appointment,0,0,DaySmart,DaySmart Only,2026-04-14
DS-206245,,DS-206245,William,Knox,shane49@example.org,(850) 636-0683,2017-11-18,2018-06-15,4,593.56,Facial,ARCHIVE,,valid,Pass,Pre-2019 last appointment,0,0,DaySmart,DaySmart Only,2026-04-14
DS-206247,,DS-206247,Rita,Miller,eric87@example.org,(268) 655-7091,2015-08-17,2012-11-19,2,366.83,Facial,ARCHIVE,,valid,Unsubscribe Rule,Pre-2019 last appointment,0,0,DaySmart,DaySmart Only,2026-04-14
DS-206248,,DS-206248,Anthony,King,mckeeapril@example.org,(475) 488-9206,2017-03-19,2014-07-03,1,232.64,Massage,ARCHIVE,,valid,Unsubscribe Rule,Pre-2019 last appointment,0,0,DaySmart,DaySmart Only,2026-04-14
DS-206258,,DS-206258,Kevin,Silva,yhill@example.com,(636) 623-8534,2018-08-23,2014-08-16,1,188.47,Pedicure,ARCHIVE,,valid,Unsubscribe Rule,Pre-2019 last appointment,0,0,DaySmart,DaySmart Only,2026-04-14
DS-206264,,DS-206264,Shannon,Madden,psalas@example.org,(867) 006-2635,2015-11-04,2014-06-25,2,399.47,Manicure,ARCHIVE,,valid,Pass,Pre-2019 last appointment,0,0,DaySmart,DaySmart Only,2026-04-14
DS-206267,,DS-206267,Steven,Blanchard,meganmiles@example.org,(129) 199-8138,2017-01-29,2018-09-10,2,124.4,Manicure,ARCHIVE,,catch-all,Unsubscribe Rule,Pre-2019 last appointment,0,0,DaySmart,DaySmart Only,2026-04-14
DS-206271,,DS-206271,Michael,Hernandez,kenneth43@example.org,(632) 540-4365,2017-12-16,2016-11-17,1,78.17,Highlights,ARCHIVE,,valid,Unsubscribe Rule,Pre-2019 last appointment,0,0,DaySmart,DaySmart Only,2026-04-14
DS-206275,,DS-206275,Charles,White,lmiller@example.org,(917) 529-8969,2011-08-01,2014-10-27,1,152.69,Highlights,ARCHIVE,,valid,Pass,Pre-2019 last appointment,0,0,DaySmart,DaySmart Only,2026-04-14
DS-206276,,DS-206276,Holly,Keith,whitekristen@example.com,(033) 736-3652,2012-11-05,2016-11-12,1,194.88,Massage,ARCHIVE,,valid,Unsubscribe Rule,Pre-2019 last appointment,0,0,DaySmart,DaySmart Only,2026-04-14
DS-206281,,DS-206281,Pamela,Grant,jacobsrichard@example.net,(807) 593-8392,2012-09-21,2015-06-08,2,229.09,Manicure,ARCHIVE,,valid,Pass,Pre-2019 last appointment,0,0,DaySmart,DaySmart Only,2026-04-14
DS-206285,,DS-206285,Jamie,Swanson,lauriechavez@example.org,(650) 764-9397,2015-09-19,2013-07-10,4,575.72,Massage,ARCHIVE,,valid,Pass,Pre-2019 last appointment,0,0,DaySmart,DaySmart Only,2026-04-14
DS-206286,,DS-206286,Ms.,Amy Whitaker,alexandra54@example.net,(541) 491-1689,2011-06-12,,0,0.0,,ARCHIVE,,do_not_mail,Do Not Mail,Pre-2019 last appointment,0,0,DaySmart,DaySmart Only,2026-04-14
DS-206287,,DS-206287,David,Baker,katherine58@example.org,(192) 927-3029,2014-02-20,2014-08-28,6,1083.52,Blowout,ARCHIVE,,unknown,Pass,Pre-2019 last appointment,0,0,DaySmart,DaySmart Only,2026-04-14
DS-206288,,DS-206288,Amanda,Riggs,morgan16@example.com,(931) 539-9000,2010-08-15,2018-08-22,2,546.58,Facial,ARCHIVE,,valid,Pass,Pre-2019 last appointment,0,0,DaySmart,DaySmart Only,2026-04-14
DS-206298,,DS-206298,Alyssa,Young,michaelchavez@example.com,(038) 944-9912,2012-09-14,,0,0.0,,ARCHIVE,,valid,Pass,Pre-2019 last appointment,0,0,DaySmart,DaySmart Only,2026-04-14
DS-206299,,DS-206299,Ryan,Medina,steven52@example.org,(718) 518-6195,2014-04-21,2018-05-07,1,140.99,Consultation,ARCHIVE,,valid,Pass,Pre-2019 last appointment,0,0,DaySmart,DaySmart Only,2026-04-14
DS-206300,,DS-206300,Tiffany,Watts,santanasteven@example.com,(534) 312-3022,2010-02-23,2017-03-23,5,666.5,Consultation,ARCHIVE,,valid,Unsubscribe Rule,Pre-2019 last appointment,0,0,DaySmart,DaySmart Only,2026-04-14
DS-206310,,DS-206310,Brittany,Jackson,darrell32@example.net,(994) 337-9628,2014-11-18,2013-06-30,2,369.93,Blowout,ARCHIVE,,valid,Unsubscribe Rule,Pre-2019 last appointment,0,0,DaySmart,DaySmart Only,2026-04-14
DS-206311,,DS-206311,Paula,Parks,stacyhernandez@example.net,(321) 678-7769,2016-03-22,,0,0.0,,ARCHIVE,,do_not_mail,Unsubscribe Rule,Pre-2019 last appointment,0,0,DaySmart,DaySmart Only,2026-04-14
DS-206312,,DS-206312,Adam,Adams,keith14@example.org,(951) 746-3729,2018-01-01,,0,0.0,,ARCHIVE,,valid,Unsubscribe Rule,Pre-2019 last appointment,0,0,DaySmart,DaySmart Only,2026-04-14
DS-206314,,DS-206314,Jacob,Baker,fishermelissa@example.org,(528) 225-2821,2015-04-22,2016-11-12,1,236.71,Blowout,ARCHIVE,,valid,Unsubscribe Rule,Pre-2019 last appointment,0,0,DaySmart,DaySmart Only,2026-04-14
DS-206318,,DS-206318,Matthew,Stone,derrick73@example.com,(180) 242-9903,2015-05-01,,0,0.0,,ARCHIVE,,valid,Pass,Pre-2019 last appointment,0,0,DaySmart,DaySmart Only,2026-04-14
DS-206323,,DS-206323,Carol,Moore,wilsonbelinda@example.org,(207) 907-8347,2011-07-29,,0,0.0,,ARCHIVE,,valid,Unsubscribe Rule,Pre-2019 last appointment,0,0,DaySmart,DaySmart Only,2026-04-14
DS-206324,,DS-206324,Michael,Vasquez,gabriellaanderson@example.net,(074) 022-4652,2012-10-21,,0,0.0,,ARCHIVE,,valid,Unsubscribe Rule,Pre-2019 last appointment,0,0,DaySmart,DaySmart Only,2026-04-14
DS-206327,,DS-206327,Andrea,Maxwell,danielle91@example.org,(343) 357-9612,2013-05-01,2014-03-21,3,469.63,Pedicure,ARCHIVE,,valid,Pass,Pre-2019 last appointment,0,0,DaySmart,DaySmart Only,2026-04-14
DS-206328,,DS-206328,Nicholas,Stewart,lisa04@example.net,(226) 155-0976,2010-08-18,2018-12-17,4,621.56,Color Treatment,ARCHIVE,,valid,Unsubscribe Rule,Pre-2019 last appointment,0,0,DaySmart,DaySmart Only,2026-04-14
DS-206329,,DS-206329,Kimberly,Mcguire,mollyrobinson@example.org,(571) 621-6998,2010-06-27,2018-07-28,1,278.02,Pedicure,ARCHIVE,,valid,Unsubscribe Rule,Pre-2019 last appointment,0,0,DaySmart,DaySmart Only,2026-04-14
DS-206332,,DS-206332,Joshua,Wright,lisa53@example.com,(771) 831-6407,2011-07-25,2017-11-12,3,358.3,Facial,ARCHIVE,,do_not_mail,Unsubscribe Rule,Pre-2019 last appointment,0,0,DaySmart,DaySmart Only,2026-04-14
DS-206338,,DS-206338,Melanie,Williams,foleymelissa@example.com,(233) 140-8290,2012-10-30,2011-11-09,1,224.98,Manicure,ARCHIVE,,valid,Pass,Pre-2019 last appointment,0,0,DaySmart,DaySmart Only,2026-04-14
DS-206341,,DS-206341,Robert,Adams,qrichardson@example.com,(521) 997-3841,2010-03-16,2018-04-16,1,73.78,Haircut,ARCHIVE,,valid,Unsubscribe Rule,Pre-2019 last appointment,0,0,DaySmart,DaySmart Only,2026-04-14
DS-206346,,DS-206346,Nathaniel,Luna,joshuafrench@example.net,(007) 979-9121,2012-08-08,2017-11-14,4,861.61,Keratin Treatment,ARCHIVE,,valid,Unsubscribe Rule,Pre-2019 last appointment,0,0,DaySmart,DaySmart Only,2026-04-14
DS-206350,,DS-206350,Hannah,Nolan,katie89@example.net,(960) 456-7229,2016-02-07,2016-12-25,3,369.15,Color Treatment,ARCHIVE,,valid,Pass,Pre-2019 last appointment,0,0,DaySmart,DaySmart Only,2026-04-14
DS-206352,,DS-206352,John,Atkinson,garciajames@example.org,(247) 975-3837,2017-09-14,2017-07-07,2,125.79,Color Treatment,ARCHIVE,,valid,Pass,Pre-2019 last appointment,0,0,DaySmart,DaySmart Only,2026-04-14
DS-206354,,DS-206354,James,Ware,alanhickman@example.org,(393) 598-6345,2016-04-27,,0,0.0,,ARCHIVE,,valid,Unsubscribe Rule,Pre-2019 last appointment,0,0,DaySmart,DaySmart Only,2026-04-14
DS-206357,,DS-206357,David,Morse,brownheather@example.org,(145) 224-4142,2011-08-29,,0,0.0,,ARCHIVE,,valid,Pass,Pre-2019 last appointment,0,0,DaySmart,DaySmart Only,2026-04-14
DS-206360,,DS-206360,Robert,Bowen,adamacevedo@example.net,(249) 779-1411,2013-12-05,2010-06-10,1,156.89,Pedicure,ARCHIVE,,valid,Pass,Pre-2019 last appointment,0,0,DaySmart,DaySmart Only,2026-04-14
DS-206363,,DS-206363,Danielle,Gentry,leemisty@example.com,(715) 355-2139,2011-12-07,,0,0.0,,ARCHIVE,,valid,Pass,Pre-2019 last appointment,0,0,DaySmart,DaySmart Only,2026-04-14
DS-206364,,DS-206364,Maurice,Figueroa,emily41@example.net,(524) 288-2692,2013-01-29,,0,0.0,,ARCHIVE,,do_not_mail,Unsubscribe Rule,Pre-2019 last appointment,0,0,DaySmart,DaySmart Only,2026-04-14
DS-206371,,DS-206371,Christina,Escobar,codyfischer@example.com,(130) 696-6652,2015-10-31,2013-05-21,2,434.42,Blowout,ARCHIVE,,valid,Pass,Pre-2019 last appointment,0,0,DaySmart,DaySmart Only,2026-04-14
DS-206373,,DS-206373,Elaine,Clements,kbriggs@example.com,(877) 206-7627,2013-08-12,2010-01-08,1,289.03,Color Treatment,ARCHIVE,,valid,Unsubscribe Rule,Pre-2019 last appointment,0,0,DaySmart,DaySmart Only,2026-04-14
DS-206374,,DS-206374,Brooke,King,jblack@example.net,(802) 895-7213,2018-02-07,2015-10-22,2,273.52,Facial,ARCHIVE,,valid,Unsubscribe Rule,Pre-2019 last appointment,0,0,DaySmart,DaySmart Only,2026-04-14
DS-206380,,DS-206380,Ronald,Conner,hancockjustin@example.com,(743) 298-6212,2013-09-29,2017-09-14,5,422.49,Manicure,ARCHIVE,,valid,Unsubscribe Rule,Pre-2019 last appointment,0,0,DaySmart,DaySmart Only,2026-04-14
DS-206382,,DS-206382,Sophia,Smith,smitheddie@example.net,(135) 680-8730,2018-03-28,2016-03-09,1,61.49,Keratin Treatment,ARCHIVE,,valid,Unsubscribe Rule,Pre-2019 last appointment,0,0,DaySmart,DaySmart Only,2026-04-14
DS-206387,,DS-206387,Laura,Garcia,adam36@example.com,(790) 717-1500,2013-01-22,2017-11-16,1,155.9,Massage,ARCHIVE,,valid,Pass,Pre-2019 last appointment,0,0,DaySmart,DaySmart Only,2026-04-14
DS-206388,,DS-206388,David,Barnett,brett18@example.net,(284) 712-1974,2018-03-30,2016-06-04,2,475.24,Blowout,ARCHIVE,,valid,Pass,Pre-2019 last appointment,0,0,DaySmart,DaySmart Only,2026-04-14
DS-206389,,DS-206389,Jacob,Smith,tracymorris@example.org,(010) 385-1837,2017-04-18,2015-08-10,2,362.46,Color Treatment,ARCHIVE,,valid,Unsubscribe Rule,Pre-2019 last appointment,0,0,DaySmart,DaySmart Only,2026-04-14
DS-206390,,DS-206390,Glenn,Watson,jordankristi@example.com,(347) 494-1567,2014-05-05,2018-02-15,3,170.82,Pedicure,ARCHIVE,,unknown,Pass,Pre-2019 last appointment,0,0,DaySmart,DaySmart Only,2026-04-14
DS-206393,,DS-206393,Christopher,Boyd,ashley27@example.org,(399) 672-4460,2018-02-17,2018-11-21,4,535.31,Highlights,ARCHIVE,,valid,Unsubscribe Rule,Pre-2019 last appointment,0,0,DaySmart,DaySmart Only,2026-04-14
DS-206394,,DS-206394,Rachael,Richards,shawn98@example.org,(703) 749-0150,2014-12-16,2015-03-24,1,46.86,Facial,ARCHIVE,,valid,Pass,Pre-2019 last appointment,0,0,DaySmart,DaySmart Only,2026-04-14
DS-206396,,DS-206396,Nathan,Kramer,ryanallen@example.com,(669) 784-8363,2015-07-01,2016-01-18,2,220.61,Haircut,ARCHIVE,,valid,Unsubscribe Rule,Pre-2019 last appointment,0,0,DaySmart,DaySmart Only,2026-04-14
DS-206398,,DS-206398,Shaun,Long,linda01@example.net,(163) 082-3451,2011-12-01,2018-11-26,1,108.51,Color Treatment,ARCHIVE,,valid,Pass,Pre-2019 last appointment,0,0,DaySmart,DaySmart Only,2026-04-14
DS-206399,,DS-206399,Zachary,Smith,garcianicole@example.net,(059) 107-0237,2012-05-18,2014-12-16,2,152.91,Massage,ARCHIVE,,valid,Unsubscribe Rule,Pre-2019 last appointment,0,0,DaySmart,DaySmart Only,2026-04-14
DS-206404,,DS-206404,Kathleen,Perez,hillmatthew@example.org,(892) 039-2836,2016-05-13,2012-11-05,1,83.99,Manicure,ARCHIVE,,valid,Unsubscribe Rule,Pre-2019 last appointment,0,0,DaySmart,DaySmart Only,2026-04-14
DS-206405,,DS-206405,Thomas,Jones,gberg@example.net,(300) 385-7597,2010-02-08,2014-06-08,1,102.69,Highlights,ARCHIVE,,valid,Pass,Pre-2019 last appointment,0,0,DaySmart,DaySmart Only,2026-04-14
DS-206407,,DS-206407,Lindsey,Walters,jeffrey11@example.com,(890) 874-1161,2017-09-29,2017-08-28,5,822.01,Haircut,ARCHIVE,,valid,Unsubscribe Rule,Pre-2019 last appointment,0,0,DaySmart,DaySmart Only,2026-04-14
DS-206415,,DS-206415,Jonathan,Howard,fromero@example.com,(471) 061-2524,2010-07-01,2010-08-13,1,61.74,Haircut,ARCHIVE,,valid,Unsubscribe Rule,Pre-2019 last appointment,0,0,DaySmart,DaySmart Only,2026-04-14
DS-206418,,DS-206418,Joseph,Cooley,stantontammy@example.com,(684) 737-0581,2015-04-29,,0,0.0,,ARCHIVE,,catch-all,Pass,Pre-2019 last appointment,0,0,DaySmart,DaySmart Only,2026-04-14
DS-206423,,DS-206423,Michael,Schneider,bobrien@example.net,(339) 319-0043,2017-03-18,2017-01-12,4,661.45,Manicure,ARCHIVE,,valid,Unsubscribe Rule,Pre-2019 last appointment,0,0,DaySmart,DaySmart Only,2026-04-14
DS-206426,,DS-206426,Jeffrey,Miller,traci42@example.com,(590) 248-3023,2014-10-12,,0,0.0,,ARCHIVE,,valid,Unsubscribe Rule,Pre-2019 last appointment,0,0,DaySmart,DaySmart Only,2026-04-14
DS-206427,,DS-206427,Patricia,Taylor,cynthia42@example.com,(455) 127-4861,2016-12-09,2014-10-20,2,315.65,Highlights,ARCHIVE,,valid,Unsubscribe Rule,Pre-2019 last appointment,0,0,DaySmart,DaySmart Only,2026-04-14
DS-206428,,DS-206428,Mary,Mckenzie,fmorales@example.org,(360) 031-5484,2010-09-24,2018-12-08,3,489.04,Facial,ARCHIVE,,valid,Pass,Pre-2019 last appointment,0,0,DaySmart,DaySmart Only,2026-04-14
DS-206431,,DS-206431,Jeffrey,Berg,tanyamorrow@example.net,(346) 883-9354,2010-10-18,2016-01-03,2,390.87,Manicure,ARCHIVE,,valid,Unsubscribe Rule,Pre-2019 last appointment,0,0,DaySmart,DaySmart Only,2026-04-14
DS-206432,,DS-206432,Emily,Porter,rhorton@example.net,(843) 697-3826,2015-11-03,,0,0.0,,ARCHIVE,,valid,Pass,Pre-2019 last appointment,0,0,DaySmart,DaySmart Only,2026-04-14
DS-206438,,DS-206438,John,Wilson,sethbright@example.com,(804) 241-6343,2016-01-05,2018-11-28,3,334.63,Highlights,ARCHIVE,,valid,Unsubscribe Rule,Pre-2019 last appointment,0,0,DaySmart,DaySmart Only,2026-04-14
DS-206439,,DS-206439,Patricia,Orozco,williamgaines@example.org,(813) 025-5474,2011-10-02,2015-07-26,2,188.79,Haircut,ARCHIVE,,valid,Unsubscribe Rule,Pre-2019 last appointment,0,0,DaySmart,DaySmart Only,2026-04-14
DS-206440,,DS-206440,Taylor,Keller,nicholsmonica@example.org,(397) 354-0054,2012-04-07,2017-12-30,4,720.91,Blowout,ARCHIVE,,valid,Unsubscribe Rule,Pre-2019 last appointment,0,0,DaySmart,DaySmart Only,2026-04-14
DS-206446,,DS-206446,Michael,Gonzalez,coxbradley@example.org,(318) 255-1103,2016-12-12,,0,0.0,,ARCHIVE,,catch-all,Unsubscribe Rule,Pre-2019 last appointment,0,0,DaySmart,DaySmart Only,2026-04-14
DS-206450,,DS-206450,John,Holmes,timothy44@example.com,(336) 635-7209,2014-07-21,2017-06-26,4,883.85,Consultation,ARCHIVE,,valid,Pass,Pre-2019 last appointment,0,0,DaySmart,DaySmart Only,2026-04-14
DS-206455,,DS-206455,Jean,Trujillo,melodywhitney@example.org,(685) 561-4205,2010-08-05,,0,0.0,,ARCHIVE,,valid,Pass,Pre-2019 last appointment,0,0,DaySmart,DaySmart Only,2026-04-14
DS-206456,,DS-206456,Rhonda,Sanders,bonnierhodes@example.org,(983) 505-5500,2016-08-24,2018-09-26,4,590.03,Highlights,ARCHIVE,,valid,Unsubscribe Rule,Pre-2019 last appointment,0,0,DaySmart,DaySmart Only,2026-04-14
DS-206457,,DS-206457,Brittany,Bernard,jenniferpotts@example.com,(968) 557-1264,2012-05-04,2017-01-23,4,969.0,Manicure,ARCHIVE,,valid,Unsubscribe Rule,Pre-2019 last appointment,0,0,DaySmart,DaySmart Only,2026-04-14
DS-206462,,DS-206462,Sandra,Sawyer,perezdustin@example.com,(646) 140-4660,2014-10-24,2016-10-01,3,412.56,Color Treatment,ARCHIVE,,valid,Pass,Pre-2019 last appointment,0,0,DaySmart,DaySmart Only,2026-04-14
DS-206472,,DS-206472,Erin,Garcia,alejandroharrison@example.org,(407) 311-8631,2013-01-08,2018-01-19,4,611.97,Blowout,ARCHIVE,,catch-all,Pass,Pre-2019 last appointment,0,0,DaySmart,DaySmart Only,2026-04-14
DS-206475,,DS-206475,Joseph,Moore,qboyd@example.net,(161) 816-2111,2012-06-26,2017-03-14,1,86.01,Consultation,ARCHIVE,,valid,Pass,Pre-2019 last appointment,0,0,DaySmart,DaySmart Only,2026-04-14
DS-206480,,DS-206480,Jason,Barry,jrobinson@example.org,(511) 563-4474,2015-04-17,2011-01-07,1,104.26,Massage,ARCHIVE,,valid,Pass,Pre-2019 last appointment,0,0,DaySmart,DaySmart Only,2026-04-14
DS-206483,,DS-206483,Shane,Lambert,greenkenneth@example.org,(248) 344-5211,2011-02-14,2017-09-25,3,318.34,Manicure,ARCHIVE,,valid,Unsubscribe Rule,Pre-2019 last appointment,0,0,DaySmart,DaySmart Only,2026-04-14
DS-206484,,DS-206484,April,Jones,ortizdylan@example.org,(758) 444-2153,2011-08-02,,0,0.0,,ARCHIVE,,catch-all,Pass,Pre-2019 last appointment,0,0,DaySmart,DaySmart Only,2026-04-14
DS-206487,,DS-206487,Brittany,Kelly,beth06@example.org,(463) 998-1829,2016-11-22,2011-11-23,1,294.47,Highlights,ARCHIVE,,valid,Unsubscribe Rule,Pre-2019 last appointment,0,0,DaySmart,DaySmart Only,2026-04-14
DS-206488,,DS-206488,Brandon,Mendoza,charlespitts@example.org,(650) 350-4969,2016-04-25,2016-12-31,1,202.23,Manicure,ARCHIVE,,valid,Pass,Pre-2019 last appointment,0,0,DaySmart,DaySmart Only,2026-04-14
DS-206489,,DS-206489,Jennifer,Bell,moonjason@example.com,(476) 038-3045,2011-09-08,2017-10-02,2,518.45,Blowout,ARCHIVE,,valid,Unsubscribe Rule,Pre-2019 last appointment,0,0,DaySmart,DaySmart Only,2026-04-14
DS-206496,,DS-206496,Brad,Colon,hpalmer@example.org,(557) 903-1073,2017-12-15,2016-04-21,1,246.43,Facial,ARCHIVE,,valid,Unsubscribe Rule,Pre-2019 last appointment,0,0,DaySmart,DaySmart Only,2026-04-14
DS-206500,,DS-206500,Stephanie,Wilkins,christine05@example.org,(230) 335-2511,2010-01-22,2017-05-02,2,414.82,Highlights,ARCHIVE,,valid,Unsubscribe Rule,Pre-2019 last appointment,0,0,DaySmart,DaySmart Only,2026-04-14
DS-206501,,DS-206501,Rachel,Carney,allenbrittany@example.com,(824) 485-6400,2018-08-02,,0,0.0,,ARCHIVE,,valid,Pass,Pre-2019 last appointment,0,0,DaySmart,DaySmart Only,2026-04-14
DS-206503,,DS-206503,Sara,Thomas,heidifinley@example.net,(357) 324-6969,2015-05-03,2011-02-11,4,788.94,Massage,ARCHIVE,,catch-all,Pass,Pre-2019 last appointment,0,0,DaySmart,DaySmart Only,2026-04-14
DS-206504,,DS-206504,Jonathan,Walls,ramirezdebra@example.net,(467) 010-9016,2011-04-11,2011-07-09,1,283.7,Keratin Treatment,ARCHIVE,,valid,Unsubscribe Rule,Pre-2019 last appointment,0,0,DaySmart,DaySmart Only,2026-04-14
DS-206505,,DS-206505,Ashley,Morgan,xmedina@example.org,(439) 148-8467,2014-10-24,2018-12-14,5,910.22,Pedicure,ARCHIVE,,valid,Pass,Pre-2019 last appointment,0,0,DaySmart,DaySmart Only,2026-04-14
DS-206509,,DS-206509,Laurie,Ross,paulabarnes@example.net,(261) 997-0135,2018-04-19,2016-01-26,1,54.66,Facial,ARCHIVE,,catch-all,Pass,Pre-2019 last appointment,0,0,DaySmart,DaySmart Only,2026-04-14
DS-206511,,DS-206511,Elizabeth,Wood,ewingrobin@example.com,(588) 376-3085,2010-09-24,2017-05-18,2,384.88,Color Treatment,ARCHIVE,,valid,Pass,Pre-2019 last appointment,0,0,DaySmart,DaySmart Only,2026-04-14
DS-206512,,DS-206512,Susan,Black,briana55@example.org,(171) 257-9388,2014-01-27,2017-11-30,1,204.39,Haircut,ARCHIVE,,valid,Pass,Pre-2019 last appointment,0,0,DaySmart,DaySmart Only,2026-04-14
DS-206514,,DS-206514,Ryan,Frazier,ybean@example.net,(881) 980-8845,2016-07-22,2014-08-24,2,357.87,Facial,ARCHIVE,,valid,Unsubscribe Rule,Pre-2019 last appointment,0,0,DaySmart,DaySmart Only,2026-04-14
DS-206532,,DS-206532,Tyler,Bennett,wosborn@example.org,(797) 153-6290,2015-11-12,,0,0.0,,ARCHIVE,,valid,Unsubscribe Rule,Pre-2019 last appointment,0,0,DaySmart,DaySmart Only,2026-04-14
DS-206534,,DS-206534,Eric,Anderson,xfitzpatrick@example.org,(457) 494-9202,2017-11-25,2017-06-20,1,244.73,Manicure,ARCHIVE,,valid,Pass,Pre-2019 last appointment,0,0,DaySmart,DaySmart Only,2026-04-14
DS-206535,,DS-206535,Michael,Rice,wponce@example.com,(217) 470-0462,2018-02-04,2016-10-25,1,138.48,Haircut,ARCHIVE,,catch-all,Pass,Pre-2019 last appointment,0,0,DaySmart,DaySmart Only,2026-04-14
DS-206538,,DS-206538,Brian,Pitts,cantrellkathleen@example.com,(371) 975-4569,2017-02-11,,0,0.0,,ARCHIVE,,valid,Pass,Pre-2019 last appointment,0,0,DaySmart,DaySmart Only,2026-04-14
DS-206543,,DS-206543,Brittany,Anderson,dana73@example.com,(909) 059-6180,2012-10-22,2014-04-03,2,391.13,Keratin Treatment,ARCHIVE,,valid,Unsubscribe Rule,Pre-2019 last appointment,0,0,DaySmart,DaySmart Only,2026-04-14
DS-206545,,DS-206545,Eric,Murray,angelachen@example.com,(640) 029-7277,2018-03-08,,0,0.0,,ARCHIVE,,valid,Unsubscribe Rule,Pre-2019 last appointment,0,0,DaySmart,DaySmart Only,2026-04-14
DS-206548,,DS-206548,Zachary,Ramirez,gilbertrobert@example.com,(663) 686-5186,2016-05-30,2018-08-19,3,538.03,Keratin Treatment,ARCHIVE,,catch-all,Pass,Pre-2019 last appointment,0,0,DaySmart,DaySmart Only,2026-04-14
DS-206549,,DS-206549,Darren,Smith,zacharyjohnson@example.com,(944) 376-6269,2018-02-17,,0,0.0,,ARCHIVE,,valid,Pass,Pre-2019 last appointment,0,0,DaySmart,DaySmart Only,2026-04-14
DS-206552,,DS-206552,Steven,Morrow,jonathanduran@example.com,(763) 419-0826,2014-07-29,2017-07-13,1,180.37,Color Treatment,ARCHIVE,,unknown,Unsubscribe Rule,Pre-2019 last appointment,0,0,DaySmart,DaySmart Only,2026-04-14
DS-206557,,DS-206557,Mallory,Bates,campbelljeff@example.net,(213) 565-3675,2018-03-02,2011-06-22,3,472.01,Color Treatment,ARCHIVE,,valid,Pass,Pre-2019 last appointment,0,0,DaySmart,DaySmart Only,2026-04-14
DS-206558,,DS-206558,Lisa,Lucero,mariapowell@example.net,(614) 017-8251,2013-03-12,2010-04-29,1,177.55,Haircut,ARCHIVE,,valid,Unsubscribe Rule,Pre-2019 last appointment,0,0,DaySmart,DaySmart Only,2026-04-14
DS-206562,,DS-206562,Kevin,Marks,maria64@example.com,(021) 946-7698,2015-06-17,2016-03-26,1,30.45,Highlights,ARCHIVE,,valid,Unsubscribe Rule,Pre-2019 last appointment,0,0,DaySmart,DaySmart Only,2026-04-14
DS-206563,,DS-206563,Rachel,Mason MD,scottwiley@example.com,(423) 211-4324,2010-10-05,2016-10-06,2,252.14,Pedicure,ARCHIVE,,valid,Pass,Pre-2019 last appointment,0,0,DaySmart,DaySmart Only,2026-04-14
DS-206570,,DS-206570,Jonathan,Butler MD,zanderson@example.org,(958) 021-3959,2012-07-23,2016-08-13,4,543.78,Pedicure,ARCHIVE,,valid,Pass,Pre-2019 last appointment,0,0,DaySmart,DaySmart Only,2026-04-14
DS-206572,,DS-206572,Susan,Lee,oliverchristine@example.com,(664) 667-9138,2015-04-19,2018-08-15,6,1297.03,Blowout,ARCHIVE,,valid,Unsubscribe Rule,Pre-2019 last appointment,0,0,DaySmart,DaySmart Only,2026-04-14
DS-206573,,DS-206573,Edward,Holmes,kanesandra@example.net,(260) 378-2756,2016-04-02,,0,0.0,,ARCHIVE,,valid,Pass,Pre-2019 last appointment,0,0,DaySmart,DaySmart Only,2026-04-14
DS-206579,,DS-206579,Scott,Henson,rileyteresa@example.com,(760) 285-0555,2011-04-03,2014-07-22,2,215.2,Massage,ARCHIVE,,valid,Unsubscribe Rule,Pre-2019 last appointment,0,0,DaySmart,DaySmart Only,2026-04-14
DS-206598,,DS-206598,Madison,Lee,lancedonovan@example.net,(950) 375-4768,2014-09-16,2017-09-17,2,403.56,Blowout,ARCHIVE,,valid,Pass,Pre-2019 last appointment,0,0,DaySmart,DaySmart Only,2026-04-14
DS-206600,,DS-206600,Jennifer,Buckley,antoniochurch@example.com,(917) 110-6304,2015-09-08,2018-11-27,4,476.69,Highlights,ARCHIVE,,valid,Unsubscribe Rule,Pre-2019 last appointment,0,0,DaySmart,DaySmart Only,2026-04-14
DS-206601,,DS-206601,Courtney,Nguyen,amandacastro@example.org,(341) 875-0435,2013-12-20,2011-03-13,1,30.27,Highlights,ARCHIVE,,valid,Unsubscribe Rule,Pre-2019 last appointment,0,0,DaySmart,DaySmart Only,2026-04-14
DS-206603,,DS-206603,Timothy,Rodriguez,derekorr@example.net,(864) 093-9425,2011-07-15,2018-10-31,3,519.74,Facial,ARCHIVE,,valid,Pass,Pre-2019 last appointment,0,0,DaySmart,DaySmart Only,2026-04-14
DS-206604,,DS-206604,Jason,Hill,steven87@example.com,(217) 500-5689,2017-10-11,,0,0.0,,ARCHIVE,,valid,Unsubscribe Rule,Pre-2019 last appointment,0,0,DaySmart,DaySmart Only,2026-04-14
DS-206607,,DS-206607,Sharon,Hardy,munozjoel@example.org,(147) 994-5955,2015-06-07,2016-11-09,1,62.6,Haircut,ARCHIVE,,valid,Unsubscribe Rule,Pre-2019 last appointment,0,0,DaySmart,DaySmart Only,2026-04-14
DS-206608,,DS-206608,Kelly,Smith,rsmith@example.org,(131) 260-7344,2015-10-10,2016-06-13,2,264.18,Keratin Treatment,ARCHIVE,,unknown,Pass,Pre-2019 last appointment,0,0,DaySmart,DaySmart Only,2026-04-14
DS-206614,,DS-206614,Ivan,Marshall,bethany24@example.org,(258) 872-2654,2010-10-23,2017-08-03,3,355.92,Highlights,ARCHIVE,,valid,Pass,Pre-2019 last appointment,0,0,DaySmart,DaySmart Only,2026-04-14
DS-206615,,DS-206615,Edward,Martin,edwardspamela@example.net,(062) 384-8313,2018-06-14,2015-12-25,2,338.54,Facial,ARCHIVE,,valid,Unsubscribe Rule,Pre-2019 last appointment,0,0,DaySmart,DaySmart Only,2026-04-14
DS-206618,,DS-206618,Tina,Davis,lindseyhayden@example.net,(357) 100-1787,2018-12-11,,0,0.0,,ARCHIVE,,valid,Pass,Pre-2019 last appointment,0,0,DaySmart,DaySmart Only,2026-04-14
DS-206619,,DS-206619,Juan,Leblanc,xroy@example.org,(519) 977-4737,2018-12-20,,0,0.0,,ARCHIVE,,valid,Unsubscribe Rule,Pre-2019 last appointment,0,0,DaySmart,DaySmart Only,2026-04-14
DS-206621,,DS-206621,Adam,Brown,crosslance@example.net,(604) 553-5302,2012-04-02,2018-04-14,1,217.45,Consultation,ARCHIVE,,valid,Unsubscribe Rule,Pre-2019 last appointment,0,0,DaySmart,DaySmart Only,2026-04-14
DS-206628,,DS-206628,Dennis,Boyd,scottangela@example.org,(348) 842-2414,2014-12-15,2017-01-20,3,425.49,Facial,ARCHIVE,,valid,Unsubscribe Rule,Pre-2019 last appointment,0,0,DaySmart,DaySmart Only,2026-04-14
DS-206630,,DS-206630,Anthony,Jacobson,chamberslisa@example.org,(952) 569-0244,2015-05-28,,0,0.0,,ARCHIVE,,valid,Pass,Pre-2019 last appointment,0,0,DaySmart,DaySmart Only,2026-04-14
DS-206631,,DS-206631,Ellen,Jordan,meganwilson@example.org,(816) 857-3242,2018-05-28,2014-03-10,1,103.25,Highlights,ARCHIVE,,valid,Pass,Pre-2019 last appointment,0,0,DaySmart,DaySmart Only,2026-04-14
DS-206632,,DS-206632,Victor,Hall,xyork@example.net,(268) 337-4721,2011-05-25,2013-08-04,3,515.08,Pedicure,ARCHIVE,,valid,Unsubscribe Rule,Pre-2019 last appointment,0,0,DaySmart,DaySmart Only,2026-04-14
DS-206634,,DS-206634,Dwayne,Porter,andrew23@example.com,(895) 150-4428,2016-04-14,2010-10-02,1,180.28,Keratin Treatment,ARCHIVE,,valid,Unsubscribe Rule,Pre-2019 last appointment,0,0,DaySmart,DaySmart Only,2026-04-14
DS-206638,,DS-206638,Michaela,Cervantes,gregoryedward@example.net,(602) 299-6139,2018-07-15,2018-05-13,1,33.7,Highlights,ARCHIVE,,valid,Pass,Pre-2019 last appointment,0,0,DaySmart,DaySmart Only,2026-04-14
DS-206640,,DS-206640,Mark,Johnson,ashley48@example.net,(161) 444-4059,2016-11-19,2014-10-08,1,123.91,Pedicure,ARCHIVE,,catch-all,Pass,Pre-2019 last appointment,0,0,DaySmart,DaySmart Only,2026-04-14
DS-206646,,DS-206646,Thomas,Holt,bowersmarvin@example.net,(148) 938-3832,2018-10-31,2013-08-14,1,251.31,Massage,ARCHIVE,,valid,Unsubscribe Rule,Pre-2019 last appointment,0,0,DaySmart,DaySmart Only,2026-04-14
DS-206649,,DS-206649,Brenda,Ryan,sarah87@example.net,(782) 297-1203,2018-12-23,,0,0.0,,ARCHIVE,,valid,Unsubscribe Rule,Pre-2019 last appointment,0,0,DaySmart,DaySmart Only,2026-04-14
DS-206660,,DS-206660,Kathy,Rhodes,hernandezbrian@example.com,(307) 228-0569,2011-11-19,2014-10-18,5,672.14,Manicure,ARCHIVE,,valid,Unsubscribe Rule,Pre-2019 last appointment,0,0,DaySmart,DaySmart Only,2026-04-14
DS-206662,,DS-206662,Joseph,Schmidt,gregorygonzalez@example.com,(533) 431-3216,2017-09-13,2013-09-26,1,97.33,Blowout,ARCHIVE,,valid,Pass,Pre-2019 last appointment,0,0,DaySmart,DaySmart Only,2026-04-14
DS-206663,,DS-206663,Ethan,Farrell,fowlermichelle@example.org,(714) 164-7516,2011-08-04,2017-11-13,3,709.49,Keratin Treatment,ARCHIVE,,valid,Unsubscribe Rule,Pre-2019 last appointment,0,0,DaySmart,DaySmart Only,2026-04-14
DS-206664,,DS-206664,Lori,Snyder,davidtorres@example.net,(598) 453-8120,2011-01-27,2013-09-06,1,165.11,Massage,ARCHIVE,,unknown,Unsubscribe Rule,Pre-2019 last appointment,0,0,DaySmart,DaySmart Only,2026-04-14
DS-206669,,DS-206669,Richard,Hobbs,oprice@example.org,(447) 363-9180,2014-05-15,2016-02-16,2,201.43,Haircut,ARCHIVE,,valid,Unsubscribe Rule,Pre-2019 last appointment,0,0,DaySmart,DaySmart Only,2026-04-14
DS-206680,,DS-206680,Taylor,Patton,crystalmcdonald@example.com,(854) 895-2862,2016-10-14,2010-09-21,1,250.08,Consultation,ARCHIVE,,valid,Pass,Pre-2019 last appointment,0,0,DaySmart,DaySmart Only,2026-04-14
DS-206684,,DS-206684,Jessica,Leblanc,scottdebra@example.org,(706) 132-2040,2013-10-31,2017-09-26,3,609.85,Highlights,ARCHIVE,,valid,Pass,Pre-2019 last appointment,0,0,DaySmart,DaySmart Only,2026-04-14
DS-206687,,DS-206687,Melissa,Roberts,eileenharvey@example.net,(814) 663-3663,2016-01-25,2016-01-09,2,339.28,Manicure,ARCHIVE,,valid,Unsubscribe Rule,Pre-2019 last appointment,0,0,DaySmart,DaySmart Only,2026-04-14
DS-206688,,DS-206688,Mrs.,Lisa George,jenniferdudley@example.com,(416) 491-8598,2014-03-14,2012-01-29,2,102.92,Color Treatment,ARCHIVE,,valid,Unsubscribe Rule,Pre-2019 last appointment,0,0,DaySmart,DaySmart Only,2026-04-14
DS-206689,,DS-206689,Kristine,Moreno,hintonrichard@example.com,(908) 315-3307,2016-11-10,2018-08-17,1,213.49,Color Treatment,ARCHIVE,,valid,Pass,Pre-2019 last appointment,0,0,DaySmart,DaySmart Only,2026-04-14
DS-206698,,DS-206698,Michael,Gonzalez,jamessheppard@example.net,(724) 721-4506,2017-03-13,2016-03-20,1,65.25,Manicure,ARCHIVE,,valid,Unsubscribe Rule,Pre-2019 last appointment,0,0,DaySmart,DaySmart Only,2026-04-14
DS-206699,,DS-206699,Justin,Mcclain,samanthadunn@example.net,(088) 283-1036,2013-05-20,2015-12-23,3,542.47,Massage,ARCHIVE,,valid,Pass,Pre-2019 last appointment,0,0,DaySmart,DaySmart Only,2026-04-14
DS-206702,,DS-206702,Marcus,Hernandez,lindsaycollins@example.org,(385) 509-4993,2011-07-28,2011-07-22,1,124.7,Manicure,ARCHIVE,,valid,Unsubscribe Rule,Pre-2019 last appointment,0,0,DaySmart,DaySmart Only,2026-04-14
DS-206703,,DS-206703,Daniel,Reilly,duranwanda@example.com,(030) 426-0735,2016-09-12,2018-06-04,5,783.9,Consultation,ARCHIVE,,valid,Unsubscribe Rule,Pre-2019 last appointment,0,0,DaySmart,DaySmart Only,2026-04-14
DS-206704,,DS-206704,Daniel,Marsh,joseph25@example.net,(092) 743-1063,2014-02-07,,0,0.0,,ARCHIVE,,valid,Pass,Pre-2019 last appointment,0,0,DaySmart,DaySmart Only,2026-04-14
DS-206707,,DS-206707,Robert,George,michaeljames@example.net,(986) 774-8875,2014-07-24,2017-04-02,2,527.11,Facial,ARCHIVE,,valid,Pass,Pre-2019 last appointment,0,0,DaySmart,DaySmart Only,2026-04-14
DS-206712,,DS-206712,Aaron,Dominguez,alexajordan@example.net,(181) 493-6312,2013-07-01,2017-06-05,1,153.56,Facial,ARCHIVE,,unknown,Unsubscribe Rule,Pre-2019 last appointment,0,0,DaySmart,DaySmart Only,2026-04-14
DS-206715,,DS-206715,Kevin,Gutierrez,samanthahardy@example.org,(636) 504-5261,2012-06-24,2014-05-30,3,374.58,Massage,ARCHIVE,,valid,Unsubscribe Rule,Pre-2019 last appointment,0,0,DaySmart,DaySmart Only,2026-04-14
DS-206717,,DS-206717,Stephanie,Dennis,brian72@example.com,(072) 116-2287,2012-11-21,2016-10-08,2,345.11,Pedicure,ARCHIVE,,catch-all,Pass,Pre-2019 last appointment,0,0,DaySmart,DaySmart Only,2026-04-14
DS-206719,,DS-206719,Ethan,King,morenoamanda@example.com,(753) 469-7741,2010-01-19,,0,0.0,,ARCHIVE,,do_not_mail,Do Not Mail,Pre-2019 last appointment,0,0,DaySmart,DaySmart Only,2026-04-14
DS-206720,,DS-206720,Jacqueline,Gonzalez,vcantrell@example.com,(042) 379-6995,2010-07-16,2017-11-05,4,573.53,Haircut,ARCHIVE,,valid,Pass,Pre-2019 last appointment,0,0,DaySmart,DaySmart Only,2026-04-14
DS-206721,,DS-206721,Susan,George,davisjennifer@example.com,(502) 521-0224,2016-03-01,2015-01-22,1,197.11,Facial,ARCHIVE,,catch-all,Unsubscribe Rule,Pre-2019 last appointment,0,0,DaySmart,DaySmart Only,2026-04-14
DS-206724,,DS-206724,Michael,Dean,kathleenortiz@example.org,(237) 635-2936,2018-06-23,2017-11-15,1,118.55,Haircut,ARCHIVE,,valid,Pass,Pre-2019 last appointment,0,0,DaySmart,DaySmart Only,2026-04-14
DS-206729,,DS-206729,Mr.,Michael Chandler,colemanchristopher@example.org,(171) 118-5514,2015-11-19,2018-09-17,4,678.0,Manicure,ARCHIVE,,valid,Unsubscribe Rule,Pre-2019 last appointment,0,0,DaySmart,DaySmart Only,2026-04-14
DS-206735,,DS-206735,Molly,Perry,kristenjackson@example.org,(361) 199-8004,2013-07-06,2011-07-07,1,68.52,Highlights,ARCHIVE,,valid,Pass,Pre-2019 last appointment,0,0,DaySmart,DaySmart Only,2026-04-14
DS-206736,,DS-206736,Lisa,Brown,efrench@example.net,(860) 399-8337,2014-09-28,2011-03-01,1,294.37,Color Treatment,ARCHIVE,,valid,Unsubscribe Rule,Pre-2019 last appointment,0,0,DaySmart,DaySmart Only,2026-04-14
DS-206739,,DS-206739,Joseph,Butler,martindavid@example.com,(551) 162-8009,2017-08-14,2016-11-20,2,357.78,Pedicure,ARCHIVE,,valid,Pass,Pre-2019 last appointment,0,0,DaySmart,DaySmart Only,2026-04-14
DS-206741,,DS-206741,Zachary,Reid,austin76@example.org,(176) 517-4789,2011-09-25,2016-05-17,2,270.27,Consultation,ARCHIVE,,unknown,Pass,Pre-2019 last appointment,0,0,DaySmart,DaySmart Only,2026-04-14
DS-206742,,DS-206742,Tammy,Woods,frank25@example.org,(891) 351-3300,2015-11-03,,0,0.0,,ARCHIVE,,valid,Pass,Pre-2019 last appointment,0,0,DaySmart,DaySmart Only,2026-04-14
DS-206743,,DS-206743,Derek,Knapp,wsanchez@example.org,(468) 803-6992,2016-03-13,2018-07-24,1,25.3,Haircut,ARCHIVE,,catch-all,Unsubscribe Rule,Pre-2019 last appointment,0,0,DaySmart,DaySmart Only,2026-04-14
DS-206751,,DS-206751,Brooke,Carr,vmorris@example.net,(913) 153-9792,2018-07-17,2016-05-18,1,228.41,Color Treatment,ARCHIVE,,valid,Unsubscribe Rule,Pre-2019 last appointment,0,0,DaySmart,DaySmart Only,2026-04-14
DS-206752,,DS-206752,Christina,Hall,jgreen@example.net,(561) 481-6371,2015-02-12,,0,0.0,,ARCHIVE,,valid,Pass,Pre-2019 last appointment,0,0,DaySmart,DaySmart Only,2026-04-14
DS-206753,,DS-206753,Deanna,Rice,cfrost@example.org,(048) 765-7053,2013-07-15,2014-11-20,1,84.2,Pedicure,ARCHIVE,,valid,Pass,Pre-2019 last appointment,0,0,DaySmart,DaySmart Only,2026-04-14
DS-206758,,DS-206758,Ryan,Barron,quinnchristine@example.com,(750) 969-1685,2017-07-25,2016-02-09,2,258.43,Consultation,ARCHIVE,,valid,Unsubscribe Rule,Pre-2019 last appointment,0,0,DaySmart,DaySmart Only,2026-04-14
DS-206760,,DS-206760,Corey,Campos,ofloyd@example.com,(284) 670-8029,2010-08-01,2017-12-01,2,339.59,Blowout,ARCHIVE,,valid,Unsubscribe Rule,Pre-2019 last appointment,0,0,DaySmart,DaySmart Only,2026-04-14
DS-206765,,DS-206765,Adrian,Moore,adrian47@example.net,(299) 672-3741,2010-02-26,2017-12-26,2,203.93,Color Treatment,ARCHIVE,,valid,Unsubscribe Rule,Pre-2019 last appointment,0,0,DaySmart,DaySmart Only,2026-04-14
DS-206769,,DS-206769,James,Walton,sherrimarshall@example.com,(472) 932-6608,2013-01-27,2013-12-29,3,425.44,Manicure,ARCHIVE,,valid,Pass,Pre-2019 last appointment,0,0,DaySmart,DaySmart Only,2026-04-14
DS-206774,,DS-206774,Cassandra,Mcclure,kgeorge@example.org,(700) 874-1726,2013-09-11,2014-09-01,2,502.15,Pedicure,ARCHIVE,,valid,Pass,Pre-2019 last appointment,0,0,DaySmart,DaySmart Only,2026-04-14
DS-206780,,DS-206780,James,Cox,john71@example.org,(874) 244-3558,2018-07-17,2014-02-12,2,177.21,Color Treatment,ARCHIVE,,valid,Unsubscribe Rule,Pre-2019 last appointment,0,0,DaySmart,DaySmart Only,2026-04-14
DS-206781,,DS-206781,Erica,Lin,lindavillarreal@example.org,(085) 393-1661,2012-05-25,2010-07-14,2,297.33,Manicure,ARCHIVE,,valid,Unsubscribe Rule,Pre-2019 last appointment,0,0,DaySmart,DaySmart Only,2026-04-14
DS-206782,,DS-206782,Mrs.,Holly Porter MD,sullivanmary@example.net,(013) 915-1110,2011-04-13,2018-02-18,1,199.18,Manicure,ARCHIVE,,valid,Pass,Pre-2019 last appointment,0,0,DaySmart,DaySmart Only,2026-04-14
DS-206785,,DS-206785,Melinda,Lee,harold26@example.net,(056) 109-7429,2012-02-02,,0,0.0,,ARCHIVE,,valid,Unsubscribe Rule,Pre-2019 last appointment,0,0,DaySmart,DaySmart Only,2026-04-14
DS-206796,,DS-206796,Mrs.,Mary Martinez,benjamin31@example.org,(623) 097-6069,2016-10-29,,0,0.0,,ARCHIVE,,valid,Unsubscribe Rule,Pre-2019 last appointment,0,0,DaySmart,DaySmart Only,2026-04-14
DS-206801,,DS-206801,Patricia,Robles,gwright@example.net,(876) 320-5268,2017-04-02,2018-01-15,3,287.67,Pedicure,ARCHIVE,,valid,Pass,Pre-2019 last appointment,0,0,DaySmart,DaySmart Only,2026-04-14
DS-206806,,DS-206806,Amy,Cohen,snydersandra@example.net,(815) 799-7605,2017-02-12,2013-01-18,6,1024.13,Blowout,ARCHIVE,,valid,Unsubscribe Rule,Pre-2019 last appointment,0,0,DaySmart,DaySmart Only,2026-04-14
DS-206808,,DS-206808,Brian,Roth,jasononeill@example.com,(066) 115-4023,2016-11-27,2016-08-20,2,111.76,Massage,ARCHIVE,,valid,Pass,Pre-2019 last appointment,0,0,DaySmart,DaySmart Only,2026-04-14
DS-206814,,DS-206814,Timothy,Garcia,jason42@example.org,(944) 532-4287,2018-10-07,2015-06-27,2,95.6,Blowout,ARCHIVE,,valid,Pass,Pre-2019 last appointment,0,0,DaySmart,DaySmart Only,2026-04-14
DS-206818,,DS-206818,Jennifer,Jones,dawnreed@example.org,(410) 898-1621,2015-03-29,2013-01-13,1,293.57,Facial,ARCHIVE,,valid,Unsubscribe Rule,Pre-2019 last appointment,0,0,DaySmart,DaySmart Only,2026-04-14
DS-206820,,DS-206820,Bryan,Hubbard,heathersmith@example.net,(573) 864-3149,2015-06-28,2018-04-23,3,430.75,Highlights,ARCHIVE,,valid,Pass,Pre-2019 last appointment,0,0,DaySmart,DaySmart Only,2026-04-14
DS-206821,,DS-206821,Kathryn,Ware,daniellopez@example.net,(863) 927-8152,2015-01-07,2016-10-25,1,24.01,Keratin Treatment,ARCHIVE,,valid,Pass,Pre-2019 last appointment,0,0,DaySmart,DaySmart Only,2026-04-14
DS-206822,,DS-206822,Yesenia,Alvarez,yfarmer@example.net,(159) 939-0520,2017-07-20,2014-07-24,2,266.96,Pedicure,ARCHIVE,,valid,Unsubscribe Rule,Pre-2019 last appointment,0,0,DaySmart,DaySmart Only,2026-04-14
DS-206833,,DS-206833,Sean,Chan,juliewatson@example.org,(325) 173-1365,2013-01-09,2016-06-18,3,603.21,Haircut,ARCHIVE,,valid,Unsubscribe Rule,Pre-2019 last appointment,0,0,DaySmart,DaySmart Only,2026-04-14
DS-206834,,DS-206834,Gina,Williams,annettedonaldson@example.com,(191) 512-1000,2011-04-26,2014-05-02,2,566.67,Blowout,ARCHIVE,,valid,Pass,Pre-2019 last appointment,0,0,DaySmart,DaySmart Only,2026-04-14
DS-206835,,DS-206835,Dr.,Walter Roman DDS,omiles@example.org,(669) 984-6054,2014-04-15,,0,0.0,,ARCHIVE,,valid,Unsubscribe Rule,Pre-2019 last appointment,0,0,DaySmart,DaySmart Only,2026-04-14
DS-206839,,DS-206839,Theresa,Evans,vfritz@example.net,(365) 456-4975,2017-05-03,2017-08-29,3,240.56,Manicure,ARCHIVE,,catch-all,Pass,Pre-2019 last appointment,0,0,DaySmart,DaySmart Only,2026-04-14
DS-206841,,DS-206841,Michael,Mclean,jaclynstewart@example.org,(348) 661-4473,2016-04-25,2016-11-06,3,529.48,Keratin Treatment,ARCHIVE,,valid,Pass,Pre-2019 last appointment,0,0,DaySmart,DaySmart Only,2026-04-14
DS-206843,,DS-206843,Kathryn,Wilkins,waynejones@example.net,(682) 283-1242,2014-07-06,2016-01-26,3,368.89,Facial,ARCHIVE,,catch-all,Unsubscribe Rule,Pre-2019 last appointment,0,0,DaySmart,DaySmart Only,2026-04-14
DS-206846,,DS-206846,Erik,Wilson,millerjohn@example.org,(550) 601-6561,2010-10-29,2018-10-23,3,517.71,Blowout,ARCHIVE,,valid,Pass,Pre-2019 last appointment,0,0,DaySmart,DaySmart Only,2026-04-14
DS-206847,,DS-206847,Phyllis,Garcia,kyle88@example.net,(839) 932-4569,2011-01-13,2012-06-12,1,172.94,Blowout,ARCHIVE,,valid,Pass,Pre-2019 last appointment,0,0,DaySmart,DaySmart Only,2026-04-14
DS-206848,,DS-206848,Kevin,Conrad,heidi57@example.org,(566) 168-9566,2015-04-26,2014-03-27,1,264.63,Massage,ARCHIVE,,valid,Pass,Pre-2019 last appointment,0,0,DaySmart,DaySmart Only,2026-04-14
DS-206850,,DS-206850,Andrea,Costa,pbuckley@example.org,(497) 450-4526,2016-09-13,2017-04-16,4,546.59,Haircut,ARCHIVE,,unknown,Unsubscribe Rule,Pre-2019 last appointment,0,0,DaySmart,DaySmart Only,2026-04-14
DS-206853,,DS-206853,Emily,Ortiz,brandy47@example.org,(300) 986-7686,2011-06-16,2017-06-20,3,301.61,Manicure,ARCHIVE,,catch-all,Unsubscribe Rule,Pre-2019 last appointment,0,0,DaySmart,DaySmart Only,2026-04-14
DS-206856,,DS-206856,John,Stevens,jasonknight@example.org,(325) 128-5459,2011-05-25,,0,0.0,,ARCHIVE,,valid,Pass,Pre-2019 last appointment,0,0,DaySmart,DaySmart Only,2026-04-14
DS-206857,,DS-206857,Stacy,Clayton,othompson@example.org,(723) 199-5949,2012-09-15,2017-07-18,2,110.0,Consultation,ARCHIVE,,unknown,Pass,Pre-2019 last appointment,0,0,DaySmart,DaySmart Only,2026-04-14
DS-206862,,DS-206862,David,Rojas,crawfordcaleb@example.net,(525) 208-7593,2013-09-26,2015-08-03,1,169.09,Keratin Treatment,ARCHIVE,,catch-all,Pass,Pre-2019 last appointment,0,0,DaySmart,DaySmart Only,2026-04-14
DS-206866,,DS-206866,Jerry,Powell DDS,brenda97@example.org,(651) 631-1555,2016-07-28,,0,0.0,,ARCHIVE,,valid,Unsubscribe Rule,Pre-2019 last appointment,0,0,DaySmart,DaySmart Only,2026-04-14
DS-206869,,DS-206869,Melinda,Smith,kimberly98@example.org,(420) 465-1180,2013-08-07,2015-12-26,2,414.69,Haircut,ARCHIVE,,catch-all,Unsubscribe Rule,Pre-2019 last appointment,0,0,DaySmart,DaySmart Only,2026-04-14
DS-206873,,DS-206873,Jamie,Smith,harrisdavid@example.org,(734) 132-7852,2016-06-06,2017-07-20,7,1260.76,Massage,ARCHIVE,,valid,Unsubscribe Rule,Pre-2019 last appointment,0,0,DaySmart,DaySmart Only,2026-04-14
DS-206876,,DS-206876,Brent,Velazquez,edwardsimmons@example.com,(106) 567-4845,2011-07-10,2018-02-25,4,510.51,Facial,ARCHIVE,,unknown,Pass,Pre-2019 last appointment,0,0,DaySmart,DaySmart Only,2026-04-14
DS-206883,,DS-206883,Eric,Weaver,christopher63@example.net,(040) 707-9369,2018-11-20,2017-03-27,2,394.28,Facial,ARCHIVE,,valid,Unsubscribe Rule,Pre-2019 last appointment,0,0,DaySmart,DaySmart Only,2026-04-14
DS-206885,,DS-206885,Christine,Bryan MD,sarah18@example.org,(526) 780-0206,2015-02-15,2018-06-27,3,690.24,Manicure,ARCHIVE,,valid,Pass,Pre-2019 last appointment,0,0,DaySmart,DaySmart Only,2026-04-14
DS-206886,,DS-206886,Michael,Joyce,pereztami@example.com,(494) 008-2151,2015-01-29,2011-06-21,1,84.89,Blowout,ARCHIVE,,valid,Pass,Pre-2019 last appointment,0,0,DaySmart,DaySmart Only,2026-04-14
DS-206887,,DS-206887,Jackie,Bailey DVM,monica55@example.net,(058) 292-4176,2018-09-21,2018-12-31,3,337.55,Blowout,ARCHIVE,,valid,Unsubscribe Rule,Pre-2019 last appointment,0,0,DaySmart,DaySmart Only,2026-04-14
DS-206890,,DS-206890,Victor,Johnson,susanmarks@example.net,(372) 056-4759,2010-04-01,2017-02-17,5,931.44,Haircut,ARCHIVE,,valid,Pass,Pre-2019 last appointment,0,0,DaySmart,DaySmart Only,2026-04-14
DS-206891,,DS-206891,Sylvia,Smith,ybarnes@example.net,(012) 355-9260,2014-11-28,2015-05-29,3,542.77,Blowout,ARCHIVE,,valid,Unsubscribe Rule,Pre-2019 last appointment,0,0,DaySmart,DaySmart Only,2026-04-14
DS-206892,,DS-206892,Richard,Gonzales,edwardstimothy@example.org,(827) 210-4920,2010-02-16,2015-07-12,1,166.78,Facial,ARCHIVE,,valid,Pass,Pre-2019 last appointment,0,0,DaySmart,DaySmart Only,2026-04-14
DS-206894,,DS-206894,Rebecca,Williams,qbullock@example.com,(882) 059-0783,2012-06-24,2017-10-12,2,254.79,Highlights,ARCHIVE,,valid,Unsubscribe Rule,Pre-2019 last appointment,0,0,DaySmart,DaySmart Only,2026-04-14
DS-206900,,DS-206900,Sierra,Wilcox,lawrencekeith@example.net,(171) 496-1854,2013-12-14,,0,0.0,,ARCHIVE,,do_not_mail,Unsubscribe Rule,Pre-2019 last appointment,0,0,DaySmart,DaySmart Only,2026-04-14
DS-206901,,DS-206901,Sarah,Hamilton,millerjeanne@example.net,(323) 754-4840,2015-07-20,,0,0.0,,ARCHIVE,,catch-all,Pass,Pre-2019 last appointment,0,0,DaySmart,DaySmart Only,2026-04-14
DS-206904,,DS-206904,Desiree,Clark,anita68@example.net,(294) 361-0637,2011-09-06,2018-07-18,1,37.9,Keratin Treatment,ARCHIVE,,valid,Pass,Pre-2019 last appointment,0,0,DaySmart,DaySmart Only,2026-04-14
DS-206909,,DS-206909,Brett,Robles,bensonmaria@example.net,(071) 595-4128,2013-06-01,2017-12-30,4,858.26,Blowout,ARCHIVE,,valid,Unsubscribe Rule,Pre-2019 last appointment,0,0,DaySmart,DaySmart Only,2026-04-14
DS-206926,,DS-206926,Kathryn,Sawyer,ghahn@example.net,(380) 808-2383,2015-04-03,2017-09-20,2,368.85,Blowout,ARCHIVE,,valid,Pass,Pre-2019 last appointment,0,0,DaySmart,DaySmart Only,2026-04-14
DS-206928,,DS-206928,Joseph,Cox,rlamb@example.com,(538) 199-4576,2015-06-28,2018-04-23,3,477.43,Pedicure,ARCHIVE,,catch-all,Unsubscribe Rule,Pre-2019 last appointment,0,0,DaySmart,DaySmart Only,2026-04-14
DS-206930,,DS-206930,Kimberly,Wallace,connierodriguez@example.com,(461) 407-8672,2018-11-04,2018-04-08,2,368.69,Blowout,ARCHIVE,,valid,Unsubscribe Rule,Pre-2019 last appointment,0,0,DaySmart,DaySmart Only,2026-04-14
DS-206932,,DS-206932,Leah,Mckee,smithderrick@example.com,(438) 655-0750,2010-12-10,2016-07-18,1,191.66,Massage,ARCHIVE,,do_not_mail,Unsubscribe Rule,Pre-2019 last appointment,0,0,DaySmart,DaySmart Only,2026-04-14
DS-206944,,DS-206944,Lucas,Moran,carrielee@example.net,(530) 321-0698,2018-12-27,2018-09-27,6,746.57,Blowout,ARCHIVE,,valid,Unsubscribe Rule,Pre-2019 last appointment,0,0,DaySmart,DaySmart Only,2026-04-14
DS-206954,,DS-206954,Jonathan,Vega,kalvarado@example.net,(371) 512-5105,2012-01-19,2012-05-02,2,207.99,Highlights,ARCHIVE,,valid,Pass,Pre-2019 last appointment,0,0,DaySmart,DaySmart Only,2026-04-14
DS-206956,,DS-206956,Casey,Adams Jr.,anthony83@example.com,(698) 172-0771,2014-07-09,2017-04-23,2,139.61,Pedicure,ARCHIVE,,valid,Unsubscribe Rule,Pre-2019 last appointment,0,0,DaySmart,DaySmart Only,2026-04-14
DS-206969,,DS-206969,Andrea,Mendoza,kbarrera@example.net,(417) 422-8302,2010-07-26,,0,0.0,,ARCHIVE,,do_not_mail,Do Not Mail,Pre-2019 last appointment,0,0,DaySmart,DaySmart Only,2026-04-14
DS-206971,,DS-206971,Marilyn,Fisher,barrybowman@example.net,(349) 750-0711,2012-10-30,2012-09-04,1,242.84,Massage,ARCHIVE,,unknown,Unsubscribe Rule,Pre-2019 last appointment,0,0,DaySmart,DaySmart Only,2026-04-14
DS-206973,,DS-206973,Mr.,Christopher Rosales,pwright@example.net,(123) 894-8915,2016-11-04,2018-07-18,1,296.77,Pedicure,ARCHIVE,,valid,Unsubscribe Rule,Pre-2019 last appointment,0,0,DaySmart,DaySmart Only,2026-04-14
DS-206976,,DS-206976,Christian,Thompson,tricialopez@example.com,(607) 634-5955,2014-08-26,2018-09-25,2,494.23,Blowout,ARCHIVE,,valid,Unsubscribe Rule,Pre-2019 last appointment,0,0,DaySmart,DaySmart Only,2026-04-14
DS-206978,,DS-206978,Steve,Flores,martin83@example.net,(978) 290-8649,2016-08-31,2016-08-11,2,383.86,Blowout,ARCHIVE,,valid,Unsubscribe Rule,Pre-2019 last appointment,0,0,DaySmart,DaySmart Only,2026-04-14
DS-206981,,DS-206981,Nicole,Goodman,virginiagarcia@example.org,(865) 445-3042,2012-08-07,2017-12-26,3,446.36,Facial,ARCHIVE,,valid,Unsubscribe Rule,Pre-2019 last appointment,0,0,DaySmart,DaySmart Only,2026-04-14
DS-206985,,DS-206985,Pamela,Martinez,mwhite@example.org,(067) 215-6628,2011-09-02,2013-04-01,1,246.24,Keratin Treatment,ARCHIVE,,valid,Pass,Pre-2019 last appointment,0,0,DaySmart,DaySmart Only,2026-04-14
DS-206988,,DS-206988,Julia,Matthews,richardgreen@example.net,(590) 236-7948,2016-02-22,2015-08-28,3,450.49,Haircut,ARCHIVE,,valid,Pass,Pre-2019 last appointment,0,0,DaySmart,DaySmart Only,2026-04-14
DS-206990,,DS-206990,Andrew,Chan,andrearobinson@example.net,(251) 841-4064,2016-08-18,2013-09-04,2,265.5,Highlights,ARCHIVE,,valid,Pass,Pre-2019 last appointment,0,0,DaySmart,DaySmart Only,2026-04-14
DS-206992,,DS-206992,Michael,Scott,carlhatfield@example.org,(295) 314-9645,2011-08-08,2014-08-18,1,30.09,Facial,ARCHIVE,,valid,Pass,Pre-2019 last appointment,0,0,DaySmart,DaySmart Only,2026-04-14
DS-206994,,DS-206994,Randy,Mayo,johnmadden@example.net,(593) 141-3962,2014-08-16,,0,0.0,,ARCHIVE,,valid,Pass,Pre-2019 last appointment,0,0,DaySmart,DaySmart Only,2026-04-14
DS-206998,,DS-206998,Dana,Love,bcox@example.com,(375) 870-8451,2011-09-30,2016-09-13,2,507.72,Pedicure,ARCHIVE,,valid,Unsubscribe Rule,Pre-2019 last appointment,0,0,DaySmart,DaySmart Only,2026-04-14
DS-207005,,DS-207005,Tammy,Gonzalez,jennifermoore@example.org,(178) 569-9892,2013-03-29,2018-08-23,3,408.98,Haircut,ARCHIVE,,catch-all,Pass,Pre-2019 last appointment,0,0,DaySmart,DaySmart Only,2026-04-14
DS-207015,,DS-207015,Joyce,Colon,catherineedwards@example.com,(708) 005-1464,2014-12-17,,0,0.0,,ARCHIVE,,valid,Pass,Pre-2019 last appointment,0,0,DaySmart,DaySmart Only,2026-04-14
DS-207017,,DS-207017,Tiffany,Johnston,grahamashley@example.org,(575) 760-2428,2018-05-02,2018-12-30,1,48.96,Haircut,ARCHIVE,,valid,Unsubscribe Rule,Pre-2019 last appointment,0,0,DaySmart,DaySmart Only,2026-04-14
DS-207020,,DS-207020,George,Andrews,annemendoza@example.org,(539) 815-1689,2012-01-18,2017-06-02,1,206.2,Pedicure,ARCHIVE,,catch-all,Unsubscribe Rule,Pre-2019 last appointment,0,0,DaySmart,DaySmart Only,2026-04-14
DS-207024,,DS-207024,Alexis,Bean,bridget27@example.com,(580) 918-1915,2015-11-24,2017-01-15,2,408.32,Blowout,ARCHIVE,,valid,Unsubscribe Rule,Pre-2019 last appointment,0,0,DaySmart,DaySmart Only,2026-04-14
DS-207026,,DS-207026,Donald,Price,petersonlaura@example.com,(822) 925-0055,2010-02-11,2018-09-02,1,246.13,Facial,ARCHIVE,,valid,Unsubscribe Rule,Pre-2019 last appointment,0,0,DaySmart,DaySmart Only,2026-04-14
DS-207029,,DS-207029,Eric,Frye,jill06@example.net,(048) 051-0663,2013-08-02,2013-08-15,1,172.73,Blowout,ARCHIVE,,valid,Pass,Pre-2019 last appointment,0,0,DaySmart,DaySmart Only,2026-04-14
DS-207034,,DS-207034,Kelly,Richard,phughes@example.net,(688) 419-7364,2011-06-30,2018-05-24,5,292.75,Highlights,ARCHIVE,,valid,Unsubscribe Rule,Pre-2019 last appointment,0,0,DaySmart,DaySmart Only,2026-04-14
DS-207039,,DS-207039,Joshua,Barnes,johnsonfrederick@example.org,(127) 118-3885,2010-11-22,2018-12-17,1,225.85,Facial,ARCHIVE,,valid,Pass,Pre-2019 last appointment,0,0,DaySmart,DaySmart Only,2026-04-14
DS-207045,,DS-207045,Jay,Mcbride,huntercarrie@example.net,(419) 557-3697,2012-06-28,,0,0.0,,ARCHIVE,,valid,Pass,Pre-2019 last appointment,0,0,DaySmart,DaySmart Only,2026-04-14
DS-207048,,DS-207048,Joseph,Archer,lynn39@example.net,(991) 434-8095,2010-04-01,2012-08-11,1,23.6,Keratin Treatment,ARCHIVE,,valid,Pass,Pre-2019 last appointment,0,0,DaySmart,DaySmart Only,2026-04-14
DS-207049,,DS-207049,Michael,Holder,williamklein@example.org,(055) 408-7674,2012-07-05,,0,0.0,,ARCHIVE,,valid,Unsubscribe Rule,Pre-2019 last appointment,0,0,DaySmart,DaySmart Only,2026-04-14
DS-207050,,DS-207050,Tyler,Williams,justinbarrera@example.com,(225) 926-3497,2014-05-18,2010-06-20,1,62.4,Color Treatment,ARCHIVE,,catch-all,Pass,Pre-2019 last appointment,0,0,DaySmart,DaySmart Only,2026-04-14
DS-207054,,DS-207054,Brianna,Osborn,colinwilson@example.com,(885) 883-7636,2016-06-13,2015-11-03,2,322.74,Pedicure,ARCHIVE,,catch-all,Pass,Pre-2019 last appointment,0,0,DaySmart,DaySmart Only,2026-04-14
DS-207056,,DS-207056,Melanie,Conley,sandra46@example.org,(238) 245-2236,2015-12-21,2018-05-16,3,440.52,Haircut,ARCHIVE,,valid,Unsubscribe Rule,Pre-2019 last appointment,0,0,DaySmart,DaySmart Only,2026-04-14
DS-207058,,DS-207058,Brandon,Sparks,langcorey@example.net,(465) 810-1678,2016-12-06,,0,0.0,,ARCHIVE,,valid,Pass,Pre-2019 last appointment,0,0,DaySmart,DaySmart Only,2026-04-14
DS-207064,,DS-207064,Nicholas,Reed,masseyvictor@example.org,(537) 094-4525,2015-05-10,2014-03-24,3,202.67,Manicure,ARCHIVE,,unknown,Unsubscribe Rule,Pre-2019 last appointment,0,0,DaySmart,DaySmart Only,2026-04-14
DS-207076,,DS-207076,Cory,Smith,miguel32@example.net,(625) 108-6612,2013-07-14,2015-05-13,2,321.96,Highlights,ARCHIVE,,valid,Pass,Pre-2019 last appointment,0,0,DaySmart,DaySmart Only,2026-04-14
DS-207078,,DS-207078,Sara,Oliver,perezjulie@example.com,(818) 326-6995,2015-08-06,2018-06-14,4,759.44,Manicure,ARCHIVE,,valid,Unsubscribe Rule,Pre-2019 last appointment,0,0,DaySmart,DaySmart Only,2026-04-14
DS-207081,,DS-207081,Evelyn,Schwartz,murphylori@example.net,(613) 243-8535,2017-05-05,2018-05-14,4,422.6,Massage,ARCHIVE,,valid,Unsubscribe Rule,Pre-2019 last appointment,0,0,DaySmart,DaySmart Only,2026-04-14
DS-207089,,DS-207089,Amber,Fisher,suttonjeff@example.org,(596) 171-5363,2014-11-09,2018-07-13,6,673.95,Massage,ARCHIVE,,valid,Unsubscribe Rule,Pre-2019 last appointment,0,0,DaySmart,DaySmart Only,2026-04-14
DS-207092,,DS-207092,Lisa,Fox,qnewton@example.net,(209) 730-4764,2016-01-06,2014-03-10,4,532.2,Pedicure,ARCHIVE,,valid,Unsubscribe Rule,Pre-2019 last appointment,0,0,DaySmart,DaySmart Only,2026-04-14
DS-207094,,DS-207094,Joseph,Bailey,thompsonzachary@example.org,(345) 491-6425,2015-11-18,2011-12-05,1,24.77,Haircut,ARCHIVE,,valid,Unsubscribe Rule,Pre-2019 last appointment,0,0,DaySmart,DaySmart Only,2026-04-14
DS-207096,,DS-207096,Barbara,Matthews,paulhunter@example.net,(262) 730-1667,2017-10-09,2017-10-22,2,376.07,Color Treatment,ARCHIVE,,valid,Pass,Pre-2019 last appointment,0,0,DaySmart,DaySmart Only,2026-04-14
DS-207097,,DS-207097,Mario,Johnson,marc84@example.org,(584) 047-3731,2014-06-16,,0,0.0,,ARCHIVE,,valid,Pass,Pre-2019 last appointment,0,0,DaySmart,DaySmart Only,2026-04-14
DS-207099,,DS-207099,Kathryn,Moore,ashley89@example.net,(539) 923-3771,2017-06-29,,0,0.0,,ARCHIVE,,valid,Pass,Pre-2019 last appointment,0,0,DaySmart,DaySmart Only,2026-04-14
DS-207102,,DS-207102,Stacy,Serrano,swright@example.org,(100) 257-8174,2013-10-09,2017-10-22,4,690.03,Consultation,ARCHIVE,,catch-all,Unsubscribe Rule,Pre-2019 last appointment,0,0,DaySmart,DaySmart Only,2026-04-14
DS-207106,,DS-207106,Shane,Smith,allisonkline@example.net,(563) 663-0078,2012-09-14,2016-02-19,5,501.85,Manicure,ARCHIVE,,valid,Pass,Pre-2019 last appointment,0,0,DaySmart,DaySmart Only,2026-04-14
DS-207107,,DS-207107,Miss,Autumn Martin,hernandeztony@example.com,(074) 328-1308,2011-03-14,2016-02-17,2,545.49,Massage,ARCHIVE,,unknown,Unsubscribe Rule,Pre-2019 last appointment,0,0,DaySmart,DaySmart Only,2026-04-14
DS-207115,,DS-207115,Anna,Frazier,michael21@example.net,(147) 997-2337,2015-06-08,2015-09-14,4,764.81,Manicure,ARCHIVE,,valid,Pass,Pre-2019 last appointment,0,0,DaySmart,DaySmart Only,2026-04-14
DS-207116,,DS-207116,Savannah,Fernandez,reedwilliam@example.net,(886) 831-9833,2012-03-31,2017-10-17,2,147.95,Color Treatment,ARCHIVE,,valid,Unsubscribe Rule,Pre-2019 last appointment,0,0,DaySmart,DaySmart Only,2026-04-14
DS-207118,,DS-207118,Kayla,Rivas,elliottandrea@example.net,(987) 946-0956,2010-08-18,2018-03-06,5,768.1,Haircut,ARCHIVE,,valid,Pass,Pre-2019 last appointment,0,0,DaySmart,DaySmart Only,2026-04-14
DS-207119,,DS-207119,Mark,Harris,maldonadonicholas@example.net,(308) 316-4094,2016-05-13,2018-10-19,2,483.5,Pedicure,ARCHIVE,,catch-all,Unsubscribe Rule,Pre-2019 last appointment,0,0,DaySmart,DaySmart Only,2026-04-14
DS-207127,,DS-207127,Kyle,Nguyen,larry96@example.net,(117) 807-4716,2015-12-19,2016-07-20,4,483.07,Massage,ARCHIVE,,valid,Unsubscribe Rule,Pre-2019 last appointment,0,0,DaySmart,DaySmart Only,2026-04-14
DS-207131,,DS-207131,Carl,Wilson,kenneth57@example.net,(848) 602-5402,2010-04-03,2015-09-26,4,743.17,Consultation,ARCHIVE,,valid,Unsubscribe Rule,Pre-2019 last appointment,0,0,DaySmart,DaySmart Only,2026-04-14
DS-207137,,DS-207137,Tiffany,Anderson,ashley63@example.com,(382) 072-7565,2014-10-31,2015-07-28,2,426.38,Facial,ARCHIVE,,valid,Unsubscribe Rule,Pre-2019 last appointment,0,0,DaySmart,DaySmart Only,2026-04-14
DS-207142,,DS-207142,Thomas,Smith,ginaedwards@example.org,(401) 073-0199,2014-07-16,2013-07-31,3,418.92,Haircut,ARCHIVE,,valid,Pass,Pre-2019 last appointment,0,0,DaySmart,DaySmart Only,2026-04-14
DS-207144,,DS-207144,Ryan,Norris,fbrown@example.org,(612) 281-5055,2010-01-21,2017-08-20,3,381.34,Massage,ARCHIVE,,valid,Pass,Pre-2019 last appointment,0,0,DaySmart,DaySmart Only,2026-04-14
DS-207146,,DS-207146,Jennifer,White,davidmolly@example.net,(595) 146-9803,2015-08-15,2017-04-16,1,56.29,Manicure,ARCHIVE,,valid,Unsubscribe Rule,Pre-2019 last appointment,0,0,DaySmart,DaySmart Only,2026-04-14
DS-207147,,DS-207147,Michael,Brown,douglascampbell@example.net,(778) 815-1911,2014-12-18,2014-05-09,2,291.91,Facial,ARCHIVE,,valid,Pass,Pre-2019 last appointment,0,0,DaySmart,DaySmart Only,2026-04-14
DS-207157,,DS-207157,Ashley,Herrera,caleblara@example.net,(748) 202-0830,2011-01-03,2013-07-21,3,464.09,Facial,ARCHIVE,,valid,Pass,Pre-2019 last appointment,0,0,DaySmart,DaySmart Only,2026-04-14
DS-207158,,DS-207158,Daniel,Doyle,webbstephen@example.com,(308) 983-9917,2016-08-02,2013-04-09,3,327.99,Color Treatment,ARCHIVE,,valid,Pass,Pre-2019 last appointment,0,0,DaySmart,DaySmart Only,2026-04-14
DS-207160,,DS-207160,Elizabeth,Mccall PhD,mary55@example.com,(516) 073-2612,2017-12-02,,0,0.0,,ARCHIVE,,valid,Pass,Pre-2019 last appointment,0,0,DaySmart,DaySmart Only,2026-04-14
DS-207161,,DS-207161,Ruben,Calderon,beckyclayton@example.net,(412) 307-8531,2013-07-05,2015-09-28,1,265.1,Pedicure,ARCHIVE,,valid,Pass,Pre-2019 last appointment,0,0,DaySmart,DaySmart Only,2026-04-14
DS-207162,,DS-207162,Vernon,Sutton,rwarner@example.com,(549) 627-3187,2012-12-27,2017-02-15,4,689.49,Consultation,ARCHIVE,,valid,Pass,Pre-2019 last appointment,0,0,DaySmart,DaySmart Only,2026-04-14
DS-207163,,DS-207163,Tyler,Lee,churchstephen@example.com,(662) 695-1545,2010-12-10,2010-09-10,1,267.68,Consultation,ARCHIVE,,catch-all,Unsubscribe Rule,Pre-2019 last appointment,0,0,DaySmart,DaySmart Only,2026-04-14
DS-207165,,DS-207165,Jesse,Noble,johnny15@example.net,(958) 957-4801,2013-05-19,2018-12-02,6,670.48,Consultation,ARCHIVE,,valid,Pass,Pre-2019 last appointment,0,0,DaySmart,DaySmart Only,2026-04-14
DS-207166,,DS-207166,Jason,Johnson,katiewolf@example.com,(493) 110-4214,2012-12-09,2018-06-05,3,353.5,Facial,ARCHIVE,,valid,Pass,Pre-2019 last appointment,0,0,DaySmart,DaySmart Only,2026-04-14
DS-207169,,DS-207169,Katherine,Garcia,qschneider@example.org,(230) 720-2181,2013-11-26,2013-07-19,1,242.35,Color Treatment,ARCHIVE,,valid,Unsubscribe Rule,Pre-2019 last appointment,0,0,DaySmart,DaySmart Only,2026-04-14
DS-207170,,DS-207170,Lauren,Hunter,justinsandoval@example.com,(318) 212-1427,2013-09-22,2017-05-16,4,548.98,Keratin Treatment,ARCHIVE,,valid,Pass,Pre-2019 last appointment,0,0,DaySmart,DaySmart Only,2026-04-14
DS-207171,,DS-207171,Mr.,Matthew Cain,lesliebarnes@example.net,(196) 679-9802,2014-07-12,2016-09-09,4,422.79,Keratin Treatment,ARCHIVE,,valid,Unsubscribe Rule,Pre-2019 last appointment,0,0,DaySmart,DaySmart Only,2026-04-14
DS-207172,,DS-207172,Nancy,Mejia,ortizkayla@example.com,(026) 457-9488,2011-06-05,2018-05-07,2,359.03,Blowout,ARCHIVE,,do_not_mail,Do Not Mail,Pre-2019 last appointment,0,0,DaySmart,DaySmart Only,2026-04-14
DS-207179,,DS-207179,Deborah,Thomas,mcbridesamantha@example.org,(272) 308-4051,2014-05-14,,0,0.0,,ARCHIVE,,valid,Pass,Pre-2019 last appointment,0,0,DaySmart,DaySmart Only,2026-04-14
DS-207180,,DS-207180,Kara,Bean,feliciaswanson@example.net,(355) 544-6466,2014-05-09,2018-04-04,1,281.53,Consultation,ARCHIVE,,valid,Unsubscribe Rule,Pre-2019 last appointment,0,0,DaySmart,DaySmart Only,2026-04-14
DS-207181,,DS-207181,Alfred,Bender PhD,mariah20@example.com,(772) 847-7736,2015-07-10,,0,0.0,,ARCHIVE,,valid,Pass,Pre-2019 last appointment,0,0,DaySmart,DaySmart Only,2026-04-14
DS-207184,,DS-207184,Erin,Castro,carlsonrodney@example.org,(651) 080-3682,2018-03-25,2017-12-20,3,307.76,Color Treatment,ARCHIVE,,valid,Unsubscribe Rule,Pre-2019 last appointment,0,0,DaySmart,DaySmart Only,2026-04-14
DS-207185,,DS-207185,James,Francis,xrobbins@example.net,(916) 950-0039,2011-10-25,,0,0.0,,ARCHIVE,,valid,Unsubscribe Rule,Pre-2019 last appointment,0,0,DaySmart,DaySmart Only,2026-04-14
DS-207186,,DS-207186,Tim,Turner,brandi29@example.com,(722) 940-5748,2014-01-04,2017-12-14,1,269.02,Color Treatment,ARCHIVE,,valid,Unsubscribe Rule,Pre-2019 last appointment,0,0,DaySmart,DaySmart Only,2026-04-14
DS-207191,,DS-207191,Jeffery,Suarez,jenningsashley@example.com,(801) 834-7667,2015-10-04,,0,0.0,,ARCHIVE,,valid,Pass,Pre-2019 last appointment,0,0,DaySmart,DaySmart Only,2026-04-14
DS-207192,,DS-207192,Barbara,Marshall,robertlee@example.net,(254) 945-0352,2018-03-21,2017-12-01,4,575.66,Consultation,ARCHIVE,,valid,Pass,Pre-2019 last appointment,0,0,DaySmart,DaySmart Only,2026-04-14
DS-207193,,DS-207193,Mr.,Christopher Ryan DDS,michellepatrick@example.net,(481) 685-4308,2018-10-03,2018-02-04,5,832.59,Facial,ARCHIVE,,valid,Pass,Pre-2019 last appointment,0,0,DaySmart,DaySmart Only,2026-04-14
DS-207196,,DS-207196,John,Nguyen,wheelerdebra@example.com,(600) 330-8972,2017-01-19,2016-08-31,2,294.25,Color Treatment,ARCHIVE,,valid,Pass,Pre-2019 last appointment,0,0,DaySmart,DaySmart Only,2026-04-14
DS-207202,,DS-207202,Joel,Brennan,judylarson@example.com,(520) 291-0018,2010-06-14,2015-07-12,2,488.33,Highlights,ARCHIVE,,valid,Pass,Pre-2019 last appointment,0,0,DaySmart,DaySmart Only,2026-04-14
DS-207206,,DS-207206,Casey,House,christophersingh@example.org,(139) 408-9126,2010-06-13,2017-12-31,4,560.07,Consultation,ARCHIVE,,valid,Unsubscribe Rule,Pre-2019 last appointment,0,0,DaySmart,DaySmart Only,2026-04-14
DS-207212,,DS-207212,Tommy,Watkins,fordtracy@example.org,(546) 754-6425,2016-12-16,2017-01-05,1,220.58,Manicure,ARCHIVE,,valid,Pass,Pre-2019 last appointment,0,0,DaySmart,DaySmart Only,2026-04-14
DS-207216,,DS-207216,Patrick,Ballard,thompsonjenny@example.net,(398) 473-2615,2013-10-20,,0,0.0,,ARCHIVE,,valid,Pass,Pre-2019 last appointment,0,0,DaySmart,DaySmart Only,2026-04-14
DS-207217,,DS-207217,Amanda,Maldonado,jbrewer@example.com,(466) 155-7158,2010-11-18,2018-04-26,2,354.05,Consultation,ARCHIVE,,valid,Unsubscribe Rule,Pre-2019 last appointment,0,0,DaySmart,DaySmart Only,2026-04-14
DS-207220,,DS-207220,Jamie,Hancock,syoung@example.org,(599) 016-6423,2015-11-26,2017-02-25,1,209.75,Keratin Treatment,ARCHIVE,,valid,Unsubscribe Rule,Pre-2019 last appointment,0,0,DaySmart,DaySmart Only,2026-04-14
DS-207224,,DS-207224,Kayla,Martin,bvasquez@example.org,(356) 416-6571,2012-11-22,2017-06-19,3,321.52,Facial,ARCHIVE,,valid,Pass,Pre-2019 last appointment,0,0,DaySmart,DaySmart Only,2026-04-14
DS-207227,,DS-207227,Joseph,Parker,perrydiane@example.net,(972) 819-6295,2015-03-15,2015-11-13,4,445.39,Pedicure,ARCHIVE,,valid,Pass,Pre-2019 last appointment,0,0,DaySmart,DaySmart Only,2026-04-14
DS-207228,,DS-207228,Benjamin,Rhodes,martin30@example.com,(243) 388-1508,2010-06-03,,0,0.0,,ARCHIVE,,catch-all,Unsubscribe Rule,Pre-2019 last appointment,0,0,DaySmart,DaySmart Only,2026-04-14
DS-207237,,DS-207237,Tiffany,Brown,vgaines@example.net,(923) 427-3481,2017-09-15,2012-09-24,3,418.27,Manicure,ARCHIVE,,valid,Pass,Pre-2019 last appointment,0,0,DaySmart,DaySmart Only,2026-04-14
DS-207245,,DS-207245,David,Dorsey,glovershawn@example.org,(007) 152-7115,2013-06-05,2018-10-25,2,341.45,Facial,ARCHIVE,,catch-all,Unsubscribe Rule,Pre-2019 last appointment,0,0,DaySmart,DaySmart Only,2026-04-14
DS-207248,,DS-207248,Ronald,Byrd,melissa87@example.com,(152) 093-2171,2013-10-28,2015-06-09,3,524.35,Color Treatment,ARCHIVE,,valid,Pass,Pre-2019 last appointment,0,0,DaySmart,DaySmart Only,2026-04-14
DS-207250,,DS-207250,John,Wilson,teresa15@example.org,(909) 576-2321,2012-04-28,2018-10-09,4,883.81,Pedicure,ARCHIVE,,valid,Pass,Pre-2019 last appointment,0,0,DaySmart,DaySmart Only,2026-04-14
DS-207252,,DS-207252,Andrea,Robertson,moralesshannon@example.net,(099) 081-3477,2017-04-15,2014-05-20,1,71.59,Massage,ARCHIVE,,valid,Unsubscribe Rule,Pre-2019 last appointment,0,0,DaySmart,DaySmart Only,2026-04-14
DS-207253,,DS-207253,Isaac,Shaffer,lgarner@example.net,(380) 091-5051,2017-05-18,2011-08-25,1,64.97,Highlights,ARCHIVE,,valid,Pass,Pre-2019 last appointment,0,0,DaySmart,DaySmart Only,2026-04-14
DS-207254,,DS-207254,Casey,Wright,johnsonanthony@example.com,(084) 844-9308,2014-01-03,2018-11-30,6,972.8,Blowout,ARCHIVE,,catch-all,Unsubscribe Rule,Pre-2019 last appointment,0,0,DaySmart,DaySmart Only,2026-04-14
DS-207263,,DS-207263,Christopher,Dickson,sara05@example.org,(194) 769-8332,2015-05-09,2016-09-05,3,458.46,Massage,ARCHIVE,,valid,Unsubscribe Rule,Pre-2019 last appointment,0,0,DaySmart,DaySmart Only,2026-04-14
DS-207265,,DS-207265,Robert,Castro,baileycassandra@example.net,(191) 915-5353,2017-08-01,2011-01-05,1,245.71,Haircut,ARCHIVE,,valid,Unsubscribe Rule,Pre-2019 last appointment,0,0,DaySmart,DaySmart Only,2026-04-14
DS-207269,,DS-207269,Joshua,Olsen,meganturner@example.org,(886) 597-9530,2013-08-22,2018-01-08,2,372.57,Color Treatment,ARCHIVE,,valid,Pass,Pre-2019 last appointment,0,0,DaySmart,DaySmart Only,2026-04-14
DS-207272,,DS-207272,Kerry,Roth,jasonpacheco@example.com,(747) 214-7707,2011-05-21,2010-08-24,1,265.64,Facial,ARCHIVE,,valid,Unsubscribe Rule,Pre-2019 last appointment,0,0,DaySmart,DaySmart Only,2026-04-14
DS-207276,,DS-207276,Tiffany,Mccall,vthomas@example.org,(384) 173-5445,2017-12-07,2017-01-05,3,387.22,Highlights,ARCHIVE,,valid,Pass,Pre-2019 last appointment,0,0,DaySmart,DaySmart Only,2026-04-14
DS-207277,,DS-207277,Angela,Ward,berrytiffany@example.com,(678) 275-9860,2010-05-07,,0,0.0,,ARCHIVE,,valid,Unsubscribe Rule,Pre-2019 last appointment,0,0,DaySmart,DaySmart Only,2026-04-14
DS-207291,,DS-207291,Lacey,Cook,randy36@example.org,(890) 258-2572,2014-03-29,2017-12-07,4,682.54,Massage,ARCHIVE,,valid,Unsubscribe Rule,Pre-2019 last appointment,0,0,DaySmart,DaySmart Only,2026-04-14
DS-207292,,DS-207292,Christina,Gregory,lkrause@example.net,(808) 504-2358,2017-09-17,,0,0.0,,ARCHIVE,,do_not_mail,Unsubscribe Rule,Pre-2019 last appointment,0,0,DaySmart,DaySmart Only,2026-04-14
DS-207295,,DS-207295,Derrick,Bailey,nancyjensen@example.org,(872) 090-3740,2015-03-31,2012-10-22,4,749.09,Color Treatment,ARCHIVE,,valid,Pass,Pre-2019 last appointment,0,0,DaySmart,DaySmart Only,2026-04-14
DS-207297,,DS-207297,Joe,Newman,vcampbell@example.com,(664) 355-0097,2015-05-23,2013-12-05,4,830.92,Color Treatment,ARCHIVE,,valid,Pass,Pre-2019 last appointment,0,0,DaySmart,DaySmart Only,2026-04-14
DS-207303,,DS-207303,Michael,Escobar,nancyburgess@example.org,(712) 116-1073,2011-06-26,2014-10-12,1,52.05,Manicure,ARCHIVE,,valid,Unsubscribe Rule,Pre-2019 last appointment,0,0,DaySmart,DaySmart Only,2026-04-14
DS-207309,,DS-207309,Patty,Parker,ygibson@example.com,(742) 450-6971,2011-04-06,2018-08-19,3,574.39,Manicure,ARCHIVE,,valid,Unsubscribe Rule,Pre-2019 last appointment,0,0,DaySmart,DaySmart Only,2026-04-14
DS-207310,,DS-207310,Tyrone,Wilson,fmartinez@example.org,(548) 312-2977,2013-07-13,2018-12-10,4,836.31,Haircut,ARCHIVE,,valid,Pass,Pre-2019 last appointment,0,0,DaySmart,DaySmart Only,2026-04-14
DS-207318,,DS-207318,Adam,West,markroman@example.net,(751) 636-7083,2016-04-04,2017-07-09,3,417.23,Manicure,ARCHIVE,,valid,Pass,Pre-2019 last appointment,0,0,DaySmart,DaySmart Only,2026-04-14
DS-207319,,DS-207319,Monica,Rowland,ashley94@example.net,(717) 710-4205,2012-05-25,2015-09-17,2,274.67,Pedicure,ARCHIVE,,valid,Pass,Pre-2019 last appointment,0,0,DaySmart,DaySmart Only,2026-04-14
DS-207324,,DS-207324,Lauren,Liu,johnflores@example.org,(401) 305-0467,2018-08-08,2015-07-20,4,826.37,Color Treatment,ARCHIVE,,valid,Unsubscribe Rule,Pre-2019 last appointment,0,0,DaySmart,DaySmart Only,2026-04-14
DS-207326,,DS-207326,Philip,Johnson,chelseamorales@example.net,(759) 243-1142,2012-04-06,2018-08-19,4,542.3,Haircut,ARCHIVE,,valid,Unsubscribe Rule,Pre-2019 last appointment,0,0,DaySmart,DaySmart Only,2026-04-14
DS-207327,,DS-207327,Troy,Mcdonald,robertbenson@example.net,(616) 102-9378,2017-06-12,,0,0.0,,ARCHIVE,,valid,Pass,Pre-2019 last appointment,0,0,DaySmart,DaySmart Only,2026-04-14
DS-207328,,DS-207328,Alexander,Thornton,mariahtaylor@example.com,(397) 462-4999,2017-12-13,2016-06-20,1,127.26,Manicure,ARCHIVE,,valid,Unsubscribe Rule,Pre-2019 last appointment,0,0,DaySmart,DaySmart Only,2026-04-14
DS-207329,,DS-207329,Timothy,Rodriguez,umcdonald@example.net,(578) 148-9363,2010-01-08,2018-10-27,4,305.43,Facial,ARCHIVE,,valid,Pass,Pre-2019 last appointment,0,0,DaySmart,DaySmart Only,2026-04-14
DS-207331,,DS-207331,Brianna,Morton,npatel@example.org,(153) 303-5693,2011-04-06,2018-05-16,6,991.87,Massage,ARCHIVE,,valid,Pass,Pre-2019 last appointment,0,0,DaySmart,DaySmart Only,2026-04-14
DS-207333,,DS-207333,Courtney,Oliver,charlesoliver@example.org,(525) 720-3375,2011-07-26,2017-07-27,3,368.03,Keratin Treatment,ARCHIVE,,valid,Pass,Pre-2019 last appointment,0,0,DaySmart,DaySmart Only,2026-04-14
DS-207334,,DS-207334,Steven,Barker,josephthomas@example.net,(015) 044-7966,2011-10-13,2013-06-03,2,257.37,Facial,ARCHIVE,,valid,Pass,Pre-2019 last appointment,0,0,DaySmart,DaySmart Only,2026-04-14
DS-207336,,DS-207336,Tiffany,Hughes,calebperez@example.net,(610) 753-6353,2013-04-08,2016-12-30,4,342.71,Haircut,ARCHIVE,,valid,Unsubscribe Rule,Pre-2019 last appointment,0,0,DaySmart,DaySmart Only,2026-04-14
DS-207341,,DS-207341,James,Wood,bcline@example.org,(654) 182-9742,2017-09-07,2018-03-13,3,718.24,Highlights,ARCHIVE,,valid,Pass,Pre-2019 last appointment,0,0,DaySmart,DaySmart Only,2026-04-14
DS-207346,,DS-207346,Karen,Johnson,kingkevin@example.com,(579) 938-0707,2010-12-22,,0,0.0,,ARCHIVE,,catch-all,Unsubscribe Rule,Pre-2019 last appointment,0,0,DaySmart,DaySmart Only,2026-04-14
DS-207347,,DS-207347,David,Gross,gnoble@example.net,(714) 254-8727,2011-01-24,2015-10-05,1,182.67,Color Treatment,ARCHIVE,,valid,Unsubscribe Rule,Pre-2019 last appointment,0,0,DaySmart,DaySmart Only,2026-04-14
DS-207349,,DS-207349,Samuel,Lee,sroach@example.org,(561) 368-4771,2016-12-09,2018-09-15,3,394.07,Highlights,ARCHIVE,,valid,Pass,Pre-2019 last appointment,0,0,DaySmart,DaySmart Only,2026-04-14
DS-207351,,DS-207351,April,Hines,robert31@example.net,(271) 833-9570,2012-03-07,2015-03-22,2,169.69,Pedicure,ARCHIVE,,catch-all,Unsubscribe Rule,Pre-2019 last appointment,0,0,DaySmart,DaySmart Only,2026-04-14
DS-207356,,DS-207356,Bianca,Pena,jerry50@example.org,(014) 301-3970,2018-07-10,,0,0.0,,ARCHIVE,,valid,Pass,Pre-2019 last appointment,0,0,DaySmart,DaySmart Only,2026-04-14
DS-207361,,DS-207361,John,Bradley,pamela84@example.org,(599) 686-3940,2012-12-26,2017-03-12,1,207.2,Haircut,ARCHIVE,,valid,Unsubscribe Rule,Pre-2019 last appointment,0,0,DaySmart,DaySmart Only,2026-04-14
DS-207362,,DS-207362,Fernando,Erickson,fjenkins@example.com,(508) 314-8724,2017-08-18,2017-04-30,4,617.27,Pedicure,ARCHIVE,,valid,Pass,Pre-2019 last appointment,0,0,DaySmart,DaySmart Only,2026-04-14
DS-207363,,DS-207363,John,Howard,latoyaramirez@example.net,(981) 033-9633,2012-10-13,2011-04-30,1,201.17,Highlights,ARCHIVE,,valid,Pass,Pre-2019 last appointment,0,0,DaySmart,DaySmart Only,2026-04-14
DS-207366,,DS-207366,Joseph,Cummings,wilsonjason@example.com,(997) 248-2194,2011-09-08,,0,0.0,,ARCHIVE,,valid,Pass,Pre-2019 last appointment,0,0,DaySmart,DaySmart Only,2026-04-14
DS-207369,,DS-207369,Teresa,Smith,xfowler@example.org,(642) 394-5940,2011-02-21,2013-08-01,1,113.88,Haircut,ARCHIVE,,valid,Pass,Pre-2019 last appointment,0,0,DaySmart,DaySmart Only,2026-04-14
DS-207372,,DS-207372,James,Gallegos,andrewcompton@example.com,(563) 854-6922,2010-01-08,2011-04-24,1,221.22,Facial,ARCHIVE,,valid,Pass,Pre-2019 last appointment,0,0,DaySmart,DaySmart Only,2026-04-14
DS-207386,,DS-207386,Alexandria,Fox,evanstheodore@example.org,(915) 388-2238,2018-12-22,2017-04-25,5,795.81,Facial,ARCHIVE,,valid,Pass,Pre-2019 last appointment,0,0,DaySmart,DaySmart Only,2026-04-14
DS-207389,,DS-207389,Sarah,Stone,robintorres@example.net,(044) 808-5118,2015-05-25,2013-07-25,1,22.48,Blowout,ARCHIVE,,valid,Pass,Pre-2019 last appointment,0,0,DaySmart,DaySmart Only,2026-04-14
DS-207391,,DS-207391,Robin,Hopkins,zkennedy@example.com,(010) 683-6503,2015-05-19,2016-04-17,3,611.08,Keratin Treatment,ARCHIVE,,valid,Pass,Pre-2019 last appointment,0,0,DaySmart,DaySmart Only,2026-04-14
DS-207392,,DS-207392,Nathan,Jennings,jeffrey27@example.org,(104) 804-5866,2012-06-09,2018-01-28,3,178.88,Manicure,ARCHIVE,,valid,Pass,Pre-2019 last appointment,0,0,DaySmart,DaySmart Only,2026-04-14
DS-207394,,DS-207394,Christopher,Gill,whitemartin@example.org,(472) 519-2131,2018-01-03,2016-03-07,4,633.04,Highlights,ARCHIVE,,catch-all,Pass,Pre-2019 last appointment,0,0,DaySmart,DaySmart Only,2026-04-14
DS-207397,,DS-207397,Paul,Jennings,kimberly70@example.org,(400) 393-6565,2014-01-27,2018-09-03,4,756.12,Color Treatment,ARCHIVE,,valid,Unsubscribe Rule,Pre-2019 last appointment,0,0,DaySmart,DaySmart Only,2026-04-14
DS-207398,,DS-207398,Aaron,Shepherd,xdavis@example.com,(775) 380-1571,2016-06-03,2011-07-20,1,167.01,Keratin Treatment,ARCHIVE,,valid,Unsubscribe Rule,Pre-2019 last appointment,0,0,DaySmart,DaySmart Only,2026-04-14
DS-207412,,DS-207412,Daniel,Murphy,jgonzalez@example.com,(833) 071-4945,2015-07-04,2018-05-14,4,707.96,Blowout,ARCHIVE,,valid,Unsubscribe Rule,Pre-2019 last appointment,0,0,DaySmart,DaySmart Only,2026-04-14
DS-207415,,DS-207415,Brian,Dominguez,emily64@example.org,(736) 655-9429,2013-03-11,2015-05-31,4,691.25,Highlights,ARCHIVE,,valid,Pass,Pre-2019 last appointment,0,0,DaySmart,DaySmart Only,2026-04-14
DS-207416,,DS-207416,Ashley,Padilla,yhill@example.net,(626) 701-4202,2013-05-24,2018-03-15,3,394.1,Color Treatment,ARCHIVE,,valid,Pass,Pre-2019 last appointment,0,0,DaySmart,DaySmart Only,2026-04-14
DS-207422,,DS-207422,Andre,Ritter,vazquezcatherine@example.com,(976) 626-2793,2011-03-11,2016-06-17,2,305.89,Blowout,ARCHIVE,,valid,Unsubscribe Rule,Pre-2019 last appointment,0,0,DaySmart,DaySmart Only,2026-04-14
DS-207423,,DS-207423,Kyle,Wright,zcole@example.com,(031) 086-1094,2010-04-12,2018-09-13,4,949.86,Haircut,ARCHIVE,,unknown,Unsubscribe Rule,Pre-2019 last appointment,0,0,DaySmart,DaySmart Only,2026-04-14
DS-207426,,DS-207426,Eric,Young,nathan00@example.org,(956) 891-3808,2010-02-26,2013-03-27,3,453.17,Pedicure,ARCHIVE,,valid,Pass,Pre-2019 last appointment,0,0,DaySmart,DaySmart Only,2026-04-14
DS-207432,,DS-207432,Jenna,Hill,courtneyshaffer@example.com,(841) 630-0566,2017-09-18,2015-12-31,4,737.97,Consultation,ARCHIVE,,valid,Unsubscribe Rule,Pre-2019 last appointment,0,0,DaySmart,DaySmart Only,2026-04-14
DS-207443,,DS-207443,Tonya,Gonzales,williamscynthia@example.net,(353) 472-5427,2017-10-03,2018-04-10,3,493.08,Massage,ARCHIVE,,catch-all,Unsubscribe Rule,Pre-2019 last appointment,0,0,DaySmart,DaySmart Only,2026-04-14
DS-207444,,DS-207444,Matthew,Lang,cellis@example.net,(437) 239-3728,2018-12-06,2018-10-07,3,441.08,Consultation,ARCHIVE,,valid,Pass,Pre-2019 last appointment,0,0,DaySmart,DaySmart Only,2026-04-14
DS-207446,,DS-207446,Mrs.,Stephanie Gonzalez,randyaguilar@example.com,(806) 240-0397,2015-11-10,2016-08-08,2,278.22,Highlights,ARCHIVE,,valid,Pass,Pre-2019 last appointment,0,0,DaySmart,DaySmart Only,2026-04-14
DS-207448,,DS-207448,Joshua,Perez,bradley58@example.com,(903) 504-5065,2013-03-14,2016-10-02,3,393.16,Facial,ARCHIVE,,valid,Unsubscribe Rule,Pre-2019 last appointment,0,0,DaySmart,DaySmart Only,2026-04-14
DS-207451,,DS-207451,Brian,Love,albertleonard@example.com,(459) 308-5034,2013-11-06,2017-09-11,4,614.21,Manicure,ARCHIVE,,valid,Unsubscribe Rule,Pre-2019 last appointment,0,0,DaySmart,DaySmart Only,2026-04-14
DS-207459,,DS-207459,John,Jones,tonya28@example.net,(674) 810-3634,2016-01-29,2018-11-03,1,209.45,Blowout,ARCHIVE,,valid,Pass,Pre-2019 last appointment,0,0,DaySmart,DaySmart Only,2026-04-14
DS-207461,,DS-207461,Deborah,Hernandez,stephenbanks@example.com,(831) 328-9403,2010-03-12,2015-07-31,2,449.62,Massage,ARCHIVE,,catch-all,Unsubscribe Rule,Pre-2019 last appointment,0,0,DaySmart,DaySmart Only,2026-04-14
DS-207463,,DS-207463,Renee,Torres,donaldmack@example.com,(501) 381-6421,2011-05-27,2012-07-28,3,591.54,Massage,ARCHIVE,,valid,Pass,Pre-2019 last appointment,0,0,DaySmart,DaySmart Only,2026-04-14
DS-207465,,DS-207465,Lorraine,Cabrera,joshuacochran@example.net,(816) 482-3426,2012-11-19,2013-06-23,1,267.95,Pedicure,ARCHIVE,,valid,Pass,Pre-2019 last appointment,0,0,DaySmart,DaySmart Only,2026-04-14
DS-207468,,DS-207468,Taylor,Brown,jonathan94@example.com,(875) 350-6896,2014-06-30,2016-05-29,1,72.76,Manicure,ARCHIVE,,catch-all,Pass,Pre-2019 last appointment,0,0,DaySmart,DaySmart Only,2026-04-14
DS-207469,,DS-207469,Thomas,Miles,richard45@example.net,(539) 862-1433,2018-04-11,2012-12-27,2,273.53,Consultation,ARCHIVE,,valid,Unsubscribe Rule,Pre-2019 last appointment,0,0,DaySmart,DaySmart Only,2026-04-14
DS-207471,,DS-207471,Grace,Moore,edward81@example.org,(453) 372-6229,2014-08-21,2017-06-19,3,434.86,Facial,ARCHIVE,,valid,Unsubscribe Rule,Pre-2019 last appointment,0,0,DaySmart,DaySmart Only,2026-04-14
DS-207472,,DS-207472,Melissa,Mullins,mistyperez@example.net,(172) 319-3945,2017-12-17,2018-01-27,3,429.93,Haircut,ARCHIVE,,valid,Pass,Pre-2019 last appointment,0,0,DaySmart,DaySmart Only,2026-04-14
DS-207477,,DS-207477,Lori,Estes,hoodbenjamin@example.com,(994) 808-7079,2012-01-29,,0,0.0,,ARCHIVE,,valid,Unsubscribe Rule,Pre-2019 last appointment,0,0,DaySmart,DaySmart Only,2026-04-14
DS-207480,,DS-207480,Timothy,Osborn,bfranklin@example.com,(146) 740-6008,2014-08-28,2011-04-22,1,103.04,Keratin Treatment,ARCHIVE,,valid,Unsubscribe Rule,Pre-2019 last appointment,0,0,DaySmart,DaySmart Only,2026-04-14
DS-207482,,DS-207482,Tammy,Reeves,brownadriana@example.net,(155) 738-5551,2013-07-21,2017-04-25,7,1127.59,Haircut,ARCHIVE,,valid,Unsubscribe Rule,Pre-2019 last appointment,0,0,DaySmart,DaySmart Only,2026-04-14
DS-207483,,DS-207483,Christopher,Dixon,davidowens@example.org,(789) 767-7964,2015-01-02,2014-10-22,2,282.86,Consultation,ARCHIVE,,valid,Pass,Pre-2019 last appointment,0,0,DaySmart,DaySmart Only,2026-04-14
DS-207484,,DS-207484,Joel,Harmon,hoffmanbenjamin@example.org,(331) 762-0047,2010-02-18,2016-01-30,1,194.72,Facial,ARCHIVE,,catch-all,Unsubscribe Rule,Pre-2019 last appointment,0,0,DaySmart,DaySmart Only,2026-04-14
DS-207486,,DS-207486,Michael,Sloan,harrisonkathryn@example.com,(461) 391-6595,2015-05-25,,0,0.0,,ARCHIVE,,valid,Unsubscribe Rule,Pre-2019 last appointment,0,0,DaySmart,DaySmart Only,2026-04-14
DS-207487,,DS-207487,David,Cooper,cjenkins@example.net,(735) 069-9313,2015-08-27,2018-02-22,2,113.26,Keratin Treatment,ARCHIVE,,valid,Pass,Pre-2019 last appointment,0,0,DaySmart,DaySmart Only,2026-04-14
DS-207491,,DS-207491,Lindsey,Mitchell,wwashington@example.com,(086) 261-4044,2014-11-11,,0,0.0,,ARCHIVE,,catch-all,Pass,Pre-2019 last appointment,0,0,DaySmart,DaySmart Only,2026-04-14
DS-207492,,DS-207492,Andrea,Small,brandon08@example.net,(233) 197-1051,2014-07-17,2017-09-25,2,247.45,Highlights,ARCHIVE,,valid,Pass,Pre-2019 last appointment,0,0,DaySmart,DaySmart Only,2026-04-14
DS-207498,,DS-207498,Joseph,Mann,lcox@example.com,(912) 394-3017,2016-11-23,2014-06-18,1,42.25,Massage,ARCHIVE,,catch-all,Pass,Pre-2019 last appointment,0,0,DaySmart,DaySmart Only,2026-04-14
DS-207502,,DS-207502,Edward,Owens,shirleymata@example.net,(600) 122-2812,2014-12-12,2016-01-22,2,262.74,Consultation,ARCHIVE,,valid,Pass,Pre-2019 last appointment,0,0,DaySmart,DaySmart Only,2026-04-14
DS-207504,,DS-207504,Brian,Palmer,alyssa32@example.com,(129) 586-6140,2016-08-26,2018-09-03,2,329.8,Blowout,ARCHIVE,,valid,Pass,Pre-2019 last appointment,0,0,DaySmart,DaySmart Only,2026-04-14
DS-207505,,DS-207505,Evan,Rose,duanemitchell@example.net,(980) 885-1472,2016-09-30,,0,0.0,,ARCHIVE,,valid,Unsubscribe Rule,Pre-2019 last appointment,0,0,DaySmart,DaySmart Only,2026-04-14
DS-207511,,DS-207511,Howard,Cannon,carneymichael@example.com,(530) 767-9987,2017-11-21,2016-11-03,3,469.05,Keratin Treatment,ARCHIVE,,catch-all,Unsubscribe Rule,Pre-2019 last appointment,0,0,DaySmart,DaySmart Only,2026-04-14
DS-207513,,DS-207513,Shannon,Cabrera,wtownsend@example.org,(241) 851-9288,2014-12-23,2014-10-08,3,441.68,Massage,ARCHIVE,,valid,Pass,Pre-2019 last appointment,0,0,DaySmart,DaySmart Only,2026-04-14
DS-207515,,DS-207515,Dennis,Guerra,davidholt@example.com,(296) 555-6874,2011-01-12,2018-04-13,4,670.18,Haircut,ARCHIVE,,valid,Unsubscribe Rule,Pre-2019 last appointment,0,0,DaySmart,DaySmart Only,2026-04-14
DS-207520,,DS-207520,Michael,Jones,donna56@example.net,(276) 400-6340,2016-05-30,,0,0.0,,ARCHIVE,,catch-all,Pass,Pre-2019 last appointment,0,0,DaySmart,DaySmart Only,2026-04-14
DS-207521,,DS-207521,Benjamin,Johnson,jacob50@example.com,(960) 936-7303,2012-02-07,2013-06-15,1,278.31,Blowout,ARCHIVE,,valid,Pass,Pre-2019 last appointment,0,0,DaySmart,DaySmart Only,2026-04-14
DS-207522,,DS-207522,Christopher,Robles,kristine92@example.net,(383) 580-6049,2011-10-28,2017-05-07,3,204.1,Highlights,ARCHIVE,,valid,Pass,Pre-2019 last appointment,0,0,DaySmart,DaySmart Only,2026-04-14
DS-207529,,DS-207529,George,Ramos,gentrychristina@example.org,(605) 619-4579,2012-08-25,2017-11-30,3,496.43,Facial,ARCHIVE,,catch-all,Unsubscribe Rule,Pre-2019 last appointment,0,0,DaySmart,DaySmart Only,2026-04-14
DS-207530,,DS-207530,Isabel,Lamb,williamsonjeffrey@example.com,(853) 816-1277,2012-03-15,2018-01-14,1,177.21,Massage,ARCHIVE,,valid,Unsubscribe Rule,Pre-2019 last appointment,0,0,DaySmart,DaySmart Only,2026-04-14
DS-207536,,DS-207536,Linda,Smith,payneevan@example.net,(683) 232-6008,2010-01-13,2016-03-16,2,363.02,Consultation,ARCHIVE,,valid,Unsubscribe Rule,Pre-2019 last appointment,0,0,DaySmart,DaySmart Only,2026-04-14
DS-207538,,DS-207538,Charles,Smith,kathleen18@example.net,(666) 214-4491,2013-09-29,2016-08-05,4,422.58,Keratin Treatment,ARCHIVE,,valid,Pass,Pre-2019 last appointment,0,0,DaySmart,DaySmart Only,2026-04-14
DS-207539,,DS-207539,Christopher,Mullins,tonya62@example.com,(996) 397-5762,2013-07-04,2017-10-24,3,502.37,Color Treatment,ARCHIVE,,valid,Unsubscribe Rule,Pre-2019 last appointment,0,0,DaySmart,DaySmart Only,2026-04-14
DS-207543,,DS-207543,Andrew,Jackson,kevin54@example.org,(530) 630-0856,2013-09-10,2014-04-04,3,383.0,Facial,ARCHIVE,,valid,Pass,Pre-2019 last appointment,0,0,DaySmart,DaySmart Only,2026-04-14
DS-207546,,DS-207546,Judy,Blackwell,nicole44@example.org,(618) 585-9530,2018-01-02,,0,0.0,,ARCHIVE,,valid,Pass,Pre-2019 last appointment,0,0,DaySmart,DaySmart Only,2026-04-14
DS-207548,,DS-207548,David,Mckinney,zsuarez@example.com,(596) 065-0484,2014-02-27,2015-10-02,1,288.28,Manicure,ARCHIVE,,valid,Unsubscribe Rule,Pre-2019 last appointment,0,0,DaySmart,DaySmart Only,2026-04-14
DS-207550,,DS-207550,Cynthia,Foster,garciamichael@example.org,(629) 565-4526,2012-08-01,2015-06-02,4,809.93,Facial,ARCHIVE,,valid,Unsubscribe Rule,Pre-2019 last appointment,0,0,DaySmart,DaySmart Only,2026-04-14
DS-207555,,DS-207555,Nicholas,Bartlett,owilliamson@example.com,(195) 856-5710,2014-06-21,2017-07-09,1,255.22,Pedicure,ARCHIVE,,valid,Pass,Pre-2019 last appointment,0,0,DaySmart,DaySmart Only,2026-04-14
DS-207565,,DS-207565,Nancy,Davis,muellerjeffrey@example.net,(904) 726-8357,2014-02-01,2018-06-29,2,331.66,Highlights,ARCHIVE,,valid,Unsubscribe Rule,Pre-2019 last appointment,0,0,DaySmart,DaySmart Only,2026-04-14
DS-207569,,DS-207569,Sierra,Contreras,andersonchristine@example.com,(820) 238-1755,2011-09-05,,0,0.0,,ARCHIVE,,valid,Unsubscribe Rule,Pre-2019 last appointment,0,0,DaySmart,DaySmart Only,2026-04-14
DS-207570,,DS-207570,Wendy,Nelson,griffinnicholas@example.net,(117) 796-6404,2014-10-12,2013-03-29,2,323.68,Haircut,ARCHIVE,,valid,Unsubscribe Rule,Pre-2019 last appointment,0,0,DaySmart,DaySmart Only,2026-04-14
DS-207572,,DS-207572,Kenneth,Watson,michelle14@example.com,(792) 614-8808,2018-08-17,2017-11-07,4,330.55,Blowout,ARCHIVE,,valid,Unsubscribe Rule,Pre-2019 last appointment,0,0,DaySmart,DaySmart Only,2026-04-14
DS-207573,,DS-207573,Richard,Camacho,smithkim@example.org,(612) 125-9819,2013-09-22,2013-12-11,2,389.22,Color Treatment,ARCHIVE,,valid,Pass,Pre-2019 last appointment,0,0,DaySmart,DaySmart Only,2026-04-14
DS-207577,,DS-207577,Mrs.,Beth Lewis MD,marklove@example.org,(463) 310-3123,2011-09-05,2012-11-21,2,270.54,Color Treatment,ARCHIVE,,valid,Unsubscribe Rule,Pre-2019 last appointment,0,0,DaySmart,DaySmart Only,2026-04-14
DS-207581,,DS-207581,Steven,Wright,kthomas@example.net,(867) 048-8266,2013-02-03,2018-03-01,1,247.93,Massage,ARCHIVE,,valid,Pass,Pre-2019 last appointment,0,0,DaySmart,DaySmart Only,2026-04-14
DS-207582,,DS-207582,Nancy,Bennett,michaellopez@example.net,(534) 481-3435,2016-07-24,2014-12-08,1,132.22,Pedicure,ARCHIVE,,valid,Unsubscribe Rule,Pre-2019 last appointment,0,0,DaySmart,DaySmart Only,2026-04-14
DS-207589,,DS-207589,Luke,Pena,hermanmichelle@example.com,(679) 809-1620,2016-11-24,2017-06-10,3,649.26,Highlights,ARCHIVE,,unknown,Unsubscribe Rule,Pre-2019 last appointment,0,0,DaySmart,DaySmart Only,2026-04-14
DS-207591,,DS-207591,Kyle,Smith,gwagner@example.com,(485) 623-4198,2018-08-19,2014-03-02,3,632.59,Highlights,ARCHIVE,,valid,Unsubscribe Rule,Pre-2019 last appointment,0,0,DaySmart,DaySmart Only,2026-04-14
DS-207598,,DS-207598,Samantha,Walker,bryan82@example.org,(214) 096-5845,2011-06-11,2018-04-18,3,583.26,Manicure,ARCHIVE,,catch-all,Unsubscribe Rule,Pre-2019 last appointment,0,0,DaySmart,DaySmart Only,2026-04-14
DS-207599,,DS-207599,Zachary,Cochran,joanweaver@example.com,(370) 247-2794,2010-10-21,2018-08-17,5,942.21,Massage,ARCHIVE,,valid,Unsubscribe Rule,Pre-2019 last appointment,0,0,DaySmart,DaySmart Only,2026-04-14
DS-207602,,DS-207602,Patrick,Berg,ulevine@example.org,(084) 537-6553,2010-11-29,,0,0.0,,ARCHIVE,,valid,Pass,Pre-2019 last appointment,0,0,DaySmart,DaySmart Only,2026-04-14
DS-207605,,DS-207605,Amanda,Hicks,laneyolanda@example.org,(223) 830-6955,2011-07-17,,0,0.0,,ARCHIVE,,valid,Unsubscribe Rule,Pre-2019 last appointment,0,0,DaySmart,DaySmart Only,2026-04-14
DS-207606,,DS-207606,Don,Kennedy,bhughes@example.org,(041) 122-6362,2018-05-08,2016-11-25,1,89.15,Massage,ARCHIVE,,catch-all,Pass,Pre-2019 last appointment,0,0,DaySmart,DaySmart Only,2026-04-14
DS-207609,,DS-207609,Jeremiah,Young,jessica86@example.net,(298) 531-1180,2011-05-03,2013-11-11,1,255.2,Facial,ARCHIVE,,catch-all,Pass,Pre-2019 last appointment,0,0,DaySmart,DaySmart Only,2026-04-14
DS-207610,,DS-207610,Megan,Rodriguez,sara45@example.org,(610) 093-1785,2010-03-22,2010-03-08,1,47.61,Blowout,ARCHIVE,,valid,Unsubscribe Rule,Pre-2019 last appointment,0,0,DaySmart,DaySmart Only,2026-04-14
DS-207614,,DS-207614,Lucas,Sanders,emily44@example.com,(244) 203-5021,2012-07-11,2018-08-09,6,1464.95,Highlights,ARCHIVE,,catch-all,Pass,Pre-2019 last appointment,0,0,DaySmart,DaySmart Only,2026-04-14
DS-207615,,DS-207615,Steven,Robinson,graveskathleen@example.org,(093) 026-4870,2013-04-19,2016-03-16,1,120.7,Facial,ARCHIVE,,catch-all,Unsubscribe Rule,Pre-2019 last appointment,0,0,DaySmart,DaySmart Only,2026-04-14
DS-207616,,DS-207616,Christian,Wilson,tmiller@example.org,(911) 419-2208,2017-12-24,2018-08-07,2,390.05,Highlights,ARCHIVE,,valid,Pass,Pre-2019 last appointment,0,0,DaySmart,DaySmart Only,2026-04-14
DS-207618,,DS-207618,Cynthia,Johnson,jennifergreen@example.org,(478) 388-6873,2011-09-14,2016-11-26,2,269.92,Massage,ARCHIVE,,valid,Pass,Pre-2019 last appointment,0,0,DaySmart,DaySmart Only,2026-04-14
DS-207619,,DS-207619,Teresa,Lewis,cbaker@example.com,(776) 843-9802,2014-06-10,2016-05-07,1,215.44,Blowout,ARCHIVE,,valid,Pass,Pre-2019 last appointment,0,0,DaySmart,DaySmart Only,2026-04-14
DS-207623,,DS-207623,Timothy,Williams,jamiesawyer@example.org,(507) 735-5488,2017-06-16,,0,0.0,,ARCHIVE,,valid,Unsubscribe Rule,Pre-2019 last appointment,0,0,DaySmart,DaySmart Only,2026-04-14
DS-207624,,DS-207624,Sarah,Phelps,andreswright@example.org,(034) 223-9263,2015-03-05,2015-03-02,2,312.97,Manicure,ARCHIVE,,valid,Unsubscribe Rule,Pre-2019 last appointment,0,0,DaySmart,DaySmart Only,2026-04-14
DS-207634,,DS-207634,Rachel,Smith,laurie51@example.com,(360) 104-1840,2011-08-23,,0,0.0,,ARCHIVE,,valid,Unsubscribe Rule,Pre-2019 last appointment,0,0,DaySmart,DaySmart Only,2026-04-14
DS-207639,,DS-207639,Devin,Hicks,rickbrewer@example.org,(080) 890-9711,2010-12-24,2014-04-24,1,124.41,Facial,ARCHIVE,,valid,Unsubscribe Rule,Pre-2019 last appointment,0,0,DaySmart,DaySmart Only,2026-04-14
DS-207640,,DS-207640,Brian,Martin,christopher01@example.net,(201) 183-1661,2015-11-13,2011-05-11,1,232.11,Facial,ARCHIVE,,do_not_mail,Unsubscribe Rule,Pre-2019 last appointment,0,0,DaySmart,DaySmart Only,2026-04-14
DS-207641,,DS-207641,Cole,Woods,michael11@example.com,(951) 228-6111,2012-08-29,2010-05-29,1,131.03,Facial,ARCHIVE,,valid,Pass,Pre-2019 last appointment,0,0,DaySmart,DaySmart Only,2026-04-14
DS-207646,,DS-207646,Tina,Williams,kim57@example.org,(325) 942-5990,2017-04-05,2018-03-29,5,927.9,Massage,ARCHIVE,,valid,Pass,Pre-2019 last appointment,0,0,DaySmart,DaySmart Only,2026-04-14
DS-207648,,DS-207648,Gregory,Scott,janicefernandez@example.com,(933) 720-0539,2013-12-09,2014-09-12,1,195.38,Massage,ARCHIVE,,valid,Unsubscribe Rule,Pre-2019 last appointment,0,0,DaySmart,DaySmart Only,2026-04-14
DS-207653,,DS-207653,Misty,Davis,charlesmartinez@example.org,(474) 826-8476,2015-05-05,2018-07-30,4,507.04,Haircut,ARCHIVE,,valid,Pass,Pre-2019 last appointment,0,0,DaySmart,DaySmart Only,2026-04-14
DS-207656,,DS-207656,Courtney,Perez,bradyjessica@example.org,(921) 723-5414,2010-03-13,2018-08-07,2,170.7,Pedicure,ARCHIVE,,valid,Pass,Pre-2019 last appointment,0,0,DaySmart,DaySmart Only,2026-04-14
DS-207659,,DS-207659,Scott,Holloway,grantlane@example.org,(603) 603-6359,2017-11-04,,0,0.0,,ARCHIVE,,valid,Pass,Pre-2019 last appointment,0,0,DaySmart,DaySmart Only,2026-04-14
DS-207660,,DS-207660,Dominic,Hill,jessicabass@example.net,(636) 196-2086,2011-06-16,,0,0.0,,ARCHIVE,,valid,Unsubscribe Rule,Pre-2019 last appointment,0,0,DaySmart,DaySmart Only,2026-04-14
DS-207665,,DS-207665,Melissa,Edwards,loridavenport@example.com,(648) 173-2436,2017-08-19,2011-01-20,1,25.03,Blowout,ARCHIVE,,valid,Pass,Pre-2019 last appointment,0,0,DaySmart,DaySmart Only,2026-04-14
DS-207675,,DS-207675,Ronald,Moore,morgan14@example.com,(813) 923-3209,2017-09-07,2015-04-25,3,312.33,Highlights,ARCHIVE,,valid,Unsubscribe Rule,Pre-2019 last appointment,0,0,DaySmart,DaySmart Only,2026-04-14
DS-207677,,DS-207677,Vincent,Harris,kevin45@example.net,(563) 416-6422,2012-11-12,,0,0.0,,ARCHIVE,,valid,Pass,Pre-2019 last appointment,0,0,DaySmart,DaySmart Only,2026-04-14
DS-207680,,DS-207680,Troy,Banks,ronald58@example.org,(101) 701-4234,2016-09-22,2015-04-21,3,474.04,Color Treatment,ARCHIVE,,catch-all,Pass,Pre-2019 last appointment,0,0,DaySmart,DaySmart Only,2026-04-14
DS-207682,,DS-207682,Nicole,Dixon,dylan48@example.org,(997) 043-8594,2015-11-25,2018-12-11,2,371.25,Pedicure,ARCHIVE,,valid,Unsubscribe Rule,Pre-2019 last appointment,0,0,DaySmart,DaySmart Only,2026-04-14
DS-207683,,DS-207683,Kaylee,Hill,fisherrachael@example.com,(195) 847-6666,2014-12-04,2015-10-31,2,334.39,Highlights,ARCHIVE,,valid,Unsubscribe Rule,Pre-2019 last appointment,0,0,DaySmart,DaySmart Only,2026-04-14
DS-207685,,DS-207685,Larry,Gallegos,robertallen@example.org,(999) 355-9544,2015-01-28,2017-07-28,5,900.73,Color Treatment,ARCHIVE,,valid,Unsubscribe Rule,Pre-2019 last appointment,0,0,DaySmart,DaySmart Only,2026-04-14
DS-207686,,DS-207686,Shawn,Parker,campbelljason@example.com,(369) 220-0258,2011-05-01,2016-09-09,3,476.41,Pedicure,ARCHIVE,,valid,Pass,Pre-2019 last appointment,0,0,DaySmart,DaySmart Only,2026-04-14
DS-207687,,DS-207687,Julia,Jones,davenportkathleen@example.net,(661) 401-4740,2016-07-24,2012-04-17,1,78.69,Haircut,ARCHIVE,,valid,Unsubscribe Rule,Pre-2019 last appointment,0,0,DaySmart,DaySmart Only,2026-04-14
DS-207688,,DS-207688,Andrew,Adams,bassjoel@example.org,(336) 851-3184,2014-10-19,2017-12-11,2,106.25,Color Treatment,ARCHIVE,,valid,Unsubscribe Rule,Pre-2019 last appointment,0,0,DaySmart,DaySmart Only,2026-04-14
DS-207695,,DS-207695,Joseph,Adkins,kellycoffey@example.com,(349) 094-0954,2014-02-28,2016-12-13,5,569.14,Keratin Treatment,ARCHIVE,,valid,Pass,Pre-2019 last appointment,0,0,DaySmart,DaySmart Only,2026-04-14
DS-207696,,DS-207696,Susan,Cardenas,umatthews@example.com,(748) 937-8112,2011-09-27,2017-08-16,1,260.28,Consultation,ARCHIVE,,valid,Pass,Pre-2019 last appointment,0,0,DaySmart,DaySmart Only,2026-04-14
DS-207697,,DS-207697,Mike,Mays,cristina04@example.com,(285) 358-2097,2016-02-25,2018-06-24,2,69.71,Keratin Treatment,ARCHIVE,,valid,Pass,Pre-2019 last appointment,0,0,DaySmart,DaySmart Only,2026-04-14
DS-207698,,DS-207698,Adam,Miller,karenbailey@example.net,(364) 625-1212,2013-02-22,2013-07-28,2,166.95,Manicure,ARCHIVE,,valid,Pass,Pre-2019 last appointment,0,0,DaySmart,DaySmart Only,2026-04-14
DS-207703,,DS-207703,Heather,Wade,marybriggs@example.org,(121) 891-4588,2018-03-20,,0,0.0,,ARCHIVE,,valid,Pass,Pre-2019 last appointment,0,0,DaySmart,DaySmart Only,2026-04-14
DS-207705,,DS-207705,Elizabeth,Gray,sharon39@example.org,(025) 321-6718,2018-01-22,2018-10-31,1,98.35,Keratin Treatment,ARCHIVE,,valid,Unsubscribe Rule,Pre-2019 last appointment,0,0,DaySmart,DaySmart Only,2026-04-14
DS-207707,,DS-207707,Lindsey,Miller,david88@example.net,(782) 126-9704,2018-12-10,2013-07-01,2,315.97,Consultation,ARCHIVE,,valid,Pass,Pre-2019 last appointment,0,0,DaySmart,DaySmart Only,2026-04-14
DS-207712,,DS-207712,Chad,Moore,romeronicole@example.com,(103) 878-6888,2018-09-26,2012-06-05,1,168.24,Color Treatment,ARCHIVE,,valid,Unsubscribe Rule,Pre-2019 last appointment,0,0,DaySmart,DaySmart Only,2026-04-14
DS-207713,,DS-207713,Gabriel,Davila,gclark@example.net,(426) 689-5578,2015-04-14,2013-01-02,2,264.11,Massage,ARCHIVE,,valid,Unsubscribe Rule,Pre-2019 last appointment,0,0,DaySmart,DaySmart Only,2026-04-14
DS-207717,,DS-207717,John,Thomas,kathryn49@example.com,(843) 253-2503,2012-07-13,2015-03-15,3,311.13,Facial,ARCHIVE,,valid,Pass,Pre-2019 last appointment,0,0,DaySmart,DaySmart Only,2026-04-14
DS-207718,,DS-207718,Todd,Carter,zallen@example.com,(087) 187-1364,2012-02-29,2013-10-07,2,434.29,Facial,ARCHIVE,,catch-all,Unsubscribe Rule,Pre-2019 last appointment,0,0,DaySmart,DaySmart Only,2026-04-14
DS-207719,,DS-207719,Luis,Bradley,banksleslie@example.com,(052) 479-4371,2018-11-24,2018-09-21,3,486.07,Pedicure,ARCHIVE,,valid,Pass,Pre-2019 last appointment,0,0,DaySmart,DaySmart Only,2026-04-14
DS-207721,,DS-207721,Michael,Williams,bakerzachary@example.com,(864) 540-6073,2016-10-17,2011-10-31,1,158.65,Massage,ARCHIVE,,valid,Unsubscribe Rule,Pre-2019 last appointment,0,0,DaySmart,DaySmart Only,2026-04-14
DS-207724,,DS-207724,Luis,Patel,thompsonbrian@example.org,(039) 896-5328,2015-06-06,,0,0.0,,ARCHIVE,,valid,Pass,Pre-2019 last appointment,0,0,DaySmart,DaySmart Only,2026-04-14
DS-207725,,DS-207725,Pamela,Wang,kyledavis@example.com,(888) 998-8993,2018-01-21,2013-10-29,1,238.36,Color Treatment,ARCHIVE,,unknown,Pass,Pre-2019 last appointment,0,0,DaySmart,DaySmart Only,2026-04-14
DS-207729,,DS-207729,Melissa,Mullins,dawn78@example.org,(221) 169-1669,2015-08-09,,0,0.0,,ARCHIVE,,valid,Unsubscribe Rule,Pre-2019 last appointment,0,0,DaySmart,DaySmart Only,2026-04-14
DS-207730,,DS-207730,Katrina,King,lisabaldwin@example.org,(738) 322-0200,2016-04-17,2013-08-11,1,246.5,Highlights,ARCHIVE,,unknown,Unsubscribe Rule,Pre-2019 last appointment,0,0,DaySmart,DaySmart Only,2026-04-14
DS-207736,,DS-207736,Jesus,Green,tcrawford@example.org,(768) 366-6846,2013-06-17,2018-02-05,2,300.16,Manicure,ARCHIVE,,valid,Unsubscribe Rule,Pre-2019 last appointment,0,0,DaySmart,DaySmart Only,2026-04-14
DS-207738,,DS-207738,Christopher,Campbell,christopher71@example.org,(874) 364-4208,2010-10-22,2014-08-19,3,616.03,Haircut,ARCHIVE,,valid,Unsubscribe Rule,Pre-2019 last appointment,0,0,DaySmart,DaySmart Only,2026-04-14
DS-207745,,DS-207745,Samantha,Carney,ruthcannon@example.com,(062) 191-7677,2011-07-15,,0,0.0,,ARCHIVE,,valid,Pass,Pre-2019 last appointment,0,0,DaySmart,DaySmart Only,2026-04-14
DS-207746,,DS-207746,Tyler,Bonilla,wattssandra@example.com,(494) 416-2288,2014-12-04,2017-11-10,3,569.98,Massage,ARCHIVE,,valid,Pass,Pre-2019 last appointment,0,0,DaySmart,DaySmart Only,2026-04-14
DS-207747,,DS-207747,Gerald,Mora,jacquelinecastillo@example.org,(455) 096-4232,2015-04-07,2018-07-14,2,345.78,Highlights,ARCHIVE,,catch-all,Unsubscribe Rule,Pre-2019 last appointment,0,0,DaySmart,DaySmart Only,2026-04-14
DS-207749,,DS-207749,Paul,Garcia,uwilliams@example.net,(335) 082-2124,2015-12-06,,0,0.0,,ARCHIVE,,valid,Unsubscribe Rule,Pre-2019 last appointment,0,0,DaySmart,DaySmart Only,2026-04-14
DS-207755,,DS-207755,Colleen,Koch,hansonmichael@example.com,(806) 317-8978,2018-11-28,,0,0.0,,ARCHIVE,,valid,Unsubscribe Rule,Pre-2019 last appointment,0,0,DaySmart,DaySmart Only,2026-04-14
DS-207756,,DS-207756,Elaine,Richards,mckinneytammy@example.com,(411) 656-0890,2015-02-11,2017-05-20,4,601.72,Consultation,ARCHIVE,,valid,Pass,Pre-2019 last appointment,0,0,DaySmart,DaySmart Only,2026-04-14
DS-207762,,DS-207762,Jasmine,Brown,anaaguirre@example.net,(767) 016-7100,2018-12-08,,0,0.0,,ARCHIVE,,valid,Unsubscribe Rule,Pre-2019 last appointment,0,0,DaySmart,DaySmart Only,2026-04-14
DS-207777,,DS-207777,Isabel,Lopez,lgibson@example.org,(615) 400-5752,2015-12-18,,0,0.0,,ARCHIVE,,valid,Pass,Pre-2019 last appointment,0,0,DaySmart,DaySmart Only,2026-04-14
DS-207779,,DS-207779,Timothy,Buck,kstevenson@example.com,(184) 523-1023,2012-02-10,2014-01-03,1,122.02,Color Treatment,ARCHIVE,,valid,Pass,Pre-2019 last appointment,0,0,DaySmart,DaySmart Only,2026-04-14
DS-207780,,DS-207780,Leonard,Ellis,suzanne09@example.net,(405) 721-8826,2011-11-01,2013-09-20,2,258.63,Consultation,ARCHIVE,,valid,Unsubscribe Rule,Pre-2019 last appointment,0,0,DaySmart,DaySmart Only,2026-04-14
DS-207781,,DS-207781,Shane,Patel,vmorse@example.com,(349) 591-3669,2013-04-18,2011-12-27,1,175.15,Highlights,ARCHIVE,,valid,Unsubscribe Rule,Pre-2019 last appointment,0,0,DaySmart,DaySmart Only,2026-04-14
DS-207793,,DS-207793,Lisa,Bates,pthompson@example.com,(836) 907-4570,2010-02-02,,0,0.0,,ARCHIVE,,valid,Unsubscribe Rule,Pre-2019 last appointment,0,0,DaySmart,DaySmart Only,2026-04-14
DS-207798,,DS-207798,Kim,Andersen,mgonzalez@example.org,(280) 484-5833,2017-07-12,2018-08-02,5,1022.86,Blowout,ARCHIVE,,valid,Unsubscribe Rule,Pre-2019 last appointment,0,0,DaySmart,DaySmart Only,2026-04-14
DS-207799,,DS-207799,Sara,Clark,brianna59@example.com,(039) 974-7692,2018-05-10,2014-09-11,1,62.02,Consultation,ARCHIVE,,valid,Pass,Pre-2019 last appointment,0,0,DaySmart,DaySmart Only,2026-04-14
DS-207800,,DS-207800,Jessica,Stephenson,ccombs@example.org,(153) 610-1039,2017-09-12,,0,0.0,,ARCHIVE,,valid,Unsubscribe Rule,Pre-2019 last appointment,0,0,DaySmart,DaySmart Only,2026-04-14
DS-207801,,DS-207801,Jason,Washington,cooperkevin@example.org,(286) 567-3853,2016-02-28,2018-02-09,2,228.28,Massage,ARCHIVE,,unknown,Unsubscribe Rule,Pre-2019 last appointment,0,0,DaySmart,DaySmart Only,2026-04-14
DS-207803,,DS-207803,Emily,Short,colemaneddie@example.net,(552) 486-2359,2013-02-14,,0,0.0,,ARCHIVE,,catch-all,Pass,Pre-2019 last appointment,0,0,DaySmart,DaySmart Only,2026-04-14
DS-207809,,DS-207809,Alex,Vazquez,huntdavid@example.org,(946) 163-2174,2013-05-09,2011-05-20,1,39.86,Haircut,ARCHIVE,,valid,Unsubscribe Rule,Pre-2019 last appointment,0,0,DaySmart,DaySmart Only,2026-04-14
DS-207810,,DS-207810,Joseph,Hawkins,xgreen@example.com,(615) 997-3402,2017-11-14,2016-10-15,1,177.76,Haircut,ARCHIVE,,catch-all,Pass,Pre-2019 last appointment,0,0,DaySmart,DaySmart Only,2026-04-14
DS-207812,,DS-207812,Cassandra,Garcia,darius67@example.net,(482) 178-4383,2012-07-29,,0,0.0,,ARCHIVE,,valid,Unsubscribe Rule,Pre-2019 last appointment,0,0,DaySmart,DaySmart Only,2026-04-14
DS-207815,,DS-207815,Andrew,Cunningham,wilsonstephanie@example.com,(377) 988-1557,2013-11-06,2017-02-25,1,215.54,Haircut,ARCHIVE,,do_not_mail,Unsubscribe Rule,Pre-2019 last appointment,0,0,DaySmart,DaySmart Only,2026-04-14
DS-207820,,DS-207820,Curtis,Fox,ycortez@example.com,(948) 525-9144,2010-11-20,,0,0.0,,ARCHIVE,,valid,Pass,Pre-2019 last appointment,0,0,DaySmart,DaySmart Only,2026-04-14
DS-207821,,DS-207821,Justin,Hodges,mary07@example.com,(035) 855-1028,2011-11-13,2016-04-26,2,151.41,Color Treatment,ARCHIVE,,valid,Unsubscribe Rule,Pre-2019 last appointment,0,0,DaySmart,DaySmart Only,2026-04-14
DS-207826,,DS-207826,Stephen,Mitchell,gatesjanet@example.net,(352) 230-0712,2013-02-04,2017-08-24,2,135.9,Pedicure,ARCHIVE,,valid,Unsubscribe Rule,Pre-2019 last appointment,0,0,DaySmart,DaySmart Only,2026-04-14
DS-207830,,DS-207830,Kristine,Parrish,rholland@example.com,(301) 776-2697,2010-01-20,2011-05-20,1,122.18,Facial,ARCHIVE,,valid,Pass,Pre-2019 last appointment,0,0,DaySmart,DaySmart Only,2026-04-14
DS-207832,,DS-207832,Taylor,Davis,davisvictoria@example.org,(641) 008-0299,2013-02-24,2013-06-22,2,524.24,Pedicure,ARCHIVE,,do_not_mail,Unsubscribe Rule,Pre-2019 last appointment,0,0,DaySmart,DaySmart Only,2026-04-14
DS-207833,,DS-207833,Dustin,Yang,barryerin@example.net,(891) 116-2238,2016-11-20,2014-03-27,1,208.22,Consultation,ARCHIVE,,valid,Unsubscribe Rule,Pre-2019 last appointment,0,0,DaySmart,DaySmart Only,2026-04-14
DS-207834,,DS-207834,Cynthia,Powers,wilkinsangela@example.org,(308) 473-2166,2011-02-16,2016-10-17,4,511.48,Consultation,ARCHIVE,,valid,Unsubscribe Rule,Pre-2019 last appointment,0,0,DaySmart,DaySmart Only,2026-04-14
DS-207838,,DS-207838,Lindsay,Zamora,johnsonmelissa@example.org,(418) 053-7205,2014-05-10,2017-12-06,2,228.1,Haircut,ARCHIVE,,valid,Pass,Pre-2019 last appointment,0,0,DaySmart,DaySmart Only,2026-04-14
DS-207845,,DS-207845,Dr.,Christy Barnes MD,skeith@example.org,(026) 708-1406,2013-11-18,2017-08-02,2,355.07,Color Treatment,ARCHIVE,,valid,Pass,Pre-2019 last appointment,0,0,DaySmart,DaySmart Only,2026-04-14
DS-207847,,DS-207847,Jason,Perry,hsantos@example.org,(524) 185-2369,2011-06-22,2018-04-27,2,153.44,Haircut,ARCHIVE,,valid,Pass,Pre-2019 last appointment,0,0,DaySmart,DaySmart Only,2026-04-14
DS-207849,,DS-207849,Katrina,Bridges,matthewsmith@example.net,(574) 855-9320,2015-05-21,2018-03-20,4,461.79,Consultation,ARCHIVE,,valid,Pass,Pre-2019 last appointment,0,0,DaySmart,DaySmart Only,2026-04-14
DS-207850,,DS-207850,Donald,Evans,amandarodriguez@example.com,(769) 363-9309,2018-11-07,2018-12-27,3,586.44,Color Treatment,ARCHIVE,,valid,Unsubscribe Rule,Pre-2019 last appointment,0,0,DaySmart,DaySmart Only,2026-04-14
DS-207853,,DS-207853,Shane,Kennedy,bsmith@example.org,(345) 941-9813,2014-09-06,2017-03-07,3,635.89,Massage,ARCHIVE,,valid,Unsubscribe Rule,Pre-2019 last appointment,0,0,DaySmart,DaySmart Only,2026-04-14
DS-207863,,DS-207863,Samantha,Crawford,sanderson@example.org,(393) 978-0230,2014-07-29,,0,0.0,,ARCHIVE,,valid,Unsubscribe Rule,Pre-2019 last appointment,0,0,DaySmart,DaySmart Only,2026-04-14
DS-207865,,DS-207865,Michael,Turner,stephenlawson@example.com,(218) 367-3713,2010-11-16,2011-01-29,1,259.4,Consultation,ARCHIVE,,valid,Unsubscribe Rule,Pre-2019 last appointment,0,0,DaySmart,DaySmart Only,2026-04-14
DS-207868,,DS-207868,Edward,Tyler,smithkathy@example.org,(911) 713-3001,2010-06-22,,0,0.0,,ARCHIVE,,valid,Pass,Pre-2019 last appointment,0,0,DaySmart,DaySmart Only,2026-04-14
DS-207870,,DS-207870,Troy,Love,johnaustin@example.org,(590) 693-6526,2012-01-08,2017-01-04,4,671.01,Massage,ARCHIVE,,valid,Pass,Pre-2019 last appointment,0,0,DaySmart,DaySmart Only,2026-04-14
DS-207875,,DS-207875,Brian,Lopez,julian17@example.com,(400) 473-2951,2013-07-26,2017-04-02,3,693.3,Haircut,ARCHIVE,,catch-all,Pass,Pre-2019 last appointment,0,0,DaySmart,DaySmart Only,2026-04-14
DS-207876,,DS-207876,Robert,Harris,martinezelijah@example.net,(387) 338-0683,2011-10-17,2018-05-27,3,703.17,Keratin Treatment,ARCHIVE,,valid,Unsubscribe Rule,Pre-2019 last appointment,0,0,DaySmart,DaySmart Only,2026-04-14
DS-207877,,DS-207877,Dr.,Charles Nelson II,brittany29@example.org,(940) 612-8386,2012-02-08,2014-05-12,2,485.58,Keratin Treatment,ARCHIVE,,valid,Unsubscribe Rule,Pre-2019 last appointment,0,0,DaySmart,DaySmart Only,2026-04-14
DS-207879,,DS-207879,Joshua,Johnson,james87@example.net,(079) 213-1457,2013-05-22,2018-05-19,7,1060.31,Highlights,ARCHIVE,,valid,Pass,Pre-2019 last appointment,0,0,DaySmart,DaySmart Only,2026-04-14
DS-207885,,DS-207885,Richard,White,zbeasley@example.com,(771) 914-6512,2015-07-09,2010-03-06,1,90.26,Manicure,ARCHIVE,,catch-all,Pass,Pre-2019 last appointment,0,0,DaySmart,DaySmart Only,2026-04-14
DS-207887,,DS-207887,Brenda,Kirk,zbrown@example.net,(655) 488-7448,2015-07-21,,0,0.0,,ARCHIVE,,valid,Pass,Pre-2019 last appointment,0,0,DaySmart,DaySmart Only,2026-04-14
DS-207890,,DS-207890,Angela,Anderson,jakehoward@example.com,(854) 114-3135,2017-12-09,2018-02-11,3,266.39,Consultation,ARCHIVE,,valid,Unsubscribe Rule,Pre-2019 last appointment,0,0,DaySmart,DaySmart Only,2026-04-14
DS-207891,,DS-207891,Jimmy,Huffman,christopher49@example.org,(258) 726-6556,2012-03-27,,0,0.0,,ARCHIVE,,unknown,Unsubscribe Rule,Pre-2019 last appointment,0,0,DaySmart,DaySmart Only,2026-04-14
DS-207892,,DS-207892,Brooke,Salazar,dennis03@example.net,(178) 059-0158,2014-04-09,2016-08-21,3,459.58,Consultation,ARCHIVE,,valid,Pass,Pre-2019 last appointment,0,0,DaySmart,DaySmart Only,2026-04-14
DS-207895,,DS-207895,Dr.,Candice Arnold,qholt@example.net,(470) 580-3587,2013-03-12,2017-07-05,3,609.0,Massage,ARCHIVE,,valid,Unsubscribe Rule,Pre-2019 last appointment,0,0,DaySmart,DaySmart Only,2026-04-14
DS-207897,,DS-207897,Keith,Jenkins,jasonmullen@example.net,(749) 135-7294,2017-12-31,2014-09-23,2,447.01,Consultation,ARCHIVE,,valid,Unsubscribe Rule,Pre-2019 last appointment,0,0,DaySmart,DaySmart Only,2026-04-14
DS-207901,,DS-207901,Margaret,Velazquez,andrew41@example.com,(731) 329-1135,2011-01-16,2015-05-22,1,141.47,Blowout,ARCHIVE,,catch-all,Pass,Pre-2019 last appointment,0,0,DaySmart,DaySmart Only,2026-04-14
DS-207902,,DS-207902,Steven,Banks,hacosta@example.org,(183) 868-1249,2012-04-05,,0,0.0,,ARCHIVE,,valid,Pass,Pre-2019 last appointment,0,0,DaySmart,DaySmart Only,2026-04-14
DS-207903,,DS-207903,Charles,Hernandez,vtaylor@example.net,(159) 995-6702,2010-09-17,2018-09-01,4,647.03,Haircut,ARCHIVE,,valid,Unsubscribe Rule,Pre-2019 last appointment,0,0,DaySmart,DaySmart Only,2026-04-14
DS-207904,,DS-207904,James,Lawson,joneslauren@example.com,(302) 881-5834,2016-10-26,2015-04-08,2,310.54,Keratin Treatment,ARCHIVE,,do_not_mail,Unsubscribe Rule,Pre-2019 last appointment,0,0,DaySmart,DaySmart Only,2026-04-14
DS-207906,,DS-207906,Michelle,Roberts,lwatkins@example.net,(393) 733-4595,2017-04-17,2014-08-26,3,562.56,Blowout,ARCHIVE,,unknown,Pass,Pre-2019 last appointment,0,0,DaySmart,DaySmart Only,2026-04-14
DS-207913,,DS-207913,Tyler,Jones,brownjohnny@example.org,(197) 813-4915,2015-08-18,2015-11-28,1,28.41,Blowout,ARCHIVE,,valid,Unsubscribe Rule,Pre-2019 last appointment,0,0,DaySmart,DaySmart Only,2026-04-14
DS-207914,,DS-207914,Raymond,Jackson,shawnhogan@example.net,(689) 229-3068,2015-12-01,2013-01-27,2,468.11,Facial,ARCHIVE,,valid,Unsubscribe Rule,Pre-2019 last appointment,0,0,DaySmart,DaySmart Only,2026-04-14
DS-207916,,DS-207916,Jesse,Medina,patrickbradshaw@example.com,(077) 668-7228,2012-03-15,2013-12-22,1,67.13,Massage,ARCHIVE,,valid,Pass,Pre-2019 last appointment,0,0,DaySmart,DaySmart Only,2026-04-14
DS-207917,,DS-207917,Raymond,Stewart,smithreginald@example.net,(489) 340-3266,2014-02-12,2017-02-24,3,459.7,Color Treatment,ARCHIVE,,valid,Pass,Pre-2019 last appointment,0,0,DaySmart,DaySmart Only,2026-04-14
DS-207918,,DS-207918,Alyssa,Cooper,daniellemontoya@example.net,(826) 167-5903,2018-04-14,,0,0.0,,ARCHIVE,,valid,Unsubscribe Rule,Pre-2019 last appointment,0,0,DaySmart,DaySmart Only,2026-04-14
DS-207922,,DS-207922,Scott,Fischer,davisjoshua@example.net,(459) 945-0767,2012-07-14,2014-09-28,1,108.44,Haircut,ARCHIVE,,valid,Pass,Pre-2019 last appointment,0,0,DaySmart,DaySmart Only,2026-04-14
DS-207931,,DS-207931,Reginald,Sullivan,catherine48@example.org,(712) 306-0406,2017-12-30,,0,0.0,,ARCHIVE,,valid,Pass,Pre-2019 last appointment,0,0,DaySmart,DaySmart Only,2026-04-14
DS-207932,,DS-207932,Joshua,Delgado,williamsedward@example.com,(066) 373-6169,2015-08-15,,0,0.0,,ARCHIVE,,valid,Pass,Pre-2019 last appointment,0,0,DaySmart,DaySmart Only,2026-04-14
DS-207934,,DS-207934,Michael,Wright,charles46@example.org,(464) 734-7401,2016-06-17,2017-10-25,2,396.55,Blowout,ARCHIVE,,valid,Pass,Pre-2019 last appointment,0,0,DaySmart,DaySmart Only,2026-04-14
DS-207937,,DS-207937,Robert,Watkins,melissapeters@example.net,(491) 087-2113,2010-11-27,2018-07-14,1,118.05,Haircut,ARCHIVE,,valid,Pass,Pre-2019 last appointment,0,0,DaySmart,DaySmart Only,2026-04-14
DS-207939,,DS-207939,Brent,Jenkins,berrylance@example.com,(569) 908-8903,2018-12-19,2017-07-03,1,257.64,Keratin Treatment,ARCHIVE,,valid,Pass,Pre-2019 last appointment,0,0,DaySmart,DaySmart Only,2026-04-14
DS-207940,,DS-207940,Jon,Brown,elucas@example.net,(803) 050-3259,2015-08-11,2010-05-07,1,230.86,Haircut,ARCHIVE,,unknown,Pass,Pre-2019 last appointment,0,0,DaySmart,DaySmart Only,2026-04-14
DS-207941,,DS-207941,Jennifer,Edwards,leehannah@example.org,(851) 167-3321,2013-07-29,2010-07-16,1,36.85,Highlights,ARCHIVE,,catch-all,Pass,Pre-2019 last appointment,0,0,DaySmart,DaySmart Only,2026-04-14
DS-207942,,DS-207942,Bonnie,Lucas,betty36@example.net,(385) 942-4183,2013-12-21,,0,0.0,,ARCHIVE,,valid,Pass,Pre-2019 last appointment,0,0,DaySmart,DaySmart Only,2026-04-14
DS-207943,,DS-207943,Aaron,Luna MD,cranejenny@example.com,(318) 364-7462,2017-12-19,2012-04-20,1,61.23,Massage,ARCHIVE,,do_not_mail,Do Not Mail,Pre-2019 last appointment,0,0,DaySmart,DaySmart Only,2026-04-14
DS-207945,,DS-207945,Joshua,Clark,edwinwatson@example.org,(652) 201-8928,2013-11-26,,0,0.0,,ARCHIVE,,valid,Pass,Pre-2019 last appointment,0,0,DaySmart,DaySmart Only,2026-04-14
DS-207951,,DS-207951,Mario,Wade,geoffrey61@example.net,(775) 246-7467,2015-11-11,2017-04-18,3,386.15,Massage,ARCHIVE,,unknown,Unsubscribe Rule,Pre-2019 last appointment,0,0,DaySmart,DaySmart Only,2026-04-14
DS-207953,,DS-207953,Tabitha,Diaz,deborahbowman@example.net,(516) 385-2619,2018-04-15,,0,0.0,,ARCHIVE,,valid,Unsubscribe Rule,Pre-2019 last appointment,0,0,DaySmart,DaySmart Only,2026-04-14
DS-207957,,DS-207957,Lori,English,johnrichards@example.net,(526) 523-0654,2017-10-15,2017-09-18,2,477.6,Consultation,ARCHIVE,,valid,Unsubscribe Rule,Pre-2019 last appointment,0,0,DaySmart,DaySmart Only,2026-04-14
DS-207963,,DS-207963,Karen,Marquez,lisaperry@example.net,(521) 808-3248,2012-11-30,,0,0.0,,ARCHIVE,,valid,Unsubscribe Rule,Pre-2019 last appointment,0,0,DaySmart,DaySmart Only,2026-04-14
DS-207965,,DS-207965,Denise,Jackson,agrant@example.org,(588) 983-6125,2018-03-03,,0,0.0,,ARCHIVE,,valid,Pass,Pre-2019 last appointment,0,0,DaySmart,DaySmart Only,2026-04-14
DS-207975,,DS-207975,Carrie,Gillespie,amybarnes@example.com,(945) 230-9994,2018-11-30,2014-05-10,3,524.58,Color Treatment,ARCHIVE,,catch-all,Pass,Pre-2019 last appointment,0,0,DaySmart,DaySmart Only,2026-04-14
DS-207978,,DS-207978,Rebecca,Anderson,ericevans@example.com,(871) 021-3902,2010-11-05,2015-10-24,5,374.14,Massage,ARCHIVE,,valid,Pass,Pre-2019 last appointment,0,0,DaySmart,DaySmart Only,2026-04-14
DS-207979,,DS-207979,Timothy,Carter,spencermary@example.com,(568) 575-9804,2012-03-31,2017-11-14,3,284.09,Color Treatment,ARCHIVE,,valid,Unsubscribe Rule,Pre-2019 last appointment,0,0,DaySmart,DaySmart Only,2026-04-14
DS-207982,,DS-207982,Jennifer,Powell,peterprice@example.net,(224) 591-1025,2018-02-01,,0,0.0,,ARCHIVE,,valid,Pass,Pre-2019 last appointment,0,0,DaySmart,DaySmart Only,2026-04-14
DS-207983,,DS-207983,Brian,Hatfield,john29@example.com,(016) 111-6806,2010-08-14,2012-11-05,1,112.59,Facial,ARCHIVE,,valid,Unsubscribe Rule,Pre-2019 last appointment,0,0,DaySmart,DaySmart Only,2026-04-14
DS-207984,,DS-207984,Oscar,Bryant,jwilson@example.net,(422) 132-2126,2011-12-06,2016-03-19,3,336.1,Highlights,ARCHIVE,,valid,Pass,Pre-2019 last appointment,0,0,DaySmart,DaySmart Only,2026-04-14
DS-207986,,DS-207986,Adam,Rodriguez,williamhurley@example.com,(957) 790-6781,2013-11-27,,0,0.0,,ARCHIVE,,valid,Pass,Pre-2019 last appointment,0,0,DaySmart,DaySmart Only,2026-04-14
DS-207988,,DS-207988,Amber,Brown,lauraarnold@example.net,(014) 831-7176,2018-01-17,2015-03-22,3,694.87,Highlights,ARCHIVE,,valid,Unsubscribe Rule,Pre-2019 last appointment,0,0,DaySmart,DaySmart Only,2026-04-14
DS-207990,,DS-207990,Kim,Green,sharonpierce@example.org,(510) 864-3794,2015-09-07,2016-07-14,2,343.43,Pedicure,ARCHIVE,,valid,Pass,Pre-2019 last appointment,0,0,DaySmart,DaySmart Only,2026-04-14
DS-207992,,DS-207992,Kimberly,Baker,pdickerson@example.com,(379) 168-1423,2014-08-01,2018-01-06,3,601.88,Haircut,ARCHIVE,,valid,Unsubscribe Rule,Pre-2019 last appointment,0,0,DaySmart,DaySmart Only,2026-04-14
ZCR-100002,ZCR-100002,,Jamie,Arnold,,(756) 900-7200,2024-06-17,,0,0.0,,No DaySmart Record,Converted,abuse,Prospect Rule,Invalid email — no booking,57,37,Zoho,Zoho Only — Never Booked,2026-04-14
ZCR-100005,ZCR-100005,,Mark,Conner,,(317) 167-1234,2026-01-23,,0,0.0,,No DaySmart Record,Converted,spamtrap,Prospect Rule,Invalid email — no booking,80,39,Zoho,Zoho Only — Never Booked,2026-04-14
ZCR-100006,ZCR-100006,,Sherri,Baker,,(312) 220-0386,2026-02-26,,0,0.0,,No DaySmart Record,Working,invalid,Prospect Rule,Invalid email — no booking,10,3,Zoho,Zoho Only — Never Booked,2026-04-14
ZCR-100016,ZCR-100016,,Lauren,Hernandez,,(996) 784-9179,2024-07-12,,0,0.0,,No DaySmart Record,Qualified,invalid,Prospect Rule,Invalid email — no booking,64,38,Zoho,Zoho Only — Never Booked,2026-04-14
ZCR-100018,ZCR-100018,,Martin,Ross,,(648) 447-3097,2025-06-03,,0,0.0,,No DaySmart Record,Working,invalid,Prospect Rule,Invalid email — no booking,112,36,Zoho,Zoho Only — Never Booked,2026-04-14
ZCR-100020,ZCR-100020,,Elizabeth,Kelley,,(100) 201-1831,2024-10-08,,0,0.0,,No DaySmart Record,Working,invalid,Prospect Rule,Invalid email — no booking,51,42,Zoho,Zoho Only — Never Booked,2026-04-14
ZCR-100023,ZCR-100023,,Stephanie,Simmons,,(621) 647-7863,2025-09-06,,0,0.0,,No DaySmart Record,Converted,spamtrap,Prospect Rule,Invalid email — no booking,119,56,Zoho,Zoho Only — Never Booked,2026-04-14
ZCR-100042,ZCR-100042,,Colin,Terry,,(644) 185-5345,2024-08-25,,0,0.0,,No DaySmart Record,Converted,invalid,Prospect Rule,Invalid email — no booking,16,1,Zoho,Zoho Only — Never Booked,2026-04-14
ZCR-100051,ZCR-100051,,Michael,Stephens,,(786) 886-4684,2024-04-18,,0,0.0,,No DaySmart Record,Unqualified,spamtrap,Prospect Rule,Invalid email — no booking,118,51,Zoho,Zoho Only — Never Booked,2026-04-14
ZCR-100053,ZCR-100053,,Nichole,Alvarez,,(141) 225-0399,2025-06-10,,0,0.0,,No DaySmart Record,Converted,invalid,Prospect Rule,Invalid email — no booking,52,20,Zoho,Zoho Only — Never Booked,2026-04-14
ZCR-100057,ZCR-100057,,Justin,Wilson,,(899) 080-9124,2024-05-25,,0,0.0,,No DaySmart Record,Qualified,invalid,Prospect Rule,Invalid email — no booking,25,4,Zoho,Zoho Only — Never Booked,2026-04-14
ZCR-100072,ZCR-100072,,Aaron,Gomez,,(250) 899-6141,2024-10-08,,0,0.0,,No DaySmart Record,New,abuse,Prospect Rule,Invalid email — no booking,44,14,Zoho,Zoho Only — Never Booked,2026-04-14
ZCR-100076,ZCR-100076,,Andrew,Berg,,(579) 007-2768,2025-09-22,,0,0.0,,No DaySmart Record,New,invalid,Prospect Rule,Invalid email — no booking,106,40,Zoho,Zoho Only — Never Booked,2026-04-14
ZCR-100085,ZCR-100085,,Douglas,Harper,,(160) 106-2049,2026-01-08,,0,0.0,,No DaySmart Record,Qualified,invalid,Prospect Rule,Invalid email — no booking,88,15,Zoho,Zoho Only — Never Booked,2026-04-14
ZCR-100098,ZCR-100098,,Jill,Brown,,(428) 110-8681,2025-08-26,,0,0.0,,No DaySmart Record,Working,spamtrap,Prospect Rule,Invalid email — no booking,105,9,Zoho,Zoho Only — Never Booked,2026-04-14
ZCR-100099,ZCR-100099,,Timothy,Johnson,,(273) 895-5733,2024-08-12,,0,0.0,,No DaySmart Record,Converted,spamtrap,Prospect Rule,Invalid email — no booking,56,7,Zoho,Zoho Only — Never Booked,2026-04-14
ZCR-100101,ZCR-100101,,Austin,Wheeler,,(796) 968-3613,2024-05-23,,0,0.0,,No DaySmart Record,Converted,spamtrap,Prospect Rule,Invalid email — no booking,2,2,Zoho,Zoho Only — Never Booked,2026-04-14
ZCR-100105,ZCR-100105,,Patricia,James,,(945) 563-8853,2025-07-29,,0,0.0,,No DaySmart Record,Qualified,spamtrap,Prospect Rule,Invalid email — no booking,98,25,Zoho,Zoho Only — Never Booked,2026-04-14
ZCR-100115,ZCR-100115,,Jeffrey,Colon,,(453) 252-4874,2024-04-21,,0,0.0,,No DaySmart Record,Unqualified,invalid,Prospect Rule,Invalid email — no booking,84,50,Zoho,Zoho Only — Never Booked,2026-04-14
ZCR-100137,ZCR-100137,,Megan,Wilson,,(473) 179-1442,2025-03-30,,0,0.0,,No DaySmart Record,Converted,invalid,Prospect Rule,Invalid email — no booking,95,46,Zoho,Zoho Only — Never Booked,2026-04-14
ZCR-100138,ZCR-100138,,Michael,Williams,,(049) 668-8966,2025-02-20,,0,0.0,,No DaySmart Record,Qualified,spamtrap,Prospect Rule,Invalid email — no booking,47,13,Zoho,Zoho Only — Never Booked,2026-04-14
ZCR-100146,ZCR-100146,,Rachael,Howard DDS,,(178) 577-6266,2024-10-27,,0,0.0,,No DaySmart Record,Qualified,invalid,Prospect Rule,Invalid email — no booking,3,0,Zoho,Zoho Only — Never Booked,2026-04-14
ZCR-100150,ZCR-100150,,Mr.,Michael Hoffman,,(869) 409-4478,2025-01-28,,0,0.0,,No DaySmart Record,Unqualified,spamtrap,Prospect Rule,Invalid email — no booking,52,21,Zoho,Zoho Only — Never Booked,2026-04-14
ZCR-100153,ZCR-100153,,Kimberly,Villanueva,,(790) 916-5549,2024-09-15,,0,0.0,,No DaySmart Record,Qualified,invalid,Prospect Rule,Invalid email — no booking,52,22,Zoho,Zoho Only — Never Booked,2026-04-14
ZCR-100156,ZCR-100156,,Mary,Miller,,(155) 217-2207,2024-07-24,,0,0.0,,No DaySmart Record,Converted,spamtrap,Prospect Rule,Invalid email — no booking,118,42,Zoho,Zoho Only — Never Booked,2026-04-14
ZCR-100160,ZCR-100160,,Alicia,Roth,,(945) 514-2256,2025-11-05,,0,0.0,,No DaySmart Record,Working,spamtrap,Prospect Rule,Invalid email — no booking,6,5,Zoho,Zoho Only — Never Booked,2026-04-14
ZCR-100199,ZCR-100199,,James,Matthews,,(079) 186-3390,2026-02-28,,0,0.0,,No DaySmart Record,Unqualified,spamtrap,Prospect Rule,Invalid email — no booking,32,1,Zoho,Zoho Only — Never Booked,2026-04-14
ZCR-100200,ZCR-100200,,Mitchell,Wilson,,(719) 601-0057,2024-06-10,,0,0.0,,No DaySmart Record,New,invalid,Prospect Rule,Invalid email — no booking,94,48,Zoho,Zoho Only — Never Booked,2026-04-14
ZCR-100203,ZCR-100203,,Sherry,Schmidt,,(746) 813-8583,2024-12-15,,0,0.0,,No DaySmart Record,Qualified,abuse,Prospect Rule,Invalid email — no booking,82,12,Zoho,Zoho Only — Never Booked,2026-04-14
ZCR-100205,ZCR-100205,,Robert,Ortiz,,(909) 228-3454,2024-11-21,,0,0.0,,No DaySmart Record,Unqualified,invalid,Prospect Rule,Invalid email — no booking,102,33,Zoho,Zoho Only — Never Booked,2026-04-14
ZCR-100216,ZCR-100216,,Mr.,Scott Williams,,(088) 183-5773,2025-09-20,,0,0.0,,No DaySmart Record,Working,spamtrap,Prospect Rule,Invalid email — no booking,63,1,Zoho,Zoho Only — Never Booked,2026-04-14
ZCR-100217,ZCR-100217,,Lisa,Ray,,(187) 766-9715,2025-12-02,,0,0.0,,No DaySmart Record,Converted,abuse,Prospect Rule,Invalid email — no booking,8,4,Zoho,Zoho Only — Never Booked,2026-04-14
ZCR-100222,ZCR-100222,,Adam,Jordan,,(217) 348-5457,2025-10-23,,0,0.0,,No DaySmart Record,Converted,abuse,Prospect Rule,Invalid email — no booking,19,5,Zoho,Zoho Only — Never Booked,2026-04-14
ZCR-100223,ZCR-100223,,Denise,Wong,,(553) 000-8390,2026-03-02,,0,0.0,,No DaySmart Record,New,spamtrap,Prospect Rule,Invalid email — no booking,82,49,Zoho,Zoho Only — Never Booked,2026-04-14
ZCR-100229,ZCR-100229,,Sean,George,,(613) 639-7345,2024-08-30,,0,0.0,,No DaySmart Record,Qualified,invalid,Prospect Rule,Invalid email — no booking,20,15,Zoho,Zoho Only — Never Booked,2026-04-14
ZCR-100230,ZCR-100230,,Mary,Ryan,,(315) 799-7267,2024-11-20,,0,0.0,,No DaySmart Record,New,abuse,Prospect Rule,Invalid email — no booking,50,32,Zoho,Zoho Only — Never Booked,2026-04-14
ZCR-100233,ZCR-100233,,Cassidy,Curry,,(622) 000-2057,2026-02-20,,0,0.0,,No DaySmart Record,Converted,spamtrap,Prospect Rule,Invalid email — no booking,46,35,Zoho,Zoho Only — Never Booked,2026-04-14
ZCR-100234,ZCR-100234,,Yesenia,Kirk,,(487) 814-6819,2024-09-27,,0,0.0,,No DaySmart Record,Qualified,spamtrap,Prospect Rule,Invalid email — no booking,79,43,Zoho,Zoho Only — Never Booked,2026-04-14
ZCR-100245,ZCR-100245,,Stephanie,Browning,,(702) 572-1284,2025-09-29,,0,0.0,,No DaySmart Record,Working,abuse,Prospect Rule,Invalid email — no booking,38,14,Zoho,Zoho Only — Never Booked,2026-04-14
ZCR-100246,ZCR-100246,,Jason,Ramos,,(415) 840-2447,2025-05-24,,0,0.0,,No DaySmart Record,Unqualified,invalid,Prospect Rule,Invalid email — no booking,119,59,Zoho,Zoho Only — Never Booked,2026-04-14
ZCR-100248,ZCR-100248,,Troy,Gonzales,,(364) 520-8720,2026-01-23,,0,0.0,,No DaySmart Record,Qualified,invalid,Prospect Rule,Invalid email — no booking,83,16,Zoho,Zoho Only — Never Booked,2026-04-14
ZCR-100254,ZCR-100254,,Amber,Butler,,(066) 362-1415,2026-03-07,,0,0.0,,No DaySmart Record,Unqualified,invalid,Prospect Rule,Invalid email — no booking,23,23,Zoho,Zoho Only — Never Booked,2026-04-14
ZCR-100265,ZCR-100265,,Rebecca,Nguyen,,(439) 738-4612,2025-04-08,,0,0.0,,No DaySmart Record,New,spamtrap,Prospect Rule,Invalid email — no booking,14,0,Zoho,Zoho Only — Never Booked,2026-04-14
ZCR-100275,ZCR-100275,,Timothy,Moore,,(018) 902-4617,2025-12-31,,0,0.0,,No DaySmart Record,Converted,invalid,Prospect Rule,Invalid email — no booking,76,43,Zoho,Zoho Only — Never Booked,2026-04-14
ZCR-100283,ZCR-100283,,Katherine,Brown,,(492) 382-7159,2025-09-30,,0,0.0,,No DaySmart Record,New,invalid,Prospect Rule,Invalid email — no booking,86,38,Zoho,Zoho Only — Never Booked,2026-04-14
ZCR-100284,ZCR-100284,,Charles,Valdez,,(836) 666-0330,2024-05-26,,0,0.0,,No DaySmart Record,Converted,invalid,Prospect Rule,Invalid email — no booking,26,10,Zoho,Zoho Only — Never Booked,2026-04-14
ZCR-100293,ZCR-100293,,Robert,Horton,,(936) 611-8289,2025-08-20,,0,0.0,,No DaySmart Record,New,invalid,Prospect Rule,Invalid email — no booking,1,0,Zoho,Zoho Only — Never Booked,2026-04-14
ZCR-100294,ZCR-100294,,Shelly,Sullivan,,(598) 982-2472,2024-06-29,,0,0.0,,No DaySmart Record,Converted,spamtrap,Prospect Rule,Invalid email — no booking,84,31,Zoho,Zoho Only — Never Booked,2026-04-14
ZCR-100299,ZCR-100299,,Brittany,Mitchell,,(181) 106-4642,2024-04-24,,0,0.0,,No DaySmart Record,Working,spamtrap,Prospect Rule,Invalid email — no booking,108,27,Zoho,Zoho Only — Never Booked,2026-04-14
ZCR-100306,ZCR-100306,,Sarah,Martin,,(837) 067-6645,2024-11-27,,0,0.0,,No DaySmart Record,Working,invalid,Prospect Rule,Invalid email — no booking,120,24,Zoho,Zoho Only — Never Booked,2026-04-14
ZCR-100308,ZCR-100308,,Sandra,Pope,,(013) 408-9144,2024-07-03,,0,0.0,,No DaySmart Record,Working,abuse,Prospect Rule,Invalid email — no booking,40,23,Zoho,Zoho Only — Never Booked,2026-04-14
ZCR-100350,ZCR-100350,,Dean,Rhodes,,(176) 365-1046,2025-05-13,,0,0.0,,No DaySmart Record,Converted,invalid,Prospect Rule,Invalid email — no booking,99,54,Zoho,Zoho Only — Never Booked,2026-04-14
ZCR-100351,ZCR-100351,,Shawn,Adams,,(544) 044-5130,2024-10-13,,0,0.0,,No DaySmart Record,Unqualified,spamtrap,Prospect Rule,Invalid email — no booking,54,52,Zoho,Zoho Only — Never Booked,2026-04-14
ZCR-100369,ZCR-100369,,Thomas,Lynch,,(787) 156-0964,2024-10-11,,0,0.0,,No DaySmart Record,Qualified,invalid,Prospect Rule,Invalid email — no booking,81,48,Zoho,Zoho Only — Never Booked,2026-04-14
ZCR-100374,ZCR-100374,,Christopher,Collins,,(382) 930-6706,2024-07-10,,0,0.0,,No DaySmart Record,New,invalid,Prospect Rule,Invalid email — no booking,65,23,Zoho,Zoho Only — Never Booked,2026-04-14
ZCR-100377,ZCR-100377,,Beth,Hicks,,(659) 410-0836,2024-06-11,,0,0.0,,No DaySmart Record,Unqualified,invalid,Prospect Rule,Invalid email — no booking,31,26,Zoho,Zoho Only — Never Booked,2026-04-14
ZCR-100379,ZCR-100379,,John,Holt,,(840) 365-7856,2025-06-28,,0,0.0,,No DaySmart Record,Qualified,spamtrap,Prospect Rule,Invalid email — no booking,70,29,Zoho,Zoho Only — Never Booked,2026-04-14
ZCR-100387,ZCR-100387,,Theresa,Underwood PhD,,(890) 696-6309,2025-12-23,,0,0.0,,No DaySmart Record,Working,invalid,Prospect Rule,Invalid email — no booking,57,29,Zoho,Zoho Only — Never Booked,2026-04-14
ZCR-100394,ZCR-100394,,Pedro,Gordon,,(011) 743-5543,2026-01-09,,0,0.0,,No DaySmart Record,Qualified,abuse,Prospect Rule,Invalid email — no booking,120,29,Zoho,Zoho Only — Never Booked,2026-04-14
ZCR-100401,ZCR-100401,,Vanessa,Wong,,(782) 528-5590,2024-08-23,,0,0.0,,No DaySmart Record,Working,spamtrap,Prospect Rule,Invalid email — no booking,12,3,Zoho,Zoho Only — Never Booked,2026-04-14
ZCR-100415,ZCR-100415,,Patrick,Pineda,,(262) 666-2098,2026-01-28,,0,0.0,,No DaySmart Record,New,spamtrap,Prospect Rule,Invalid email — no booking,40,16,Zoho,Zoho Only — Never Booked,2026-04-14
ZCR-100429,ZCR-100429,,Brandon,Miller,,(189) 623-9822,2026-02-04,,0,0.0,,No DaySmart Record,New,invalid,Prospect Rule,Invalid email — no booking,50,35,Zoho,Zoho Only — Never Booked,2026-04-14
ZCR-100430,ZCR-100430,,Jennifer,Jensen,,(612) 805-3360,2024-04-26,,0,0.0,,No DaySmart Record,Converted,invalid,Prospect Rule,Invalid email — no booking,100,26,Zoho,Zoho Only — Never Booked,2026-04-14
ZCR-100444,ZCR-100444,,Diana,Scott,,(097) 787-7109,2024-06-20,,0,0.0,,No DaySmart Record,Working,invalid,Prospect Rule,Invalid email — no booking,1,0,Zoho,Zoho Only — Never Booked,2026-04-14
ZCR-100447,ZCR-100447,,Charles,Malone,,(427) 400-1927,2024-09-16,,0,0.0,,No DaySmart Record,Converted,invalid,Prospect Rule,Invalid email — no booking,38,6,Zoho,Zoho Only — Never Booked,2026-04-14
ZCR-100455,ZCR-100455,,Natalie,Morales,,(154) 160-8932,2024-12-16,,0,0.0,,No DaySmart Record,Working,invalid,Prospect Rule,Invalid email — no booking,111,43,Zoho,Zoho Only — Never Booked,2026-04-14
ZCR-100456,ZCR-100456,,Alyssa,Campbell,,(117) 591-4467,2025-11-10,,0,0.0,,No DaySmart Record,Working,invalid,Prospect Rule,Invalid email — no booking,43,26,Zoho,Zoho Only — Never Booked,2026-04-14
ZCR-100461,ZCR-100461,,Shawn,Esparza,,(541) 771-2041,2024-07-11,,0,0.0,,No DaySmart Record,Working,invalid,Prospect Rule,Invalid email — no booking,112,22,Zoho,Zoho Only — Never Booked,2026-04-14
ZCR-100470,ZCR-100470,,Steven,Blankenship,,(005) 761-8739,2025-12-26,,0,0.0,,No DaySmart Record,Unqualified,abuse,Prospect Rule,Invalid email — no booking,25,24,Zoho,Zoho Only — Never Booked,2026-04-14
ZCR-100481,ZCR-100481,,Mason,Chase,,(347) 865-1808,2024-06-12,,0,0.0,,No DaySmart Record,Qualified,abuse,Prospect Rule,Invalid email — no booking,111,43,Zoho,Zoho Only — Never Booked,2026-04-14
ZCR-100491,ZCR-100491,,Aaron,Marks,,(222) 287-8391,2024-09-30,,0,0.0,,No DaySmart Record,Converted,invalid,Prospect Rule,Invalid email — no booking,13,0,Zoho,Zoho Only — Never Booked,2026-04-14
ZCR-100498,ZCR-100498,,Peter,Gilbert,,(253) 259-4060,2024-04-27,,0,0.0,,No DaySmart Record,Converted,invalid,Prospect Rule,Invalid email — no booking,89,35,Zoho,Zoho Only — Never Booked,2026-04-14
ZCR-100499,ZCR-100499,,Angela,Nelson,,(655) 219-9830,2025-06-20,,0,0.0,,No DaySmart Record,Qualified,invalid,Prospect Rule,Invalid email — no booking,16,5,Zoho,Zoho Only — Never Booked,2026-04-14
ZCR-100503,ZCR-100503,,Terry,Estes,,(563) 515-5009,2024-05-06,,0,0.0,,No DaySmart Record,Qualified,invalid,Prospect Rule,Invalid email — no booking,69,2,Zoho,Zoho Only — Never Booked,2026-04-14
ZCR-100506,ZCR-100506,,Christopher,Rodriguez,,(002) 850-0726,2025-07-30,,0,0.0,,No DaySmart Record,Working,invalid,Prospect Rule,Invalid email — no booking,99,55,Zoho,Zoho Only — Never Booked,2026-04-14
ZCR-100516,ZCR-100516,,Eric,Weaver,,(421) 471-4782,2025-06-28,,0,0.0,,No DaySmart Record,New,spamtrap,Prospect Rule,Invalid email — no booking,105,49,Zoho,Zoho Only — Never Booked,2026-04-14
ZCR-100517,ZCR-100517,,Nathan,Mack,,(076) 813-7172,2025-06-14,,0,0.0,,No DaySmart Record,Working,invalid,Prospect Rule,Invalid email — no booking,10,1,Zoho,Zoho Only — Never Booked,2026-04-14
ZCR-100527,ZCR-100527,,Jason,Cole,,(758) 452-9767,2025-04-26,,0,0.0,,No DaySmart Record,Working,invalid,Prospect Rule,Invalid email — no booking,82,54,Zoho,Zoho Only — Never Booked,2026-04-14
ZCR-100540,ZCR-100540,,Dana,Smith,,(878) 882-6694,2024-12-04,,0,0.0,,No DaySmart Record,Qualified,invalid,Prospect Rule,Invalid email — no booking,97,31,Zoho,Zoho Only — Never Booked,2026-04-14
ZCR-100541,ZCR-100541,,Vanessa,Davis,,(297) 534-7279,2026-03-01,,0,0.0,,No DaySmart Record,Working,invalid,Prospect Rule,Invalid email — no booking,101,23,Zoho,Zoho Only — Never Booked,2026-04-14
ZCR-100550,ZCR-100550,,Whitney,Gonzalez,,(859) 014-8639,2024-06-05,,0,0.0,,No DaySmart Record,Qualified,spamtrap,Prospect Rule,Invalid email — no booking,27,14,Zoho,Zoho Only — Never Booked,2026-04-14
ZCR-100556,ZCR-100556,,Gordon,Schmitt,,(369) 891-7202,2025-01-27,,0,0.0,,No DaySmart Record,Converted,invalid,Prospect Rule,Invalid email — no booking,111,2,Zoho,Zoho Only — Never Booked,2026-04-14
ZCR-100560,ZCR-100560,,Sarah,Brooks,,(205) 376-6529,2025-03-25,,0,0.0,,No DaySmart Record,Working,abuse,Prospect Rule,Invalid email — no booking,40,26,Zoho,Zoho Only — Never Booked,2026-04-14
ZCR-100565,ZCR-100565,,John,Williams,,(592) 776-0950,2025-10-31,,0,0.0,,No DaySmart Record,Unqualified,spamtrap,Prospect Rule,Invalid email — no booking,0,0,Zoho,Zoho Only — Never Booked,2026-04-14
ZCR-100568,ZCR-100568,,Amber,Berry,,(978) 448-5376,2024-06-10,,0,0.0,,No DaySmart Record,Converted,invalid,Prospect Rule,Invalid email — no booking,4,4,Zoho,Zoho Only — Never Booked,2026-04-14
ZCR-100592,ZCR-100592,,Kristin,Roth,,(103) 631-8603,2025-04-15,,0,0.0,,No DaySmart Record,Qualified,spamtrap,Prospect Rule,Invalid email — no booking,62,49,Zoho,Zoho Only — Never Booked,2026-04-14
ZCR-100609,ZCR-100609,,Chad,Hurley,,(204) 721-6816,2024-11-26,,0,0.0,,No DaySmart Record,Working,invalid,Prospect Rule,Invalid email — no booking,19,1,Zoho,Zoho Only — Never Booked,2026-04-14
ZCR-100624,ZCR-100624,,Melanie,Edwards,,(029) 451-5568,2025-07-18,,0,0.0,,No DaySmart Record,Converted,invalid,Prospect Rule,Invalid email — no booking,0,0,Zoho,Zoho Only — Never Booked,2026-04-14
ZCR-100629,ZCR-100629,,Jerome,Wilson,,(295) 506-9714,2026-02-22,,0,0.0,,No DaySmart Record,Qualified,invalid,Prospect Rule,Invalid email — no booking,91,4,Zoho,Zoho Only — Never Booked,2026-04-14
ZCR-100630,ZCR-100630,,Michaela,Boyd,,(614) 848-8151,2024-12-20,,0,0.0,,No DaySmart Record,New,invalid,Prospect Rule,Invalid email — no booking,95,60,Zoho,Zoho Only — Never Booked,2026-04-14
ZCR-100631,ZCR-100631,,Dr.,Dustin Sutton Jr.,,(308) 130-7688,2025-07-15,,0,0.0,,No DaySmart Record,Converted,invalid,Prospect Rule,Invalid email — no booking,9,4,Zoho,Zoho Only — Never Booked,2026-04-14
ZCR-100639,ZCR-100639,,Abigail,Smith,,(477) 614-7593,2024-09-24,,0,0.0,,No DaySmart Record,Converted,abuse,Prospect Rule,Invalid email — no booking,118,36,Zoho,Zoho Only — Never Booked,2026-04-14
ZCR-100643,ZCR-100643,,Catherine,Ramos,,(424) 312-2961,2025-03-19,,0,0.0,,No DaySmart Record,New,abuse,Prospect Rule,Invalid email — no booking,117,49,Zoho,Zoho Only — Never Booked,2026-04-14
ZCR-100681,ZCR-100681,,Alyssa,Hunter,,(567) 386-2849,2024-04-20,,0,0.0,,No DaySmart Record,Unqualified,invalid,Prospect Rule,Invalid email — no booking,10,8,Zoho,Zoho Only — Never Booked,2026-04-14
ZCR-100686,ZCR-100686,,Mark,Weaver,,(519) 590-4002,2024-12-12,,0,0.0,,No DaySmart Record,Unqualified,invalid,Prospect Rule,Invalid email — no booking,10,9,Zoho,Zoho Only — Never Booked,2026-04-14
ZCR-100689,ZCR-100689,,Melanie,Greene,,(973) 321-2104,2026-02-22,,0,0.0,,No DaySmart Record,New,spamtrap,Prospect Rule,Invalid email — no booking,22,5,Zoho,Zoho Only — Never Booked,2026-04-14
ZCR-100701,ZCR-100701,,Erika,Jackson,,(565) 439-0231,2024-12-28,,0,0.0,,No DaySmart Record,Converted,spamtrap,Prospect Rule,Invalid email — no booking,59,50,Zoho,Zoho Only — Never Booked,2026-04-14
ZCR-100709,ZCR-100709,,Michael,Wilson,,(653) 823-0923,2024-05-10,,0,0.0,,No DaySmart Record,Converted,abuse,Prospect Rule,Invalid email — no booking,42,29,Zoho,Zoho Only — Never Booked,2026-04-14
ZCR-100721,ZCR-100721,,Aaron,Williams,,(280) 426-3845,2024-09-21,,0,0.0,,No DaySmart Record,New,invalid,Prospect Rule,Invalid email — no booking,68,29,Zoho,Zoho Only — Never Booked,2026-04-14
ZCR-100732,ZCR-100732,,Corey,King,,(174) 911-4704,2024-06-04,,0,0.0,,No DaySmart Record,Working,invalid,Prospect Rule,Invalid email — no booking,24,17,Zoho,Zoho Only — Never Booked,2026-04-14
ZCR-100735,ZCR-100735,,Laurie,Bailey,,(356) 466-0808,2024-11-08,,0,0.0,,No DaySmart Record,Unqualified,invalid,Prospect Rule,Invalid email — no booking,57,24,Zoho,Zoho Only — Never Booked,2026-04-14
ZCR-100739,ZCR-100739,,Christine,Gutierrez,,(907) 070-0127,2026-01-13,,0,0.0,,No DaySmart Record,Working,invalid,Prospect Rule,Invalid email — no booking,94,42,Zoho,Zoho Only — Never Booked,2026-04-14
ZCR-100748,ZCR-100748,,Jacqueline,Cobb,,(802) 370-2043,2026-02-19,,0,0.0,,No DaySmart Record,Working,invalid,Prospect Rule,Invalid email — no booking,60,19,Zoho,Zoho Only — Never Booked,2026-04-14
ZCR-100756,ZCR-100756,,Renee,Shaffer,,(467) 790-1192,2025-12-01,,0,0.0,,No DaySmart Record,Unqualified,spamtrap,Prospect Rule,Invalid email — no booking,115,41,Zoho,Zoho Only — Never Booked,2026-04-14
ZCR-100758,ZCR-100758,,Sara,Warren,,(155) 189-2901,2025-07-24,,0,0.0,,No DaySmart Record,Working,invalid,Prospect Rule,Invalid email — no booking,35,3,Zoho,Zoho Only — Never Booked,2026-04-14
ZCR-100759,ZCR-100759,,Shelby,Fowler,,(302) 784-4750,2025-07-23,,0,0.0,,No DaySmart Record,Qualified,invalid,Prospect Rule,Invalid email — no booking,8,7,Zoho,Zoho Only — Never Booked,2026-04-14
ZCR-100767,ZCR-100767,,Amanda,Ramos,,(991) 012-1836,2025-12-25,,0,0.0,,No DaySmart Record,Qualified,invalid,Prospect Rule,Invalid email — no booking,113,40,Zoho,Zoho Only — Never Booked,2026-04-14
ZCR-100769,ZCR-100769,,Claire,Hoffman,,(445) 876-6496,2025-01-08,,0,0.0,,No DaySmart Record,New,invalid,Prospect Rule,Invalid email — no booking,7,5,Zoho,Zoho Only — Never Booked,2026-04-14
ZCR-100791,ZCR-100791,,Miss,Kelly Hoffman DDS,,(047) 019-3645,2025-08-31,,0,0.0,,No DaySmart Record,Qualified,invalid,Prospect Rule,Invalid email — no booking,101,50,Zoho,Zoho Only — Never Booked,2026-04-14
ZCR-100793,ZCR-100793,,Barbara,Miller,,(991) 559-4562,2025-07-02,,0,0.0,,No DaySmart Record,New,invalid,Prospect Rule,Invalid email — no booking,94,55,Zoho,Zoho Only — Never Booked,2026-04-14
ZCR-100800,ZCR-100800,,Christina,Hawkins,,(791) 592-7996,2024-04-29,,0,0.0,,No DaySmart Record,Converted,invalid,Prospect Rule,Invalid email — no booking,101,13,Zoho,Zoho Only — Never Booked,2026-04-14
ZCR-100808,ZCR-100808,,Kyle,Bennett,,(590) 694-0088,2024-04-30,,0,0.0,,No DaySmart Record,Working,invalid,Prospect Rule,Invalid email — no booking,111,13,Zoho,Zoho Only — Never Booked,2026-04-14
ZCR-100811,ZCR-100811,,Thomas,Bowman MD,,(660) 041-4454,2025-04-27,,0,0.0,,No DaySmart Record,Qualified,invalid,Prospect Rule,Invalid email — no booking,85,44,Zoho,Zoho Only — Never Booked,2026-04-14
ZCR-100817,ZCR-100817,,Samantha,Hart,,(452) 018-8115,2025-11-05,,0,0.0,,No DaySmart Record,New,invalid,Prospect Rule,Invalid email — no booking,69,32,Zoho,Zoho Only — Never Booked,2026-04-14
ZCR-100827,ZCR-100827,,Andrew,Graham,,(205) 542-6812,2025-07-08,,0,0.0,,No DaySmart Record,Unqualified,spamtrap,Prospect Rule,Invalid email — no booking,59,45,Zoho,Zoho Only — Never Booked,2026-04-14
ZCR-100830,ZCR-100830,,Patrick,Mosley,,(845) 699-5871,2025-12-07,,0,0.0,,No DaySmart Record,Qualified,invalid,Prospect Rule,Invalid email — no booking,62,58,Zoho,Zoho Only — Never Booked,2026-04-14
ZCR-100831,ZCR-100831,,Gabriel,Lopez,,(029) 819-4544,2025-07-04,,0,0.0,,No DaySmart Record,Unqualified,invalid,Prospect Rule,Invalid email — no booking,8,5,Zoho,Zoho Only — Never Booked,2026-04-14
ZCR-100844,ZCR-100844,,Sharon,French,,(073) 219-9727,2026-02-28,,0,0.0,,No DaySmart Record,New,abuse,Prospect Rule,Invalid email — no booking,1,0,Zoho,Zoho Only — Never Booked,2026-04-14
ZCR-100851,ZCR-100851,,Paul,Moon,,(718) 851-4297,2025-01-01,,0,0.0,,No DaySmart Record,Converted,invalid,Prospect Rule,Invalid email — no booking,87,53,Zoho,Zoho Only — Never Booked,2026-04-14
ZCR-100853,ZCR-100853,,Jamie,Swanson,,(080) 958-9476,2024-11-26,,0,0.0,,No DaySmart Record,New,invalid,Prospect Rule,Invalid email — no booking,66,42,Zoho,Zoho Only — Never Booked,2026-04-14
ZCR-100865,ZCR-100865,,Ian,Harvey,,(024) 423-6212,2025-11-04,,0,0.0,,No DaySmart Record,Converted,invalid,Prospect Rule,Invalid email — no booking,33,31,Zoho,Zoho Only — Never Booked,2026-04-14
ZCR-100875,ZCR-100875,,Steven,Cook,,(363) 321-5655,2025-04-23,,0,0.0,,No DaySmart Record,New,invalid,Prospect Rule,Invalid email — no booking,38,32,Zoho,Zoho Only — Never Booked,2026-04-14
ZCR-100881,ZCR-100881,,Timothy,Dominguez,,(875) 486-4469,2026-03-16,,0,0.0,,No DaySmart Record,Working,invalid,Prospect Rule,Invalid email — no booking,39,29,Zoho,Zoho Only — Never Booked,2026-04-14
ZCR-100892,ZCR-100892,,Christie,Sparks,,(633) 880-5448,2025-07-26,,0,0.0,,No DaySmart Record,Qualified,abuse,Prospect Rule,Invalid email — no booking,105,48,Zoho,Zoho Only — Never Booked,2026-04-14
ZCR-100901,ZCR-100901,,Dr.,Brenda Martin,,(720) 022-5743,2024-07-26,,0,0.0,,No DaySmart Record,Working,spamtrap,Prospect Rule,Invalid email — no booking,59,12,Zoho,Zoho Only — Never Booked,2026-04-14
ZCR-100908,ZCR-100908,,Brandon,Carrillo,,(017) 260-6964,2025-02-04,,0,0.0,,No DaySmart Record,Converted,spamtrap,Prospect Rule,Invalid email — no booking,12,8,Zoho,Zoho Only — Never Booked,2026-04-14
ZCR-100917,ZCR-100917,,Samantha,Thomas,,(830) 732-1365,2025-11-13,,0,0.0,,No DaySmart Record,New,invalid,Prospect Rule,Invalid email — no booking,26,9,Zoho,Zoho Only — Never Booked,2026-04-14
ZCR-100918,ZCR-100918,,Todd,Arellano,,(184) 928-5669,2024-06-03,,0,0.0,,No DaySmart Record,Converted,invalid,Prospect Rule,Invalid email — no booking,0,0,Zoho,Zoho Only — Never Booked,2026-04-14
ZCR-100920,ZCR-100920,,Patrick,Leonard,,(292) 816-9651,2024-08-17,,0,0.0,,No DaySmart Record,New,invalid,Prospect Rule,Invalid email — no booking,19,0,Zoho,Zoho Only — Never Booked,2026-04-14
ZCR-100926,ZCR-100926,,Jessica,Kramer,,(461) 915-0911,2025-04-02,,0,0.0,,No DaySmart Record,Converted,spamtrap,Prospect Rule,Invalid email — no booking,57,56,Zoho,Zoho Only — Never Booked,2026-04-14
ZCR-100932,ZCR-100932,,Jonathan,Flores,,(237) 652-8800,2025-04-15,,0,0.0,,No DaySmart Record,Qualified,abuse,Prospect Rule,Invalid email — no booking,98,32,Zoho,Zoho Only — Never Booked,2026-04-14
ZCR-100933,ZCR-100933,,Frank,Hancock,,(114) 564-7038,2025-03-07,,0,0.0,,No DaySmart Record,New,abuse,Prospect Rule,Invalid email — no booking,112,45,Zoho,Zoho Only — Never Booked,2026-04-14
ZCR-100934,ZCR-100934,,Catherine,Reynolds,,(426) 244-4326,2025-01-08,,0,0.0,,No DaySmart Record,Converted,invalid,Prospect Rule,Invalid email — no booking,43,11,Zoho,Zoho Only — Never Booked,2026-04-14
ZCR-100936,ZCR-100936,,Joshua,Price,,(351) 701-1330,2024-12-11,,0,0.0,,No DaySmart Record,Unqualified,invalid,Prospect Rule,Invalid email — no booking,111,42,Zoho,Zoho Only — Never Booked,2026-04-14
ZCR-100953,ZCR-100953,,Jacqueline,Turner,,(927) 559-9115,2025-01-20,,0,0.0,,No DaySmart Record,Unqualified,invalid,Prospect Rule,Invalid email — no booking,96,7,Zoho,Zoho Only — Never Booked,2026-04-14
ZCR-100959,ZCR-100959,,Melissa,Allen,,(984) 230-6140,2025-04-08,,0,0.0,,No DaySmart Record,New,invalid,Prospect Rule,Invalid email — no booking,98,0,Zoho,Zoho Only — Never Booked,2026-04-14
ZCR-100964,ZCR-100964,,Sarah,Roberson,,(823) 746-4287,2025-09-23,,0,0.0,,No DaySmart Record,Qualified,invalid,Prospect Rule,Invalid email — no booking,68,21,Zoho,Zoho Only — Never Booked,2026-04-14
ZCR-100972,ZCR-100972,,Bradley,Aguirre,,(824) 152-7495,2025-03-31,,0,0.0,,No DaySmart Record,Converted,invalid,Prospect Rule,Invalid email — no booking,71,33,Zoho,Zoho Only — Never Booked,2026-04-14
ZCR-100973,ZCR-100973,,William,Smith,,(486) 961-5421,2024-05-08,,0,0.0,,No DaySmart Record,Unqualified,invalid,Prospect Rule,Invalid email — no booking,53,52,Zoho,Zoho Only — Never Booked,2026-04-14
ZCR-100975,ZCR-100975,,Jessica,Tran,,(553) 051-4105,2024-09-18,,0,0.0,,No DaySmart Record,Qualified,invalid,Prospect Rule,Invalid email — no booking,15,13,Zoho,Zoho Only — Never Booked,2026-04-14
ZCR-100980,ZCR-100980,,Michael,Lewis,,(018) 876-7498,2024-11-13,,0,0.0,,No DaySmart Record,Unqualified,invalid,Prospect Rule,Invalid email — no booking,85,28,Zoho,Zoho Only — Never Booked,2026-04-14
ZCR-101001,ZCR-101001,,Aaron,Myers,,(171) 879-1701,2024-04-23,,0,0.0,,No DaySmart Record,Unqualified,invalid,Prospect Rule,Invalid email — no booking,68,5,Zoho,Zoho Only — Never Booked,2026-04-14
ZCR-101011,ZCR-101011,,Harold,Camacho,,(640) 911-2208,2026-02-28,,0,0.0,,No DaySmart Record,Working,invalid,Prospect Rule,Invalid email — no booking,117,26,Zoho,Zoho Only — Never Booked,2026-04-14
ZCR-101012,ZCR-101012,,Kristen,Bradford,,(269) 261-3462,2025-09-26,,0,0.0,,No DaySmart Record,Qualified,invalid,Prospect Rule,Invalid email — no booking,73,51,Zoho,Zoho Only — Never Booked,2026-04-14
ZCR-101024,ZCR-101024,,Marilyn,Henry,,(325) 017-0995,2025-04-27,,0,0.0,,No DaySmart Record,Qualified,invalid,Prospect Rule,Invalid email — no booking,1,0,Zoho,Zoho Only — Never Booked,2026-04-14
ZCR-101041,ZCR-101041,,Kevin,Jackson,,(527) 467-0308,2025-07-27,,0,0.0,,No DaySmart Record,Converted,invalid,Prospect Rule,Invalid email — no booking,96,5,Zoho,Zoho Only — Never Booked,2026-04-14
ZCR-101046,ZCR-101046,,Shannon,Nunez,,(328) 174-3144,2024-05-14,,0,0.0,,No DaySmart Record,Qualified,spamtrap,Prospect Rule,Invalid email — no booking,77,8,Zoho,Zoho Only — Never Booked,2026-04-14
ZCR-101049,ZCR-101049,,Richard,Flynn,,(908) 059-8047,2024-09-25,,0,0.0,,No DaySmart Record,Unqualified,invalid,Prospect Rule,Invalid email — no booking,59,21,Zoho,Zoho Only — Never Booked,2026-04-14
ZCR-101069,ZCR-101069,,Diane,Jones,,(647) 611-2928,2025-12-17,,0,0.0,,No DaySmart Record,Working,spamtrap,Prospect Rule,Invalid email — no booking,95,29,Zoho,Zoho Only — Never Booked,2026-04-14
ZCR-101078,ZCR-101078,,Lori,Madden,,(109) 845-6887,2025-04-13,,0,0.0,,No DaySmart Record,Qualified,invalid,Prospect Rule,Invalid email — no booking,51,41,Zoho,Zoho Only — Never Booked,2026-04-14
ZCR-101085,ZCR-101085,,Martin,Gonzalez,,(044) 390-4936,2025-03-26,,0,0.0,,No DaySmart Record,Unqualified,invalid,Prospect Rule,Invalid email — no booking,19,12,Zoho,Zoho Only — Never Booked,2026-04-14
ZCR-101086,ZCR-101086,,Tammy,Cox,,(129) 779-7030,2024-08-09,,0,0.0,,No DaySmart Record,Unqualified,invalid,Prospect Rule,Invalid email — no booking,42,8,Zoho,Zoho Only — Never Booked,2026-04-14
ZCR-101091,ZCR-101091,,Jason,Smith,,(530) 865-7493,2025-05-30,,0,0.0,,No DaySmart Record,Working,invalid,Prospect Rule,Invalid email — no booking,31,27,Zoho,Zoho Only — Never Booked,2026-04-14
ZCR-101093,ZCR-101093,,Derek,Mckinney,,(363) 024-3934,2025-10-24,,0,0.0,,No DaySmart Record,Unqualified,invalid,Prospect Rule,Invalid email — no booking,64,39,Zoho,Zoho Only — Never Booked,2026-04-14
ZCR-101100,ZCR-101100,,John,Schaefer,,(235) 306-7150,2025-08-04,,0,0.0,,No DaySmart Record,Working,invalid,Prospect Rule,Invalid email — no booking,117,52,Zoho,Zoho Only — Never Booked,2026-04-14
ZCR-101116,ZCR-101116,,Martin,Russo,,(853) 013-8799,2024-05-11,,0,0.0,,No DaySmart Record,Unqualified,invalid,Prospect Rule,Invalid email — no booking,84,12,Zoho,Zoho Only — Never Booked,2026-04-14
ZCR-101117,ZCR-101117,,Michael,Cruz,,(227) 427-9483,2024-07-04,,0,0.0,,No DaySmart Record,Qualified,spamtrap,Prospect Rule,Invalid email — no booking,103,47,Zoho,Zoho Only — Never Booked,2026-04-14
ZCR-101121,ZCR-101121,,Jessica,Harris,,(405) 446-3533,2025-10-23,,0,0.0,,No DaySmart Record,Unqualified,invalid,Prospect Rule,Invalid email — no booking,61,42,Zoho,Zoho Only — Never Booked,2026-04-14
ZCR-101137,ZCR-101137,,Dylan,Vega,,(289) 009-4752,2025-09-25,,0,0.0,,No DaySmart Record,New,abuse,Prospect Rule,Invalid email — no booking,109,36,Zoho,Zoho Only — Never Booked,2026-04-14
ZCR-101159,ZCR-101159,,Kelly,Pratt,,(788) 548-0012,2025-03-23,,0,0.0,,No DaySmart Record,Working,spamtrap,Prospect Rule,Invalid email — no booking,13,12,Zoho,Zoho Only — Never Booked,2026-04-14
ZCR-101164,ZCR-101164,,Dr.,Ashley Walker DVM,,(213) 347-8987,2024-06-28,,0,0.0,,No DaySmart Record,Qualified,invalid,Prospect Rule,Invalid email — no booking,31,26,Zoho,Zoho Only — Never Booked,2026-04-14
ZCR-101170,ZCR-101170,,Gary,Morris,,(254) 658-7742,2024-05-13,,0,0.0,,No DaySmart Record,Converted,invalid,Prospect Rule,Invalid email — no booking,57,10,Zoho,Zoho Only — Never Booked,2026-04-14
ZCR-101172,ZCR-101172,,Jason,House,,(130) 966-9874,2025-05-02,,0,0.0,,No DaySmart Record,Working,invalid,Prospect Rule,Invalid email — no booking,108,49,Zoho,Zoho Only — Never Booked,2026-04-14
ZCR-101173,ZCR-101173,,Joe,Hood,,(658) 873-4476,2025-07-16,,0,0.0,,No DaySmart Record,Working,invalid,Prospect Rule,Invalid email — no booking,80,36,Zoho,Zoho Only — Never Booked,2026-04-14
ZCR-101175,ZCR-101175,,Phillip,Walker,,(977) 276-2358,2024-12-28,,0,0.0,,No DaySmart Record,Qualified,spamtrap,Prospect Rule,Invalid email — no booking,13,0,Zoho,Zoho Only — Never Booked,2026-04-14
ZCR-101176,ZCR-101176,,Jeffrey,White,,(853) 205-3584,2025-12-31,,0,0.0,,No DaySmart Record,Unqualified,spamtrap,Prospect Rule,Invalid email — no booking,10,8,Zoho,Zoho Only — Never Booked,2026-04-14
ZCR-101177,ZCR-101177,,Daniel,Garrison,,(034) 599-6031,2026-04-06,,0,0.0,,No DaySmart Record,Working,invalid,Prospect Rule,Invalid email — no booking,32,14,Zoho,Zoho Only — Never Booked,2026-04-14
ZCR-101179,ZCR-101179,,Jose,Richardson DVM,,(241) 750-0697,2025-01-24,,0,0.0,,No DaySmart Record,New,spamtrap,Prospect Rule,Invalid email — no booking,111,45,Zoho,Zoho Only — Never Booked,2026-04-14
ZCR-101188,ZCR-101188,,Michael,Cline,,(371) 079-2501,2025-03-20,,0,0.0,,No DaySmart Record,Unqualified,invalid,Prospect Rule,Invalid email — no booking,89,40,Zoho,Zoho Only — Never Booked,2026-04-14
ZCR-101191,ZCR-101191,,Daniel,Taylor,,(881) 087-6847,2025-05-19,,0,0.0,,No DaySmart Record,Working,spamtrap,Prospect Rule,Invalid email — no booking,35,6,Zoho,Zoho Only — Never Booked,2026-04-14
ZCR-101193,ZCR-101193,,Stephanie,Mcdowell,,(349) 047-7363,2025-04-09,,0,0.0,,No DaySmart Record,Qualified,invalid,Prospect Rule,Invalid email — no booking,75,33,Zoho,Zoho Only — Never Booked,2026-04-14
ZCR-101195,ZCR-101195,,Steven,Morgan,,(456) 985-5494,2024-06-12,,0,0.0,,No DaySmart Record,Working,invalid,Prospect Rule,Invalid email — no booking,57,6,Zoho,Zoho Only — Never Booked,2026-04-14
ZCR-101219,ZCR-101219,,Andrew,Higgins,,(810) 155-4808,2025-05-07,,0,0.0,,No DaySmart Record,New,invalid,Prospect Rule,Invalid email — no booking,118,58,Zoho,Zoho Only — Never Booked,2026-04-14
ZCR-101222,ZCR-101222,,Ricky,Reid,,(873) 329-9783,2026-04-11,,0,0.0,,No DaySmart Record,Working,invalid,Prospect Rule,Invalid email — no booking,18,10,Zoho,Zoho Only — Never Booked,2026-04-14
ZCR-101227,ZCR-101227,,Alyssa,Fisher,,(421) 028-9927,2024-04-24,,0,0.0,,No DaySmart Record,New,invalid,Prospect Rule,Invalid email — no booking,0,0,Zoho,Zoho Only — Never Booked,2026-04-14
ZCR-101234,ZCR-101234,,Samantha,Schmidt,,(665) 206-1717,2026-03-12,,0,0.0,,No DaySmart Record,Converted,invalid,Prospect Rule,Invalid email — no booking,64,10,Zoho,Zoho Only — Never Booked,2026-04-14
ZCR-101238,ZCR-101238,,John,Mejia,,(359) 616-0064,2025-10-27,,0,0.0,,No DaySmart Record,New,invalid,Prospect Rule,Invalid email — no booking,82,27,Zoho,Zoho Only — Never Booked,2026-04-14
ZCR-101240,ZCR-101240,,Jason,Norris,,(596) 662-6445,2026-02-06,,0,0.0,,No DaySmart Record,Working,invalid,Prospect Rule,Invalid email — no booking,96,58,Zoho,Zoho Only — Never Booked,2026-04-14
ZCR-101241,ZCR-101241,,Brian,Collins,,(643) 076-1784,2025-08-10,,0,0.0,,No DaySmart Record,Qualified,invalid,Prospect Rule,Invalid email — no booking,72,36,Zoho,Zoho Only — Never Booked,2026-04-14
ZCR-101258,ZCR-101258,,Kristina,Curry,,(439) 298-3541,2024-12-02,,0,0.0,,No DaySmart Record,Working,invalid,Prospect Rule,Invalid email — no booking,60,7,Zoho,Zoho Only — Never Booked,2026-04-14
ZCR-101267,ZCR-101267,,Jimmy,Lang,,(792) 587-0566,2024-07-03,,0,0.0,,No DaySmart Record,Unqualified,invalid,Prospect Rule,Invalid email — no booking,74,6,Zoho,Zoho Only — Never Booked,2026-04-14
ZCR-101269,ZCR-101269,,George,Castillo,,(251) 782-6915,2025-03-30,,0,0.0,,No DaySmart Record,Qualified,invalid,Prospect Rule,Invalid email — no booking,114,19,Zoho,Zoho Only — Never Booked,2026-04-14
ZCR-101270,ZCR-101270,,Michael,Booker,,(467) 636-9447,2025-02-14,,0,0.0,,No DaySmart Record,Unqualified,invalid,Prospect Rule,Invalid email — no booking,106,34,Zoho,Zoho Only — Never Booked,2026-04-14
ZCR-101278,ZCR-101278,,Pamela,Pearson,,(834) 466-7306,2026-03-11,,0,0.0,,No DaySmart Record,New,invalid,Prospect Rule,Invalid email — no booking,101,23,Zoho,Zoho Only — Never Booked,2026-04-14
ZCR-101300,ZCR-101300,,Leah,Andrade,,(640) 970-2452,2025-04-12,,0,0.0,,No DaySmart Record,Working,invalid,Prospect Rule,Invalid email — no booking,84,23,Zoho,Zoho Only — Never Booked,2026-04-14
ZCR-101306,ZCR-101306,,Peter,Murphy,,(268) 386-4020,2024-12-27,,0,0.0,,No DaySmart Record,Qualified,invalid,Prospect Rule,Invalid email — no booking,51,2,Zoho,Zoho Only — Never Booked,2026-04-14
ZCR-101318,ZCR-101318,,Maureen,Burns,,(762) 360-1605,2024-04-18,,0,0.0,,No DaySmart Record,Unqualified,invalid,Prospect Rule,Invalid email — no booking,108,32,Zoho,Zoho Only — Never Booked,2026-04-14
ZCR-101324,ZCR-101324,,Carol,Baker,,(941) 348-1280,2024-06-18,,0,0.0,,No DaySmart Record,Unqualified,invalid,Prospect Rule,Invalid email — no booking,54,12,Zoho,Zoho Only — Never Booked,2026-04-14
ZCR-101329,ZCR-101329,,Anthony,Evans,,(210) 099-0723,2025-06-23,,0,0.0,,No DaySmart Record,New,invalid,Prospect Rule,Invalid email — no booking,64,58,Zoho,Zoho Only — Never Booked,2026-04-14
ZCR-101346,ZCR-101346,,Robert,Nguyen,,(249) 273-0855,2024-12-15,,0,0.0,,No DaySmart Record,Qualified,spamtrap,Prospect Rule,Invalid email — no booking,86,40,Zoho,Zoho Only — Never Booked,2026-04-14
ZCR-101376,ZCR-101376,,Timothy,Davis,,(595) 827-1774,2025-10-06,,0,0.0,,No DaySmart Record,Converted,invalid,Prospect Rule,Invalid email — no booking,106,13,Zoho,Zoho Only — Never Booked,2026-04-14
ZCR-101383,ZCR-101383,,Bradley,Taylor,,(760) 184-9656,2026-02-09,,0,0.0,,No DaySmart Record,Working,abuse,Prospect Rule,Invalid email — no booking,103,60,Zoho,Zoho Only — Never Booked,2026-04-14
ZCR-101388,ZCR-101388,,Phillip,Ellis,,(406) 557-6292,2024-09-28,,0,0.0,,No DaySmart Record,Working,invalid,Prospect Rule,Invalid email — no booking,15,11,Zoho,Zoho Only — Never Booked,2026-04-14
ZCR-101396,ZCR-101396,,Shannon,Booker,,(550) 329-0646,2025-11-19,,0,0.0,,No DaySmart Record,New,abuse,Prospect Rule,Invalid email — no booking,89,28,Zoho,Zoho Only — Never Booked,2026-04-14
ZCR-101403,ZCR-101403,,Brittney,Gutierrez,,(321) 029-6574,2025-11-29,,0,0.0,,No DaySmart Record,New,spamtrap,Prospect Rule,Invalid email — no booking,87,60,Zoho,Zoho Only — Never Booked,2026-04-14
ZCR-101404,ZCR-101404,,Mary,Marquez,,(989) 009-9808,2025-05-03,,0,0.0,,No DaySmart Record,Converted,spamtrap,Prospect Rule,Invalid email — no booking,78,17,Zoho,Zoho Only — Never Booked,2026-04-14
ZCR-101406,ZCR-101406,,Courtney,Williams,,(319) 382-7621,2025-01-18,,0,0.0,,No DaySmart Record,New,invalid,Prospect Rule,Invalid email — no booking,45,30,Zoho,Zoho Only — Never Booked,2026-04-14
ZCR-101411,ZCR-101411,,Gregory,White,,(054) 618-3147,2024-10-07,,0,0.0,,No DaySmart Record,New,spamtrap,Prospect Rule,Invalid email — no booking,44,6,Zoho,Zoho Only — Never Booked,2026-04-14
ZCR-101421,ZCR-101421,,Randall,Vega,,(893) 169-5098,2026-01-25,,0,0.0,,No DaySmart Record,Qualified,spamtrap,Prospect Rule,Invalid email — no booking,77,14,Zoho,Zoho Only — Never Booked,2026-04-14
ZCR-101424,ZCR-101424,,Deanna,Young,,(523) 452-9268,2025-09-23,,0,0.0,,No DaySmart Record,Working,invalid,Prospect Rule,Invalid email — no booking,1,0,Zoho,Zoho Only — Never Booked,2026-04-14
ZCR-101436,ZCR-101436,,Cheryl,Young,,(685) 527-3621,2025-09-14,,0,0.0,,No DaySmart Record,Converted,invalid,Prospect Rule,Invalid email — no booking,96,10,Zoho,Zoho Only — Never Booked,2026-04-14
ZCR-101437,ZCR-101437,,Beth,Thomas,,(690) 133-7103,2024-10-10,,0,0.0,,No DaySmart Record,Working,invalid,Prospect Rule,Invalid email — no booking,106,52,Zoho,Zoho Only — Never Booked,2026-04-14
ZCR-101451,ZCR-101451,,Christopher,Sanchez,,(203) 651-3099,2025-07-20,,0,0.0,,No DaySmart Record,Qualified,spamtrap,Prospect Rule,Invalid email — no booking,103,28,Zoho,Zoho Only — Never Booked,2026-04-14
ZCR-101456,ZCR-101456,,Ryan,Skinner,,(453) 502-0026,2025-08-22,,0,0.0,,No DaySmart Record,Qualified,invalid,Prospect Rule,Invalid email — no booking,116,23,Zoho,Zoho Only — Never Booked,2026-04-14
ZCR-101457,ZCR-101457,,Gabriela,King,,(557) 750-8967,2025-08-02,,0,0.0,,No DaySmart Record,New,invalid,Prospect Rule,Invalid email — no booking,2,2,Zoho,Zoho Only — Never Booked,2026-04-14
ZCR-101463,ZCR-101463,,Aaron,Mcknight,,(109) 223-0788,2025-08-29,,0,0.0,,No DaySmart Record,Unqualified,invalid,Prospect Rule,Invalid email — no booking,61,18,Zoho,Zoho Only — Never Booked,2026-04-14
ZCR-101465,ZCR-101465,,Amanda,Acosta,,(247) 949-1414,2025-01-11,,0,0.0,,No DaySmart Record,Qualified,invalid,Prospect Rule,Invalid email — no booking,13,10,Zoho,Zoho Only — Never Booked,2026-04-14
ZCR-101507,ZCR-101507,,Heather,Ross,,(211) 489-4614,2025-04-28,,0,0.0,,No DaySmart Record,Converted,invalid,Prospect Rule,Invalid email — no booking,95,50,Zoho,Zoho Only — Never Booked,2026-04-14
ZCR-101513,ZCR-101513,,Danielle,Hansen,,(797) 251-8511,2025-07-29,,0,0.0,,No DaySmart Record,Qualified,invalid,Prospect Rule,Invalid email — no booking,61,43,Zoho,Zoho Only — Never Booked,2026-04-14
ZCR-101515,ZCR-101515,,Ann,Bates,,(028) 470-0671,2025-06-10,,0,0.0,,No DaySmart Record,Converted,invalid,Prospect Rule,Invalid email — no booking,120,33,Zoho,Zoho Only — Never Booked,2026-04-14
ZCR-101519,ZCR-101519,,Tony,Johnson,,(884) 380-7948,2026-01-01,,0,0.0,,No DaySmart Record,Unqualified,invalid,Prospect Rule,Invalid email — no booking,50,44,Zoho,Zoho Only — Never Booked,2026-04-14
ZCR-101521,ZCR-101521,,Shaun,Howard,,(127) 912-9620,2025-02-03,,0,0.0,,No DaySmart Record,Converted,invalid,Prospect Rule,Invalid email — no booking,9,5,Zoho,Zoho Only — Never Booked,2026-04-14
ZCR-101526,ZCR-101526,,Leslie,Whitaker,,(900) 505-0693,2025-12-31,,0,0.0,,No DaySmart Record,Unqualified,invalid,Prospect Rule,Invalid email — no booking,1,0,Zoho,Zoho Only — Never Booked,2026-04-14
ZCR-101531,ZCR-101531,,Brian,Mitchell,,(309) 047-5286,2025-01-03,,0,0.0,,No DaySmart Record,Unqualified,spamtrap,Prospect Rule,Invalid email — no booking,36,2,Zoho,Zoho Only — Never Booked,2026-04-14
ZCR-101535,ZCR-101535,,Jeffrey,Stewart,,(504) 678-6791,2025-07-06,,0,0.0,,No DaySmart Record,Qualified,spamtrap,Prospect Rule,Invalid email — no booking,88,39,Zoho,Zoho Only — Never Booked,2026-04-14
ZCR-101537,ZCR-101537,,Elizabeth,Boyd,,(482) 112-8236,2024-06-30,,0,0.0,,No DaySmart Record,Qualified,invalid,Prospect Rule,Invalid email — no booking,2,0,Zoho,Zoho Only — Never Booked,2026-04-14
ZCR-101554,ZCR-101554,,Michael,Wells,,(257) 586-4043,2024-12-24,,0,0.0,,No DaySmart Record,Working,spamtrap,Prospect Rule,Invalid email — no booking,12,6,Zoho,Zoho Only — Never Booked,2026-04-14
ZCR-101555,ZCR-101555,,Kathryn,Fischer,,(842) 138-0189,2025-02-17,,0,0.0,,No DaySmart Record,Working,spamtrap,Prospect Rule,Invalid email — no booking,79,14,Zoho,Zoho Only — Never Booked,2026-04-14
ZCR-101561,ZCR-101561,,Jessica,Peterson,,(658) 457-0724,2026-02-01,,0,0.0,,No DaySmart Record,New,invalid,Prospect Rule,Invalid email — no booking,87,43,Zoho,Zoho Only — Never Booked,2026-04-14
ZCR-101574,ZCR-101574,,Wendy,Oneal,,(829) 622-5092,2026-03-30,,0,0.0,,No DaySmart Record,New,abuse,Prospect Rule,Invalid email — no booking,39,13,Zoho,Zoho Only — Never Booked,2026-04-14
ZCR-101576,ZCR-101576,,David,Alexander,,(690) 907-2389,2025-08-23,,0,0.0,,No DaySmart Record,Working,abuse,Prospect Rule,Invalid email — no booking,4,3,Zoho,Zoho Only — Never Booked,2026-04-14
ZCR-101582,ZCR-101582,,Jeremy,Huff,,(379) 603-7939,2025-01-16,,0,0.0,,No DaySmart Record,New,invalid,Prospect Rule,Invalid email — no booking,12,8,Zoho,Zoho Only — Never Booked,2026-04-14
ZCR-101591,ZCR-101591,,Kirk,Curtis,,(886) 937-0728,2024-12-14,,0,0.0,,No DaySmart Record,Converted,invalid,Prospect Rule,Invalid email — no booking,99,46,Zoho,Zoho Only — Never Booked,2026-04-14
ZCR-101598,ZCR-101598,,Tanya,Nolan,,(622) 690-7035,2024-08-21,,0,0.0,,No DaySmart Record,Unqualified,spamtrap,Prospect Rule,Invalid email — no booking,7,5,Zoho,Zoho Only — Never Booked,2026-04-14
ZCR-101600,ZCR-101600,,Albert,White,,(559) 743-7842,2025-06-11,,0,0.0,,No DaySmart Record,Converted,invalid,Prospect Rule,Invalid email — no booking,11,7,Zoho,Zoho Only — Never Booked,2026-04-14
ZCR-101602,ZCR-101602,,Casey,Harris,,(521) 265-0670,2025-05-27,,0,0.0,,No DaySmart Record,Qualified,invalid,Prospect Rule,Invalid email — no booking,57,47,Zoho,Zoho Only — Never Booked,2026-04-14
ZCR-101609,ZCR-101609,,Phillip,Jones,,(014) 417-2196,2024-09-01,,0,0.0,,No DaySmart Record,Qualified,invalid,Prospect Rule,Invalid email — no booking,99,44,Zoho,Zoho Only — Never Booked,2026-04-14
ZCR-101627,ZCR-101627,,Phillip,Miller,,(265) 685-6483,2026-03-29,,0,0.0,,No DaySmart Record,Qualified,abuse,Prospect Rule,Invalid email — no booking,11,6,Zoho,Zoho Only — Never Booked,2026-04-14
ZCR-101628,ZCR-101628,,Daniel,Gonzalez,,(393) 351-2394,2024-10-11,,0,0.0,,No DaySmart Record,Unqualified,invalid,Prospect Rule,Invalid email — no booking,77,51,Zoho,Zoho Only — Never Booked,2026-04-14
ZCR-101630,ZCR-101630,,Bradley,Ochoa,,(212) 299-9325,2024-09-06,,0,0.0,,No DaySmart Record,Working,invalid,Prospect Rule,Invalid email — no booking,65,8,Zoho,Zoho Only — Never Booked,2026-04-14
ZCR-101642,ZCR-101642,,Julie,Yu,,(932) 332-3938,2025-11-09,,0,0.0,,No DaySmart Record,Converted,invalid,Prospect Rule,Invalid email — no booking,67,3,Zoho,Zoho Only — Never Booked,2026-04-14
ZCR-101654,ZCR-101654,,Tammy,Smith,,(885) 565-6463,2025-04-07,,0,0.0,,No DaySmart Record,Working,invalid,Prospect Rule,Invalid email — no booking,85,31,Zoho,Zoho Only — Never Booked,2026-04-14
ZCR-101665,ZCR-101665,,Douglas,Brown,,(827) 713-7953,2025-10-19,,0,0.0,,No DaySmart Record,Unqualified,invalid,Prospect Rule,Invalid email — no booking,42,22,Zoho,Zoho Only — Never Booked,2026-04-14
ZCR-101668,ZCR-101668,,Crystal,Becker,,(271) 634-5252,2025-04-08,,0,0.0,,No DaySmart Record,Working,invalid,Prospect Rule,Invalid email — no booking,41,1,Zoho,Zoho Only — Never Booked,2026-04-14
ZCR-101676,ZCR-101676,,Thomas,Brooks,,(282) 211-7196,2025-01-27,,0,0.0,,No DaySmart Record,Qualified,spamtrap,Prospect Rule,Invalid email — no booking,118,59,Zoho,Zoho Only — Never Booked,2026-04-14
ZCR-101679,ZCR-101679,,Kari,Peterson,,(347) 191-3988,2024-09-23,,0,0.0,,No DaySmart Record,Working,invalid,Prospect Rule,Invalid email — no booking,73,53,Zoho,Zoho Only — Never Booked,2026-04-14
ZCR-101682,ZCR-101682,,Judith,Hernandez,,(579) 419-3318,2024-08-09,,0,0.0,,No DaySmart Record,Unqualified,abuse,Prospect Rule,Invalid email — no booking,97,60,Zoho,Zoho Only — Never Booked,2026-04-14
ZCR-101698,ZCR-101698,,Tammy,Murphy,,(737) 652-3777,2025-11-20,,0,0.0,,No DaySmart Record,Working,invalid,Prospect Rule,Invalid email — no booking,62,12,Zoho,Zoho Only — Never Booked,2026-04-14
ZCR-101701,ZCR-101701,,Clayton,Johnson,,(533) 101-8209,2025-11-26,,0,0.0,,No DaySmart Record,Unqualified,abuse,Prospect Rule,Invalid email — no booking,37,27,Zoho,Zoho Only — Never Booked,2026-04-14
ZCR-101702,ZCR-101702,,Johnny,Edwards,,(746) 728-8351,2026-03-20,,0,0.0,,No DaySmart Record,Unqualified,abuse,Prospect Rule,Invalid email — no booking,71,30,Zoho,Zoho Only — Never Booked,2026-04-14
ZCR-101714,ZCR-101714,,Derek,Gomez,,(962) 716-4290,2025-07-25,,0,0.0,,No DaySmart Record,Unqualified,spamtrap,Prospect Rule,Invalid email — no booking,36,18,Zoho,Zoho Only — Never Booked,2026-04-14
ZCR-101716,ZCR-101716,,Laura,Hurst,,(944) 712-7267,2024-12-19,,0,0.0,,No DaySmart Record,Unqualified,invalid,Prospect Rule,Invalid email — no booking,29,1,Zoho,Zoho Only — Never Booked,2026-04-14
ZCR-101718,ZCR-101718,,Kerry,Cook,,(285) 276-3244,2025-10-02,,0,0.0,,No DaySmart Record,Working,invalid,Prospect Rule,Invalid email — no booking,5,4,Zoho,Zoho Only — Never Booked,2026-04-14
ZCR-101725,ZCR-101725,,Peter,Crosby,,(566) 444-7059,2024-09-05,,0,0.0,,No DaySmart Record,Unqualified,abuse,Prospect Rule,Invalid email — no booking,78,24,Zoho,Zoho Only — Never Booked,2026-04-14
ZCR-101754,ZCR-101754,,Theresa,Rivera,,(292) 747-2292,2026-02-06,,0,0.0,,No DaySmart Record,Working,invalid,Prospect Rule,Invalid email — no booking,30,24,Zoho,Zoho Only — Never Booked,2026-04-14
ZCR-101756,ZCR-101756,,Michael,Richards DVM,,(254) 554-6400,2024-07-25,,0,0.0,,No DaySmart Record,New,invalid,Prospect Rule,Invalid email — no booking,17,6,Zoho,Zoho Only — Never Booked,2026-04-14
ZCR-101757,ZCR-101757,,Jason,Singh,,(184) 052-2267,2026-04-10,,0,0.0,,No DaySmart Record,Unqualified,spamtrap,Prospect Rule,Invalid email — no booking,29,6,Zoho,Zoho Only — Never Booked,2026-04-14
ZCR-101759,ZCR-101759,,Donna,Joseph,,(077) 519-9430,2024-05-21,,0,0.0,,No DaySmart Record,Converted,spamtrap,Prospect Rule,Invalid email — no booking,7,7,Zoho,Zoho Only — Never Booked,2026-04-14
ZCR-101764,ZCR-101764,,William,Navarro,,(668) 195-0242,2024-05-23,,0,0.0,,No DaySmart Record,Unqualified,invalid,Prospect Rule,Invalid email — no booking,95,43,Zoho,Zoho Only — Never Booked,2026-04-14
ZCR-101766,ZCR-101766,,Bradley,Shelton,,(376) 876-4298,2025-03-30,,0,0.0,,No DaySmart Record,Unqualified,invalid,Prospect Rule,Invalid email — no booking,62,20,Zoho,Zoho Only — Never Booked,2026-04-14
ZCR-101775,ZCR-101775,,Ann,Petersen,,(473) 460-7317,2025-01-29,,0,0.0,,No DaySmart Record,Converted,invalid,Prospect Rule,Invalid email — no booking,16,16,Zoho,Zoho Only — Never Booked,2026-04-14
ZCR-101780,ZCR-101780,,Victoria,Johnson,,(777) 663-9780,2024-07-14,,0,0.0,,No DaySmart Record,Qualified,spamtrap,Prospect Rule,Invalid email — no booking,62,29,Zoho,Zoho Only — Never Booked,2026-04-14
ZCR-101785,ZCR-101785,,Marilyn,Figueroa,,(966) 710-7550,2025-07-20,,0,0.0,,No DaySmart Record,Working,invalid,Prospect Rule,Invalid email — no booking,3,0,Zoho,Zoho Only — Never Booked,2026-04-14
ZCR-101800,ZCR-101800,,Joe,Mitchell,,(562) 432-0167,2026-04-06,,0,0.0,,No DaySmart Record,Converted,invalid,Prospect Rule,Invalid email — no booking,71,23,Zoho,Zoho Only — Never Booked,2026-04-14
ZCR-101802,ZCR-101802,,Jodi,Morgan,,(233) 140-4684,2024-08-04,,0,0.0,,No DaySmart Record,Converted,spamtrap,Prospect Rule,Invalid email — no booking,26,5,Zoho,Zoho Only — Never Booked,2026-04-14
ZCR-101807,ZCR-101807,,Jennifer,Herrera,,(585) 079-3145,2025-06-25,,0,0.0,,No DaySmart Record,Working,invalid,Prospect Rule,Invalid email — no booking,13,0,Zoho,Zoho Only — Never Booked,2026-04-14
ZCR-101809,ZCR-101809,,Brittany,Hammond,,(460) 733-6211,2025-09-05,,0,0.0,,No DaySmart Record,Working,spamtrap,Prospect Rule,Invalid email — no booking,94,56,Zoho,Zoho Only — Never Booked,2026-04-14
ZCR-101819,ZCR-101819,,Daniel,Freeman,,(369) 704-7555,2024-10-07,,0,0.0,,No DaySmart Record,Working,invalid,Prospect Rule,Invalid email — no booking,81,22,Zoho,Zoho Only — Never Booked,2026-04-14
ZCR-101826,ZCR-101826,,Daniel,Prince,,(860) 268-7146,2025-03-27,,0,0.0,,No DaySmart Record,Converted,spamtrap,Prospect Rule,Invalid email — no booking,66,42,Zoho,Zoho Only — Never Booked,2026-04-14
ZCR-101839,ZCR-101839,,Vanessa,Ramirez,,(730) 708-1205,2024-04-29,,0,0.0,,No DaySmart Record,Converted,invalid,Prospect Rule,Invalid email — no booking,115,28,Zoho,Zoho Only — Never Booked,2026-04-14
ZCR-101840,ZCR-101840,,Shannon,Todd,,(696) 852-5945,2025-05-09,,0,0.0,,No DaySmart Record,Unqualified,invalid,Prospect Rule,Invalid email — no booking,19,2,Zoho,Zoho Only — Never Booked,2026-04-14
ZCR-101852,ZCR-101852,,Heidi,King,,(743) 903-2712,2024-12-10,,0,0.0,,No DaySmart Record,Converted,invalid,Prospect Rule,Invalid email — no booking,9,9,Zoho,Zoho Only — Never Booked,2026-04-14
ZCR-101855,ZCR-101855,,Carlos,Phillips,,(978) 845-2675,2025-02-21,,0,0.0,,No DaySmart Record,Working,invalid,Prospect Rule,Invalid email — no booking,66,18,Zoho,Zoho Only — Never Booked,2026-04-14
ZCR-101856,ZCR-101856,,Nancy,Martinez,,(499) 010-4927,2025-02-10,,0,0.0,,No DaySmart Record,New,invalid,Prospect Rule,Invalid email — no booking,90,57,Zoho,Zoho Only — Never Booked,2026-04-14
ZCR-101858,ZCR-101858,,Ian,Duran,,(316) 042-8965,2024-12-18,,0,0.0,,No DaySmart Record,Converted,invalid,Prospect Rule,Invalid email — no booking,96,55,Zoho,Zoho Only — Never Booked,2026-04-14
ZCR-101862,ZCR-101862,,Richard,Taylor,,(010) 592-6190,2025-02-03,,0,0.0,,No DaySmart Record,Working,spamtrap,Prospect Rule,Invalid email — no booking,113,50,Zoho,Zoho Only — Never Booked,2026-04-14
ZCR-101868,ZCR-101868,,Ryan,Davies,,(613) 134-0448,2025-01-31,,0,0.0,,No DaySmart Record,Unqualified,abuse,Prospect Rule,Invalid email — no booking,60,27,Zoho,Zoho Only — Never Booked,2026-04-14
ZCR-101873,ZCR-101873,,Kimberly,Alexander,,(452) 173-7507,2024-08-23,,0,0.0,,No DaySmart Record,Qualified,invalid,Prospect Rule,Invalid email — no booking,21,12,Zoho,Zoho Only — Never Booked,2026-04-14
ZCR-101880,ZCR-101880,,Valerie,Gonzalez,,(414) 695-6697,2024-05-14,,0,0.0,,No DaySmart Record,Unqualified,invalid,Prospect Rule,Invalid email — no booking,51,13,Zoho,Zoho Only — Never Booked,2026-04-14
ZCR-101882,ZCR-101882,,Jennifer,Smith,,(474) 796-1232,2024-04-29,,0,0.0,,No DaySmart Record,New,invalid,Prospect Rule,Invalid email — no booking,102,1,Zoho,Zoho Only — Never Booked,2026-04-14
ZCR-101893,ZCR-101893,,Dr.,Timothy Walker,,(899) 268-8156,2024-12-19,,0,0.0,,No DaySmart Record,Working,invalid,Prospect Rule,Invalid email — no booking,30,27,Zoho,Zoho Only — Never Booked,2026-04-14
ZCR-101895,ZCR-101895,,Nancy,Molina,,(534) 345-8392,2025-11-25,,0,0.0,,No DaySmart Record,New,invalid,Prospect Rule,Invalid email — no booking,67,51,Zoho,Zoho Only — Never Booked,2026-04-14
ZCR-101899,ZCR-101899,,Michael,Kramer,,(075) 935-8955,2025-03-27,,0,0.0,,No DaySmart Record,New,invalid,Prospect Rule,Invalid email — no booking,25,24,Zoho,Zoho Only — Never Booked,2026-04-14
ZCR-101922,ZCR-101922,,David,Vasquez,,(802) 584-4266,2025-05-04,,0,0.0,,No DaySmart Record,Working,invalid,Prospect Rule,Invalid email — no booking,75,24,Zoho,Zoho Only — Never Booked,2026-04-14
ZCR-101928,ZCR-101928,,Chris,Reeves,,(838) 328-0385,2024-12-26,,0,0.0,,No DaySmart Record,Converted,invalid,Prospect Rule,Invalid email — no booking,20,20,Zoho,Zoho Only — Never Booked,2026-04-14
ZCR-101942,ZCR-101942,,Cathy,Price,,(697) 909-4043,2026-03-04,,0,0.0,,No DaySmart Record,Unqualified,abuse,Prospect Rule,Invalid email — no booking,75,35,Zoho,Zoho Only — Never Booked,2026-04-14
ZCR-101943,ZCR-101943,,Crystal,Henry,,(184) 729-3883,2025-05-08,,0,0.0,,No DaySmart Record,New,invalid,Prospect Rule,Invalid email — no booking,80,50,Zoho,Zoho Only — Never Booked,2026-04-14
ZCR-101946,ZCR-101946,,Megan,Thompson,,(376) 567-7924,2026-03-03,,0,0.0,,No DaySmart Record,Working,invalid,Prospect Rule,Invalid email — no booking,57,15,Zoho,Zoho Only — Never Booked,2026-04-14
ZCR-101948,ZCR-101948,,Austin,Rodriguez,,(694) 645-6917,2025-06-04,,0,0.0,,No DaySmart Record,Converted,abuse,Prospect Rule,Invalid email — no booking,63,37,Zoho,Zoho Only — Never Booked,2026-04-14
ZCR-101955,ZCR-101955,,Joshua,Stanley,,(551) 272-7113,2025-04-17,,0,0.0,,No DaySmart Record,Working,invalid,Prospect Rule,Invalid email — no booking,24,17,Zoho,Zoho Only — Never Booked,2026-04-14
ZCR-101957,ZCR-101957,,Maria,Lindsey,,(202) 789-0369,2025-04-19,,0,0.0,,No DaySmart Record,New,invalid,Prospect Rule,Invalid email — no booking,49,48,Zoho,Zoho Only — Never Booked,2026-04-14
ZCR-101961,ZCR-101961,,Tara,Jones,,(401) 207-6566,2026-04-06,,0,0.0,,No DaySmart Record,Qualified,invalid,Prospect Rule,Invalid email — no booking,10,2,Zoho,Zoho Only — Never Booked,2026-04-14
ZCR-101970,ZCR-101970,,Joseph,Mann,,(255) 649-1512,2026-03-03,,0,0.0,,No DaySmart Record,Qualified,invalid,Prospect Rule,Invalid email — no booking,53,5,Zoho,Zoho Only — Never Booked,2026-04-14
ZCR-101971,ZCR-101971,,John,Maldonado,,(586) 174-0845,2025-11-24,,0,0.0,,No DaySmart Record,New,invalid,Prospect Rule,Invalid email — no booking,120,37,Zoho,Zoho Only — Never Booked,2026-04-14
ZCR-101980,ZCR-101980,,Jane,White,,(127) 346-3684,2026-02-25,,0,0.0,,No DaySmart Record,New,invalid,Prospect Rule,Invalid email — no booking,17,6,Zoho,Zoho Only — Never Booked,2026-04-14
ZCR-101985,ZCR-101985,,Danielle,Daniels,,(248) 090-3669,2024-12-30,,0,0.0,,No DaySmart Record,Converted,invalid,Prospect Rule,Invalid email — no booking,52,7,Zoho,Zoho Only — Never Booked,2026-04-14
ZCR-101993,ZCR-101993,,Nicholas,Yates,,(628) 278-5973,2024-09-09,,0,0.0,,No DaySmart Record,Qualified,abuse,Prospect Rule,Invalid email — no booking,24,5,Zoho,Zoho Only — Never Booked,2026-04-14
ZCR-102007,ZCR-102007,,Linda,Sparks,,(803) 936-0154,2025-01-26,,0,0.0,,No DaySmart Record,Working,invalid,Prospect Rule,Invalid email — no booking,106,57,Zoho,Zoho Only — Never Booked,2026-04-14
ZCR-102018,ZCR-102018,,Wesley,Taylor,,(938) 986-1269,2024-04-28,,0,0.0,,No DaySmart Record,New,abuse,Prospect Rule,Invalid email — no booking,79,28,Zoho,Zoho Only — Never Booked,2026-04-14
ZCR-102024,ZCR-102024,,Brian,Braun,,(410) 559-9446,2024-10-02,,0,0.0,,No DaySmart Record,Working,invalid,Prospect Rule,Invalid email — no booking,73,34,Zoho,Zoho Only — Never Booked,2026-04-14
ZCR-102027,ZCR-102027,,Robert,Garcia,,(789) 781-1226,2025-08-05,,0,0.0,,No DaySmart Record,Unqualified,spamtrap,Prospect Rule,Invalid email — no booking,43,5,Zoho,Zoho Only — Never Booked,2026-04-14
ZCR-102030,ZCR-102030,,Toni,Harrison,,(888) 608-3695,2024-07-12,,0,0.0,,No DaySmart Record,Unqualified,invalid,Prospect Rule,Invalid email — no booking,26,7,Zoho,Zoho Only — Never Booked,2026-04-14
ZCR-102045,ZCR-102045,,Stephanie,Simmons,,(581) 344-2675,2025-09-27,,0,0.0,,No DaySmart Record,Converted,abuse,Prospect Rule,Invalid email — no booking,40,7,Zoho,Zoho Only — Never Booked,2026-04-14
ZCR-102060,ZCR-102060,,David,Thomas,,(751) 646-0306,2025-09-28,,0,0.0,,No DaySmart Record,New,invalid,Prospect Rule,Invalid email — no booking,26,11,Zoho,Zoho Only — Never Booked,2026-04-14
ZCR-102062,ZCR-102062,,Sheila,Lynn,,(516) 133-7002,2025-04-30,,0,0.0,,No DaySmart Record,Qualified,invalid,Prospect Rule,Invalid email — no booking,55,32,Zoho,Zoho Only — Never Booked,2026-04-14
ZCR-102074,ZCR-102074,,Steven,Jones,,(952) 504-8084,2025-02-24,,0,0.0,,No DaySmart Record,Converted,invalid,Prospect Rule,Invalid email — no booking,120,3,Zoho,Zoho Only — Never Booked,2026-04-14
ZCR-102084,ZCR-102084,,Allison,Meyer,,(900) 084-3817,2026-03-14,,0,0.0,,No DaySmart Record,Working,spamtrap,Prospect Rule,Invalid email — no booking,28,0,Zoho,Zoho Only — Never Booked,2026-04-14
ZCR-102085,ZCR-102085,,Frank,Moon,,(410) 443-0415,2025-03-11,,0,0.0,,No DaySmart Record,New,invalid,Prospect Rule,Invalid email — no booking,14,13,Zoho,Zoho Only — Never Booked,2026-04-14
ZCR-102126,ZCR-102126,,Barbara,Smith,,(966) 903-9083,2025-03-06,,0,0.0,,No DaySmart Record,Working,invalid,Prospect Rule,Invalid email — no booking,105,52,Zoho,Zoho Only — Never Booked,2026-04-14
ZCR-102129,ZCR-102129,,Emily,Drake,,(102) 318-7596,2025-05-13,,0,0.0,,No DaySmart Record,Working,invalid,Prospect Rule,Invalid email — no booking,43,30,Zoho,Zoho Only — Never Booked,2026-04-14
ZCR-102134,ZCR-102134,,Mrs.,Michelle Pope DVM,,(296) 151-2858,2024-11-05,,0,0.0,,No DaySmart Record,Converted,invalid,Prospect Rule,Invalid email — no booking,106,7,Zoho,Zoho Only — Never Booked,2026-04-14
ZCR-102142,ZCR-102142,,Karen,Simpson,,(630) 438-2044,2025-02-26,,0,0.0,,No DaySmart Record,Working,invalid,Prospect Rule,Invalid email — no booking,119,21,Zoho,Zoho Only — Never Booked,2026-04-14
ZCR-102154,ZCR-102154,,Cody,Jackson,,(714) 359-2077,2025-11-28,,0,0.0,,No DaySmart Record,Working,invalid,Prospect Rule,Invalid email — no booking,16,6,Zoho,Zoho Only — Never Booked,2026-04-14
ZCR-102155,ZCR-102155,,Amanda,Baker,,(678) 647-7477,2025-06-05,,0,0.0,,No DaySmart Record,Converted,invalid,Prospect Rule,Invalid email — no booking,48,47,Zoho,Zoho Only — Never Booked,2026-04-14
ZCR-102168,ZCR-102168,,Kayla,Smith,,(189) 285-6085,2024-08-03,,0,0.0,,No DaySmart Record,Converted,invalid,Prospect Rule,Invalid email — no booking,23,18,Zoho,Zoho Only — Never Booked,2026-04-14
ZCR-102171,ZCR-102171,,Amy,Taylor,,(336) 066-8493,2024-05-22,,0,0.0,,No DaySmart Record,New,invalid,Prospect Rule,Invalid email — no booking,46,25,Zoho,Zoho Only — Never Booked,2026-04-14
ZCR-102182,ZCR-102182,,Austin,Garcia,,(924) 913-5158,2024-05-24,,0,0.0,,No DaySmart Record,New,invalid,Prospect Rule,Invalid email — no booking,48,25,Zoho,Zoho Only — Never Booked,2026-04-14
ZCR-102193,ZCR-102193,,Mark,Gonzalez,,(601) 558-0152,2024-08-08,,0,0.0,,No DaySmart Record,Converted,invalid,Prospect Rule,Invalid email — no booking,92,46,Zoho,Zoho Only — Never Booked,2026-04-14
ZCR-102211,ZCR-102211,,Nancy,Allen,,(130) 391-2136,2026-02-21,,0,0.0,,No DaySmart Record,Unqualified,abuse,Prospect Rule,Invalid email — no booking,85,29,Zoho,Zoho Only — Never Booked,2026-04-14
ZCR-102214,ZCR-102214,,Jimmy,Lambert,,(312) 510-4203,2026-03-01,,0,0.0,,No DaySmart Record,Qualified,invalid,Prospect Rule,Invalid email — no booking,64,2,Zoho,Zoho Only — Never Booked,2026-04-14
ZCR-102221,ZCR-102221,,Carolyn,Davidson,,(606) 882-7397,2026-02-20,,0,0.0,,No DaySmart Record,Converted,invalid,Prospect Rule,Invalid email — no booking,115,34,Zoho,Zoho Only — Never Booked,2026-04-14
ZCR-102226,ZCR-102226,,William,Richmond,,(402) 625-4815,2024-10-13,,0,0.0,,No DaySmart Record,Working,abuse,Prospect Rule,Invalid email — no booking,15,14,Zoho,Zoho Only — Never Booked,2026-04-14
ZCR-102243,ZCR-102243,,Zachary,Duran,,(774) 534-5950,2025-10-28,,0,0.0,,No DaySmart Record,Working,invalid,Prospect Rule,Invalid email — no booking,13,3,Zoho,Zoho Only — Never Booked,2026-04-14
ZCR-102247,ZCR-102247,,Lauren,Schmitt,,(373) 168-8557,2025-02-11,,0,0.0,,No DaySmart Record,Unqualified,invalid,Prospect Rule,Invalid email — no booking,60,48,Zoho,Zoho Only — Never Booked,2026-04-14
ZCR-102249,ZCR-102249,,Michael,Hall,,(631) 997-4036,2025-02-27,,0,0.0,,No DaySmart Record,Unqualified,spamtrap,Prospect Rule,Invalid email — no booking,18,3,Zoho,Zoho Only — Never Booked,2026-04-14
ZCR-102254,ZCR-102254,,Linda,Brown DVM,,(032) 696-0726,2025-10-11,,0,0.0,,No DaySmart Record,New,invalid,Prospect Rule,Invalid email — no booking,99,30,Zoho,Zoho Only — Never Booked,2026-04-14
ZCR-102255,ZCR-102255,,Angela,Davis,,(577) 450-0628,2026-02-27,,0,0.0,,No DaySmart Record,Qualified,invalid,Prospect Rule,Invalid email — no booking,60,5,Zoho,Zoho Only — Never Booked,2026-04-14
ZCR-102262,ZCR-102262,,Christina,Wilkins,,(941) 014-8374,2025-06-02,,0,0.0,,No DaySmart Record,Qualified,spamtrap,Prospect Rule,Invalid email — no booking,24,16,Zoho,Zoho Only — Never Booked,2026-04-14
ZCR-102276,ZCR-102276,,Christian,Cisneros,,(756) 519-2948,2025-01-29,,0,0.0,,No DaySmart Record,Qualified,abuse,Prospect Rule,Invalid email — no booking,47,18,Zoho,Zoho Only — Never Booked,2026-04-14
ZCR-102278,ZCR-102278,,Brenda,Frank,,(187) 982-3613,2024-07-23,,0,0.0,,No DaySmart Record,Unqualified,invalid,Prospect Rule,Invalid email — no booking,79,46,Zoho,Zoho Only — Never Booked,2026-04-14
ZCR-102283,ZCR-102283,,Sandra,Olsen,,(114) 935-1274,2025-07-14,,0,0.0,,No DaySmart Record,Converted,invalid,Prospect Rule,Invalid email — no booking,42,14,Zoho,Zoho Only — Never Booked,2026-04-14
ZCR-102306,ZCR-102306,,Kristina,Young,,(446) 709-8784,2025-06-11,,0,0.0,,No DaySmart Record,New,invalid,Prospect Rule,Invalid email — no booking,90,53,Zoho,Zoho Only — Never Booked,2026-04-14
ZCR-102309,ZCR-102309,,Charles,Adams,,(672) 399-6380,2025-06-16,,0,0.0,,No DaySmart Record,Converted,invalid,Prospect Rule,Invalid email — no booking,68,46,Zoho,Zoho Only — Never Booked,2026-04-14
ZCR-102312,ZCR-102312,,Barbara,Mckinney,,(899) 445-4226,2025-03-30,,0,0.0,,No DaySmart Record,Converted,invalid,Prospect Rule,Invalid email — no booking,46,29,Zoho,Zoho Only — Never Booked,2026-04-14
ZCR-102314,ZCR-102314,,Darlene,Moore,,(445) 878-5927,2025-01-03,,0,0.0,,No DaySmart Record,Converted,abuse,Prospect Rule,Invalid email — no booking,106,55,Zoho,Zoho Only — Never Booked,2026-04-14
ZCR-102315,ZCR-102315,,Karen,Mcpherson,,(438) 331-3522,2024-09-24,,0,0.0,,No DaySmart Record,New,invalid,Prospect Rule,Invalid email — no booking,114,36,Zoho,Zoho Only — Never Booked,2026-04-14
ZCR-102335,ZCR-102335,,Mary,Stevenson,,(443) 309-0648,2024-10-09,,0,0.0,,No DaySmart Record,New,invalid,Prospect Rule,Invalid email — no booking,98,46,Zoho,Zoho Only — Never Booked,2026-04-14
ZCR-102377,ZCR-102377,,Julie,Martin,,(958) 620-2976,2024-09-27,,0,0.0,,No DaySmart Record,New,invalid,Prospect Rule,Invalid email — no booking,112,20,Zoho,Zoho Only — Never Booked,2026-04-14
ZCR-102388,ZCR-102388,,Margaret,Jordan,,(113) 831-1793,2025-02-21,,0,0.0,,No DaySmart Record,Qualified,invalid,Prospect Rule,Invalid email — no booking,0,0,Zoho,Zoho Only — Never Booked,2026-04-14
ZCR-102396,ZCR-102396,,Kylie,Clarke,,(867) 846-1174,2026-02-11,,0,0.0,,No DaySmart Record,Qualified,invalid,Prospect Rule,Invalid email — no booking,99,48,Zoho,Zoho Only — Never Booked,2026-04-14
ZCR-102400,ZCR-102400,,Robert,Anderson,,(254) 811-0905,2025-04-27,,0,0.0,,No DaySmart Record,Converted,spamtrap,Prospect Rule,Invalid email — no booking,34,9,Zoho,Zoho Only — Never Booked,2026-04-14
ZCR-102402,ZCR-102402,,Mrs.,Yolanda Murphy,,(219) 379-5167,2025-02-20,,0,0.0,,No DaySmart Record,Working,invalid,Prospect Rule,Invalid email — no booking,92,19,Zoho,Zoho Only — Never Booked,2026-04-14
ZCR-102426,ZCR-102426,,Katherine,Hughes,,(229) 855-3356,2024-06-04,,0,0.0,,No DaySmart Record,Working,invalid,Prospect Rule,Invalid email — no booking,3,2,Zoho,Zoho Only — Never Booked,2026-04-14
ZCR-102429,ZCR-102429,,David,Taylor,,(632) 058-9087,2026-03-17,,0,0.0,,No DaySmart Record,Converted,invalid,Prospect Rule,Invalid email — no booking,73,46,Zoho,Zoho Only — Never Booked,2026-04-14
ZCR-102430,ZCR-102430,,Joy,Harrison,,(426) 803-3741,2025-03-27,,0,0.0,,No DaySmart Record,Converted,spamtrap,Prospect Rule,Invalid email — no booking,114,55,Zoho,Zoho Only — Never Booked,2026-04-14
ZCR-102494,ZCR-102494,,Kelli,Kelly,,(056) 799-0168,2025-12-24,,0,0.0,,No DaySmart Record,Working,invalid,Prospect Rule,Invalid email — no booking,1,0,Zoho,Zoho Only — Never Booked,2026-04-14
ZCR-102517,ZCR-102517,,Heather,Kim,,(353) 893-9652,2025-10-01,,0,0.0,,No DaySmart Record,Unqualified,invalid,Prospect Rule,Invalid email — no booking,79,44,Zoho,Zoho Only — Never Booked,2026-04-14
ZCR-102522,ZCR-102522,,Bradley,Smith,,(642) 890-8290,2024-08-16,,0,0.0,,No DaySmart Record,Qualified,invalid,Prospect Rule,Invalid email — no booking,85,44,Zoho,Zoho Only — Never Booked,2026-04-14
ZCR-102526,ZCR-102526,,Eileen,Anderson,,(438) 283-3910,2025-08-27,,0,0.0,,No DaySmart Record,Working,invalid,Prospect Rule,Invalid email — no booking,82,5,Zoho,Zoho Only — Never Booked,2026-04-14
ZCR-102528,ZCR-102528,,Dylan,Miller,,(997) 779-6315,2025-02-10,,0,0.0,,No DaySmart Record,Converted,invalid,Prospect Rule,Invalid email — no booking,51,19,Zoho,Zoho Only — Never Booked,2026-04-14
ZCR-102556,ZCR-102556,,Alyssa,Bender,,(138) 184-8692,2025-07-08,,0,0.0,,No DaySmart Record,Unqualified,invalid,Prospect Rule,Invalid email — no booking,1,1,Zoho,Zoho Only — Never Booked,2026-04-14
ZCR-102558,ZCR-102558,,Roberto,Richardson,,(499) 425-9895,2024-09-03,,0,0.0,,No DaySmart Record,Converted,invalid,Prospect Rule,Invalid email — no booking,2,2,Zoho,Zoho Only — Never Booked,2026-04-14
ZCR-102567,ZCR-102567,,Mrs.,Emily Nelson,,(421) 055-6684,2024-12-05,,0,0.0,,No DaySmart Record,Qualified,abuse,Prospect Rule,Invalid email — no booking,69,35,Zoho,Zoho Only — Never Booked,2026-04-14
ZCR-102571,ZCR-102571,,Mr.,Lucas Potter II,,(854) 430-2623,2024-09-12,,0,0.0,,No DaySmart Record,Working,invalid,Prospect Rule,Invalid email — no booking,69,42,Zoho,Zoho Only — Never Booked,2026-04-14
ZCR-102580,ZCR-102580,,Audrey,Sweeney,,(026) 995-5349,2025-03-28,,0,0.0,,No DaySmart Record,Converted,invalid,Prospect Rule,Invalid email — no booking,55,20,Zoho,Zoho Only — Never Booked,2026-04-14
ZCR-102584,ZCR-102584,,Cheryl,White,,(016) 170-1997,2024-12-25,,0,0.0,,No DaySmart Record,Unqualified,abuse,Prospect Rule,Invalid email — no booking,98,17,Zoho,Zoho Only — Never Booked,2026-04-14
ZCR-102590,ZCR-102590,,Alexandra,Montes,,(243) 937-1871,2025-06-15,,0,0.0,,No DaySmart Record,New,invalid,Prospect Rule,Invalid email — no booking,108,29,Zoho,Zoho Only — Never Booked,2026-04-14
ZCR-102603,ZCR-102603,,Dr.,Patricia Dunlap,,(320) 795-1859,2024-04-18,,0,0.0,,No DaySmart Record,Qualified,spamtrap,Prospect Rule,Invalid email — no booking,90,5,Zoho,Zoho Only — Never Booked,2026-04-14
ZCR-102611,ZCR-102611,,Ryan,Baker,,(195) 245-6324,2025-12-27,,0,0.0,,No DaySmart Record,New,spamtrap,Prospect Rule,Invalid email — no booking,27,20,Zoho,Zoho Only — Never Booked,2026-04-14
ZCR-102649,ZCR-102649,,Michael,Frank,,(913) 379-3585,2025-02-21,,0,0.0,,No DaySmart Record,Working,spamtrap,Prospect Rule,Invalid email — no booking,47,5,Zoho,Zoho Only — Never Booked,2026-04-14
ZCR-102651,ZCR-102651,,Robert,Richardson,,(634) 593-1732,2025-06-05,,0,0.0,,No DaySmart Record,Unqualified,invalid,Prospect Rule,Invalid email — no booking,12,11,Zoho,Zoho Only — Never Booked,2026-04-14
ZCR-102658,ZCR-102658,,Carly,Knight,,(373) 102-7962,2024-06-12,,0,0.0,,No DaySmart Record,Unqualified,invalid,Prospect Rule,Invalid email — no booking,23,3,Zoho,Zoho Only — Never Booked,2026-04-14
ZCR-102659,ZCR-102659,,Christopher,Martin,,(688) 455-3626,2025-07-01,,0,0.0,,No DaySmart Record,Unqualified,invalid,Prospect Rule,Invalid email — no booking,63,7,Zoho,Zoho Only — Never Booked,2026-04-14
ZCR-102662,ZCR-102662,,Theresa,Hart,,(792) 053-6851,2024-06-19,,0,0.0,,No DaySmart Record,Unqualified,invalid,Prospect Rule,Invalid email — no booking,43,11,Zoho,Zoho Only — Never Booked,2026-04-14
ZCR-102669,ZCR-102669,,Christopher,Wilson,,(397) 490-4145,2024-12-09,,0,0.0,,No DaySmart Record,Converted,spamtrap,Prospect Rule,Invalid email — no booking,112,58,Zoho,Zoho Only — Never Booked,2026-04-14
ZCR-102676,ZCR-102676,,Pamela,Alexander,,(248) 000-1380,2025-01-26,,0,0.0,,No DaySmart Record,Working,spamtrap,Prospect Rule,Invalid email — no booking,109,0,Zoho,Zoho Only — Never Booked,2026-04-14
ZCR-102678,ZCR-102678,,Rachel,Duncan,,(414) 685-5053,2026-03-26,,0,0.0,,No DaySmart Record,Converted,invalid,Prospect Rule,Invalid email — no booking,31,18,Zoho,Zoho Only — Never Booked,2026-04-14
ZCR-102717,ZCR-102717,,Jennifer,Miranda,,(185) 818-8156,2025-04-23,,0,0.0,,No DaySmart Record,New,abuse,Prospect Rule,Invalid email — no booking,5,1,Zoho,Zoho Only — Never Booked,2026-04-14
ZCR-102726,ZCR-102726,,Paul,Andrade,,(364) 027-7339,2026-04-04,,0,0.0,,No DaySmart Record,New,invalid,Prospect Rule,Invalid email — no booking,56,21,Zoho,Zoho Only — Never Booked,2026-04-14
ZCR-102727,ZCR-102727,,Selena,Harris,,(043) 492-7256,2024-12-16,,0,0.0,,No DaySmart Record,Working,invalid,Prospect Rule,Invalid email — no booking,86,55,Zoho,Zoho Only — Never Booked,2026-04-14
ZCR-102729,ZCR-102729,,Stephen,Richardson,,(609) 464-5219,2024-05-07,,0,0.0,,No DaySmart Record,Converted,invalid,Prospect Rule,Invalid email — no booking,78,30,Zoho,Zoho Only — Never Booked,2026-04-14
ZCR-102731,ZCR-102731,,Andrew,Juarez,,(252) 090-4639,2025-08-24,,0,0.0,,No DaySmart Record,New,spamtrap,Prospect Rule,Invalid email — no booking,53,35,Zoho,Zoho Only — Never Booked,2026-04-14
ZCR-102734,ZCR-102734,,Stacey,Miller,,(838) 921-6853,2025-10-05,,0,0.0,,No DaySmart Record,Working,spamtrap,Prospect Rule,Invalid email — no booking,15,12,Zoho,Zoho Only — Never Booked,2026-04-14
ZCR-102746,ZCR-102746,,Derek,Cook,,(973) 738-1572,2025-11-24,,0,0.0,,No DaySmart Record,Converted,spamtrap,Prospect Rule,Invalid email — no booking,115,28,Zoho,Zoho Only — Never Booked,2026-04-14
ZCR-102752,ZCR-102752,,Monica,Campbell,,(472) 912-7929,2026-02-10,,0,0.0,,No DaySmart Record,Working,invalid,Prospect Rule,Invalid email — no booking,40,19,Zoho,Zoho Only — Never Booked,2026-04-14
ZCR-102771,ZCR-102771,,Sydney,Gordon,,(076) 487-1657,2024-09-28,,0,0.0,,No DaySmart Record,New,invalid,Prospect Rule,Invalid email — no booking,113,17,Zoho,Zoho Only — Never Booked,2026-04-14
ZCR-102772,ZCR-102772,,Andrew,Hamilton,,(022) 746-2708,2026-01-24,,0,0.0,,No DaySmart Record,New,invalid,Prospect Rule,Invalid email — no booking,3,0,Zoho,Zoho Only — Never Booked,2026-04-14
ZCR-102773,ZCR-102773,,Laura,Clark,,(214) 501-5131,2026-01-21,,0,0.0,,No DaySmart Record,Unqualified,abuse,Prospect Rule,Invalid email — no booking,57,56,Zoho,Zoho Only — Never Booked,2026-04-14
ZCR-102783,ZCR-102783,,Gary,Baker DDS,,(664) 825-7835,2026-03-22,,0,0.0,,No DaySmart Record,Working,invalid,Prospect Rule,Invalid email — no booking,1,0,Zoho,Zoho Only — Never Booked,2026-04-14
ZCR-102799,ZCR-102799,,Joseph,Dixon,,(810) 965-2696,2025-08-22,,0,0.0,,No DaySmart Record,New,invalid,Prospect Rule,Invalid email — no booking,75,10,Zoho,Zoho Only — Never Booked,2026-04-14
ZCR-102802,ZCR-102802,,Rebecca,Walker,,(736) 763-0067,2024-05-31,,0,0.0,,No DaySmart Record,New,abuse,Prospect Rule,Invalid email — no booking,56,31,Zoho,Zoho Only — Never Booked,2026-04-14
ZCR-102803,ZCR-102803,,Daniel,House,,(216) 767-0062,2025-12-05,,0,0.0,,No DaySmart Record,Qualified,invalid,Prospect Rule,Invalid email — no booking,32,8,Zoho,Zoho Only — Never Booked,2026-04-14
ZCR-102810,ZCR-102810,,Nicole,Hernandez,,(101) 191-7085,2026-03-26,,0,0.0,,No DaySmart Record,Converted,abuse,Prospect Rule,Invalid email — no booking,61,8,Zoho,Zoho Only — Never Booked,2026-04-14
ZCR-102815,ZCR-102815,,Danny,Haley,,(200) 465-7408,2026-03-31,,0,0.0,,No DaySmart Record,Converted,invalid,Prospect Rule,Invalid email — no booking,53,25,Zoho,Zoho Only — Never Booked,2026-04-14
ZCR-102818,ZCR-102818,,Max,Harrell,,(639) 850-3397,2024-09-02,,0,0.0,,No DaySmart Record,Working,spamtrap,Prospect Rule,Invalid email — no booking,97,12,Zoho,Zoho Only — Never Booked,2026-04-14
ZCR-102823,ZCR-102823,,Christina,Novak,,(950) 666-3546,2025-10-18,,0,0.0,,No DaySmart Record,Working,invalid,Prospect Rule,Invalid email — no booking,11,7,Zoho,Zoho Only — Never Booked,2026-04-14
ZCR-102824,ZCR-102824,,Ethan,Tran,,(384) 875-6009,2024-05-24,,0,0.0,,No DaySmart Record,New,invalid,Prospect Rule,Invalid email — no booking,111,56,Zoho,Zoho Only — Never Booked,2026-04-14
ZCR-102831,ZCR-102831,,Lisa,Johnson,,(275) 225-8133,2025-01-13,,0,0.0,,No DaySmart Record,Qualified,invalid,Prospect Rule,Invalid email — no booking,34,4,Zoho,Zoho Only — Never Booked,2026-04-14
ZCR-102832,ZCR-102832,,Monique,Glover,,(236) 488-8254,2025-01-30,,0,0.0,,No DaySmart Record,Qualified,invalid,Prospect Rule,Invalid email — no booking,64,52,Zoho,Zoho Only — Never Booked,2026-04-14
ZCR-102850,ZCR-102850,,Raymond,Romero,,(180) 732-2281,2024-09-04,,0,0.0,,No DaySmart Record,Unqualified,invalid,Prospect Rule,Invalid email — no booking,87,52,Zoho,Zoho Only — Never Booked,2026-04-14
ZCR-102852,ZCR-102852,,Jacob,Bradshaw,,(983) 626-3735,2025-06-08,,0,0.0,,No DaySmart Record,Converted,spamtrap,Prospect Rule,Invalid email — no booking,106,7,Zoho,Zoho Only — Never Booked,2026-04-14
ZCR-102859,ZCR-102859,,Stacey,Hernandez,,(934) 918-6494,2024-08-16,,0,0.0,,No DaySmart Record,Converted,abuse,Prospect Rule,Invalid email — no booking,85,15,Zoho,Zoho Only — Never Booked,2026-04-14
ZCR-102861,ZCR-102861,,Pamela,Smith,,(865) 151-0001,2025-03-20,,0,0.0,,No DaySmart Record,Converted,abuse,Prospect Rule,Invalid email — no booking,78,21,Zoho,Zoho Only — Never Booked,2026-04-14
ZCR-102865,ZCR-102865,,Johnny,Patterson,,(074) 282-5694,2025-04-27,,0,0.0,,No DaySmart Record,Converted,spamtrap,Prospect Rule,Invalid email — no booking,96,48,Zoho,Zoho Only — Never Booked,2026-04-14
ZCR-102888,ZCR-102888,,Darrell,Martinez,,(260) 392-0408,2025-02-11,,0,0.0,,No DaySmart Record,Unqualified,spamtrap,Prospect Rule,Invalid email — no booking,58,36,Zoho,Zoho Only — Never Booked,2026-04-14
ZCR-102899,ZCR-102899,,Kara,Hogan,,(235) 693-8468,2025-05-11,,0,0.0,,No DaySmart Record,Converted,invalid,Prospect Rule,Invalid email — no booking,83,9,Zoho,Zoho Only — Never Booked,2026-04-14
ZCR-102901,ZCR-102901,,Tiffany,Johnson,,(347) 159-3841,2024-09-18,,0,0.0,,No DaySmart Record,Converted,invalid,Prospect Rule,Invalid email — no booking,117,60,Zoho,Zoho Only — Never Booked,2026-04-14
ZCR-102908,ZCR-102908,,Ashley,Simpson,,(489) 989-4246,2024-07-16,,0,0.0,,No DaySmart Record,Converted,invalid,Prospect Rule,Invalid email — no booking,9,9,Zoho,Zoho Only — Never Booked,2026-04-14
ZCR-102909,ZCR-102909,,Dennis,Yang,,(300) 944-2865,2024-12-29,,0,0.0,,No DaySmart Record,New,invalid,Prospect Rule,Invalid email — no booking,93,11,Zoho,Zoho Only — Never Booked,2026-04-14
ZCR-102917,ZCR-102917,,Lindsey,Cooper,,(053) 164-0149,2026-02-21,,0,0.0,,No DaySmart Record,Qualified,abuse,Prospect Rule,Invalid email — no booking,31,0,Zoho,Zoho Only — Never Booked,2026-04-14
ZCR-102921,ZCR-102921,,John,Lee,,(216) 230-9963,2025-05-19,,0,0.0,,No DaySmart Record,Working,invalid,Prospect Rule,Invalid email — no booking,43,5,Zoho,Zoho Only — Never Booked,2026-04-14
ZCR-102924,ZCR-102924,,Amanda,White,,(505) 077-6303,2026-03-01,,0,0.0,,No DaySmart Record,Converted,invalid,Prospect Rule,Invalid email — no booking,77,35,Zoho,Zoho Only — Never Booked,2026-04-14
ZCR-102929,ZCR-102929,,Carl,Shaw,,(724) 929-4779,2024-05-13,,0,0.0,,No DaySmart Record,Working,spamtrap,Prospect Rule,Invalid email — no booking,40,14,Zoho,Zoho Only — Never Booked,2026-04-14
ZCR-102930,ZCR-102930,,Jeffrey,Mccoy,,(307) 073-3861,2025-04-06,,0,0.0,,No DaySmart Record,Qualified,invalid,Prospect Rule,Invalid email — no booking,92,44,Zoho,Zoho Only — Never Booked,2026-04-14
ZCR-102939,ZCR-102939,,Matthew,Nelson,,(294) 933-7044,2025-11-26,,0,0.0,,No DaySmart Record,New,invalid,Prospect Rule,Invalid email — no booking,43,10,Zoho,Zoho Only — Never Booked,2026-04-14
ZCR-102955,ZCR-102955,,Diana,Lewis,,(811) 420-8737,2025-06-10,,0,0.0,,No DaySmart Record,Unqualified,invalid,Prospect Rule,Invalid email — no booking,54,21,Zoho,Zoho Only — Never Booked,2026-04-14
ZCR-102957,ZCR-102957,,Christina,Hale,,(463) 857-0735,2024-12-20,,0,0.0,,No DaySmart Record,New,invalid,Prospect Rule,Invalid email — no booking,31,30,Zoho,Zoho Only — Never Booked,2026-04-14
ZCR-102962,ZCR-102962,,Mikayla,Mitchell,,(821) 975-1792,2024-12-15,,0,0.0,,No DaySmart Record,Working,invalid,Prospect Rule,Invalid email — no booking,90,10,Zoho,Zoho Only — Never Booked,2026-04-14
ZCR-102965,ZCR-102965,,Ariana,Conner DDS,,(765) 771-5532,2025-06-13,,0,0.0,,No DaySmart Record,Unqualified,abuse,Prospect Rule,Invalid email — no booking,77,37,Zoho,Zoho Only — Never Booked,2026-04-14
ZCR-102972,ZCR-102972,,Rhonda,Davis,,(234) 779-8513,2025-03-22,,0,0.0,,No DaySmart Record,New,invalid,Prospect Rule,Invalid email — no booking,40,10,Zoho,Zoho Only — Never Booked,2026-04-14
ZCR-102980,ZCR-102980,,Carolyn,Ramos,,(829) 199-4872,2025-05-27,,0,0.0,,No DaySmart Record,New,spamtrap,Prospect Rule,Invalid email — no booking,76,44,Zoho,Zoho Only — Never Booked,2026-04-14
ZCR-102992,ZCR-102992,,Amy,Farmer,,(945) 021-8272,2024-07-17,,0,0.0,,No DaySmart Record,Unqualified,invalid,Prospect Rule,Invalid email — no booking,50,7,Zoho,Zoho Only — Never Booked,2026-04-14
ZCR-103002,ZCR-103002,,Leslie,Pollard,,(303) 429-5169,2026-02-10,,0,0.0,,No DaySmart Record,Working,spamtrap,Prospect Rule,Invalid email — no booking,88,21,Zoho,Zoho Only — Never Booked,2026-04-14
ZCR-103003,ZCR-103003,,Willie,Contreras,,(565) 951-5997,2024-07-29,,0,0.0,,No DaySmart Record,Qualified,invalid,Prospect Rule,Invalid email — no booking,27,8,Zoho,Zoho Only — Never Booked,2026-04-14
ZCR-103004,ZCR-103004,,James,Barton,,(350) 335-6587,2024-06-29,,0,0.0,,No DaySmart Record,New,invalid,Prospect Rule,Invalid email — no booking,60,38,Zoho,Zoho Only — Never Booked,2026-04-14
ZCR-103020,ZCR-103020,,Dr.,Deanna Orozco PhD,,(657) 678-5728,2025-11-08,,0,0.0,,No DaySmart Record,Working,abuse,Prospect Rule,Invalid email — no booking,92,9,Zoho,Zoho Only — Never Booked,2026-04-14
ZCR-103023,ZCR-103023,,Justin,Sandoval,,(950) 402-1893,2024-10-05,,0,0.0,,No DaySmart Record,Unqualified,invalid,Prospect Rule,Invalid email — no booking,113,35,Zoho,Zoho Only — Never Booked,2026-04-14
ZCR-103025,ZCR-103025,,Jane,Robertson,,(448) 085-1997,2024-10-23,,0,0.0,,No DaySmart Record,New,invalid,Prospect Rule,Invalid email — no booking,112,55,Zoho,Zoho Only — Never Booked,2026-04-14
ZCR-103050,ZCR-103050,,Timothy,Williamson,,(102) 221-6059,2025-08-24,,0,0.0,,No DaySmart Record,Working,abuse,Prospect Rule,Invalid email — no booking,48,47,Zoho,Zoho Only — Never Booked,2026-04-14
ZCR-103055,ZCR-103055,,Matthew,Martin,,(245) 929-3588,2026-01-30,,0,0.0,,No DaySmart Record,Qualified,spamtrap,Prospect Rule,Invalid email — no booking,12,3,Zoho,Zoho Only — Never Booked,2026-04-14
ZCR-103059,ZCR-103059,,Melissa,Williams,,(326) 364-9654,2026-03-14,,0,0.0,,No DaySmart Record,Converted,invalid,Prospect Rule,Invalid email — no booking,74,24,Zoho,Zoho Only — Never Booked,2026-04-14
ZCR-103072,ZCR-103072,,Derek,Baker,,(834) 938-5938,2025-10-11,,0,0.0,,No DaySmart Record,Converted,spamtrap,Prospect Rule,Invalid email — no booking,29,18,Zoho,Zoho Only — Never Booked,2026-04-14
ZCR-103074,ZCR-103074,,Clayton,Gamble,,(382) 462-0991,2025-06-18,,0,0.0,,No DaySmart Record,Converted,invalid,Prospect Rule,Invalid email — no booking,19,11,Zoho,Zoho Only — Never Booked,2026-04-14
ZCR-103078,ZCR-103078,,Sandra,Richardson,,(833) 324-1386,2024-04-30,,0,0.0,,No DaySmart Record,Converted,invalid,Prospect Rule,Invalid email — no booking,31,5,Zoho,Zoho Only — Never Booked,2026-04-14
ZCR-103079,ZCR-103079,,Sandra,Foster,,(476) 003-4978,2025-07-31,,0,0.0,,No DaySmart Record,Working,spamtrap,Prospect Rule,Invalid email — no booking,68,26,Zoho,Zoho Only — Never Booked,2026-04-14
ZCR-103082,ZCR-103082,,Amanda,Andrews,,(156) 706-6467,2025-11-18,,0,0.0,,No DaySmart Record,Unqualified,spamtrap,Prospect Rule,Invalid email — no booking,84,12,Zoho,Zoho Only — Never Booked,2026-04-14
ZCR-103095,ZCR-103095,,Rachel,Hardin,,(675) 854-6252,2024-08-24,,0,0.0,,No DaySmart Record,Qualified,invalid,Prospect Rule,Invalid email — no booking,96,29,Zoho,Zoho Only — Never Booked,2026-04-14
ZCR-103099,ZCR-103099,,Ryan,Evans,,(056) 981-2147,2024-06-28,,0,0.0,,No DaySmart Record,Converted,invalid,Prospect Rule,Invalid email — no booking,117,26,Zoho,Zoho Only — Never Booked,2026-04-14
ZCR-103112,ZCR-103112,,Brandon,Harris,,(697) 023-4929,2024-09-03,,0,0.0,,No DaySmart Record,Working,invalid,Prospect Rule,Invalid email — no booking,15,9,Zoho,Zoho Only — Never Booked,2026-04-14
ZCR-103115,ZCR-103115,,Carla,Moore,,(459) 117-4639,2024-08-22,,0,0.0,,No DaySmart Record,Converted,invalid,Prospect Rule,Invalid email — no booking,38,0,Zoho,Zoho Only — Never Booked,2026-04-14
ZCR-103117,ZCR-103117,,Jamie,Martinez,,(812) 735-9739,2025-01-06,,0,0.0,,No DaySmart Record,New,invalid,Prospect Rule,Invalid email — no booking,113,35,Zoho,Zoho Only — Never Booked,2026-04-14
ZCR-103125,ZCR-103125,,Anthony,Jones,,(760) 947-8795,2025-02-10,,0,0.0,,No DaySmart Record,New,invalid,Prospect Rule,Invalid email — no booking,69,2,Zoho,Zoho Only — Never Booked,2026-04-14
ZCR-103132,ZCR-103132,,Jerry,Kennedy,,(815) 071-4209,2024-04-30,,0,0.0,,No DaySmart Record,New,invalid,Prospect Rule,Invalid email — no booking,77,13,Zoho,Zoho Only — Never Booked,2026-04-14
ZCR-103144,ZCR-103144,,Malik,Garza,,(422) 303-0735,2024-12-12,,0,0.0,,No DaySmart Record,New,invalid,Prospect Rule,Invalid email — no booking,10,4,Zoho,Zoho Only — Never Booked,2026-04-14
ZCR-103146,ZCR-103146,,Kelly,Watts,,(601) 406-4359,2026-04-08,,0,0.0,,No DaySmart Record,New,invalid,Prospect Rule,Invalid email — no booking,104,26,Zoho,Zoho Only — Never Booked,2026-04-14
ZCR-103150,ZCR-103150,,Mark,Guerra,,(884) 782-4142,2025-11-05,,0,0.0,,No DaySmart Record,Converted,invalid,Prospect Rule,Invalid email — no booking,77,37,Zoho,Zoho Only — Never Booked,2026-04-14
ZCR-103154,ZCR-103154,,Mr.,Kevin Dudley,,(793) 454-6264,2024-06-28,,0,0.0,,No DaySmart Record,Qualified,invalid,Prospect Rule,Invalid email — no booking,71,2,Zoho,Zoho Only — Never Booked,2026-04-14
ZCR-103158,ZCR-103158,,Dustin,Romero,,(220) 701-9604,2024-11-07,,0,0.0,,No DaySmart Record,Converted,invalid,Prospect Rule,Invalid email — no booking,28,0,Zoho,Zoho Only — Never Booked,2026-04-14
ZCR-103161,ZCR-103161,,Douglas,Stein,,(893) 030-6753,2026-03-30,,0,0.0,,No DaySmart Record,Qualified,invalid,Prospect Rule,Invalid email — no booking,70,20,Zoho,Zoho Only — Never Booked,2026-04-14
ZCR-103163,ZCR-103163,,Nicholas,Boyer,,(947) 522-2025,2024-09-10,,0,0.0,,No DaySmart Record,New,spamtrap,Prospect Rule,Invalid email — no booking,45,9,Zoho,Zoho Only — Never Booked,2026-04-14
ZCR-103165,ZCR-103165,,Maria,Morse,,(708) 453-4242,2025-03-29,,0,0.0,,No DaySmart Record,Unqualified,invalid,Prospect Rule,Invalid email — no booking,10,6,Zoho,Zoho Only — Never Booked,2026-04-14
ZCR-103181,ZCR-103181,,Mark,Benton,,(695) 641-2691,2026-02-26,,0,0.0,,No DaySmart Record,Qualified,invalid,Prospect Rule,Invalid email — no booking,120,52,Zoho,Zoho Only — Never Booked,2026-04-14
ZCR-103187,ZCR-103187,,Beverly,Davis,,(738) 800-3829,2025-09-03,,0,0.0,,No DaySmart Record,Working,spamtrap,Prospect Rule,Invalid email — no booking,10,6,Zoho,Zoho Only — Never Booked,2026-04-14
ZCR-103193,ZCR-103193,,Brittany,Douglas,,(981) 364-1549,2024-07-13,,0,0.0,,No DaySmart Record,New,invalid,Prospect Rule,Invalid email — no booking,31,4,Zoho,Zoho Only — Never Booked,2026-04-14
ZCR-103201,ZCR-103201,,Hannah,Shaw,,(765) 909-5303,2025-07-23,,0,0.0,,No DaySmart Record,New,invalid,Prospect Rule,Invalid email — no booking,70,12,Zoho,Zoho Only — Never Booked,2026-04-14
ZCR-103207,ZCR-103207,,Stephen,Hall,,(984) 238-4520,2025-10-27,,0,0.0,,No DaySmart Record,Qualified,invalid,Prospect Rule,Invalid email — no booking,73,18,Zoho,Zoho Only — Never Booked,2026-04-14
ZCR-103212,ZCR-103212,,Valerie,Rodriguez,,(996) 075-2727,2025-03-29,,0,0.0,,No DaySmart Record,New,invalid,Prospect Rule,Invalid email — no booking,100,12,Zoho,Zoho Only — Never Booked,2026-04-14
ZCR-103215,ZCR-103215,,Shawn,Fernandez,,(667) 634-5380,2024-10-18,,0,0.0,,No DaySmart Record,Working,invalid,Prospect Rule,Invalid email — no booking,57,35,Zoho,Zoho Only — Never Booked,2026-04-14
ZCR-103237,ZCR-103237,,Jennifer,David,,(689) 455-6391,2025-09-22,,0,0.0,,No DaySmart Record,Working,invalid,Prospect Rule,Invalid email — no booking,60,55,Zoho,Zoho Only — Never Booked,2026-04-14
ZCR-103242,ZCR-103242,,Katie,Russell,,(078) 280-2023,2024-08-02,,0,0.0,,No DaySmart Record,Working,invalid,Prospect Rule,Invalid email — no booking,111,49,Zoho,Zoho Only — Never Booked,2026-04-14
ZCR-103255,ZCR-103255,,Teresa,Hunter,,(862) 634-6890,2026-03-28,,0,0.0,,No DaySmart Record,New,invalid,Prospect Rule,Invalid email — no booking,46,9,Zoho,Zoho Only — Never Booked,2026-04-14
ZCR-103257,ZCR-103257,,Amanda,Perkins,,(409) 261-9223,2024-08-28,,0,0.0,,No DaySmart Record,New,abuse,Prospect Rule,Invalid email — no booking,31,0,Zoho,Zoho Only — Never Booked,2026-04-14
ZCR-103264,ZCR-103264,,Edward,Parker,,(816) 528-2094,2024-07-04,,0,0.0,,No DaySmart Record,Unqualified,invalid,Prospect Rule,Invalid email — no booking,86,53,Zoho,Zoho Only — Never Booked,2026-04-14
ZCR-103270,ZCR-103270,,Raymond,Berry,,(921) 812-7207,2024-06-22,,0,0.0,,No DaySmart Record,Working,invalid,Prospect Rule,Invalid email — no booking,40,26,Zoho,Zoho Only — Never Booked,2026-04-14
ZCR-103273,ZCR-103273,,Jose,Cook,,(548) 312-1321,2026-02-27,,0,0.0,,No DaySmart Record,Working,invalid,Prospect Rule,Invalid email — no booking,29,10,Zoho,Zoho Only — Never Booked,2026-04-14
ZCR-103284,ZCR-103284,,Maria,Salas,,(763) 022-9247,2025-10-19,,0,0.0,,No DaySmart Record,Converted,invalid,Prospect Rule,Invalid email — no booking,54,27,Zoho,Zoho Only — Never Booked,2026-04-14
ZCR-103285,ZCR-103285,,Lawrence,Maxwell,,(739) 962-7462,2024-09-07,,0,0.0,,No DaySmart Record,Working,spamtrap,Prospect Rule,Invalid email — no booking,50,5,Zoho,Zoho Only — Never Booked,2026-04-14
ZCR-103304,ZCR-103304,,Elijah,Spencer,,(421) 864-3920,2024-06-04,,0,0.0,,No DaySmart Record,Unqualified,spamtrap,Prospect Rule,Invalid email — no booking,111,32,Zoho,Zoho Only — Never Booked,2026-04-14
ZCR-103318,ZCR-103318,,Lindsey,Turner,,(510) 797-5810,2026-01-01,,0,0.0,,No DaySmart Record,New,invalid,Prospect Rule,Invalid email — no booking,84,22,Zoho,Zoho Only — Never Booked,2026-04-14
ZCR-103326,ZCR-103326,,Dr.,Eric Taylor Jr.,,(418) 062-5686,2025-10-25,,0,0.0,,No DaySmart Record,Unqualified,invalid,Prospect Rule,Invalid email — no booking,12,2,Zoho,Zoho Only — Never Booked,2026-04-14
ZCR-103332,ZCR-103332,,Elizabeth,Murphy,,(244) 250-9811,2025-04-26,,0,0.0,,No DaySmart Record,New,spamtrap,Prospect Rule,Invalid email — no booking,83,9,Zoho,Zoho Only — Never Booked,2026-04-14
ZCR-103334,ZCR-103334,,Matthew,Jones,,(970) 427-2427,2025-08-13,,0,0.0,,No DaySmart Record,New,invalid,Prospect Rule,Invalid email — no booking,16,15,Zoho,Zoho Only — Never Booked,2026-04-14
ZCR-103338,ZCR-103338,,Eric,Rios,,(210) 351-6129,2024-12-04,,0,0.0,,No DaySmart Record,Unqualified,invalid,Prospect Rule,Invalid email — no booking,82,6,Zoho,Zoho Only — Never Booked,2026-04-14
ZCR-103349,ZCR-103349,,Mrs.,Emily Burgess,,(013) 864-9025,2025-02-20,,0,0.0,,No DaySmart Record,Unqualified,abuse,Prospect Rule,Invalid email — no booking,38,4,Zoho,Zoho Only — Never Booked,2026-04-14
ZCR-103357,ZCR-103357,,Anna,Farley,,(823) 654-2888,2026-02-25,,0,0.0,,No DaySmart Record,New,invalid,Prospect Rule,Invalid email — no booking,16,2,Zoho,Zoho Only — Never Booked,2026-04-14
ZCR-103360,ZCR-103360,,Brenda,Hernandez,,(301) 933-6895,2024-07-15,,0,0.0,,No DaySmart Record,Qualified,spamtrap,Prospect Rule,Invalid email — no booking,38,23,Zoho,Zoho Only — Never Booked,2026-04-14
ZCR-103362,ZCR-103362,,Dawn,Bright,,(413) 199-7473,2024-11-19,,0,0.0,,No DaySmart Record,New,spamtrap,Prospect Rule,Invalid email — no booking,57,46,Zoho,Zoho Only — Never Booked,2026-04-14
ZCR-103370,ZCR-103370,,Carolyn,Nelson,,(903) 763-8125,2025-12-19,,0,0.0,,No DaySmart Record,Converted,invalid,Prospect Rule,Invalid email — no booking,68,47,Zoho,Zoho Only — Never Booked,2026-04-14
ZCR-103377,ZCR-103377,,Luis,Scott,,(700) 183-0976,2024-10-29,,0,0.0,,No DaySmart Record,Working,invalid,Prospect Rule,Invalid email — no booking,68,7,Zoho,Zoho Only — Never Booked,2026-04-14
ZCR-103382,ZCR-103382,,Brandy,Munoz,,(488) 005-0863,2024-07-05,,0,0.0,,No DaySmart Record,Qualified,invalid,Prospect Rule,Invalid email — no booking,31,6,Zoho,Zoho Only — Never Booked,2026-04-14
ZCR-103400,ZCR-103400,,Nicholas,Wheeler,,(253) 610-3798,2025-02-27,,0,0.0,,No DaySmart Record,Converted,invalid,Prospect Rule,Invalid email — no booking,112,13,Zoho,Zoho Only — Never Booked,2026-04-14
ZCR-103404,ZCR-103404,,Sarah,Pierce,,(705) 134-6947,2025-10-06,,0,0.0,,No DaySmart Record,Working,invalid,Prospect Rule,Invalid email — no booking,39,0,Zoho,Zoho Only — Never Booked,2026-04-14
ZCR-103410,ZCR-103410,,Karl,Burns,,(081) 449-3676,2024-07-01,,0,0.0,,No DaySmart Record,Working,invalid,Prospect Rule,Invalid email — no booking,41,5,Zoho,Zoho Only — Never Booked,2026-04-14
ZCR-103415,ZCR-103415,,William,Potts,,(419) 656-4718,2024-07-12,,0,0.0,,No DaySmart Record,Converted,invalid,Prospect Rule,Invalid email — no booking,24,19,Zoho,Zoho Only — Never Booked,2026-04-14
ZCR-103420,ZCR-103420,,Ronald,Brown,,(308) 152-4553,2025-06-23,,0,0.0,,No DaySmart Record,Working,spamtrap,Prospect Rule,Invalid email — no booking,93,35,Zoho,Zoho Only — Never Booked,2026-04-14
ZCR-103421,ZCR-103421,,Steve,Johnson,,(808) 627-1772,2025-05-11,,0,0.0,,No DaySmart Record,Qualified,spamtrap,Prospect Rule,Invalid email — no booking,34,13,Zoho,Zoho Only — Never Booked,2026-04-14
ZCR-103436,ZCR-103436,,Joel,Allen,,(917) 153-9824,2025-07-17,,0,0.0,,No DaySmart Record,Working,invalid,Prospect Rule,Invalid email — no booking,55,4,Zoho,Zoho Only — Never Booked,2026-04-14
ZCR-103437,ZCR-103437,,Christina,Joseph,,(825) 270-7318,2025-12-07,,0,0.0,,No DaySmart Record,Qualified,spamtrap,Prospect Rule,Invalid email — no booking,108,8,Zoho,Zoho Only — Never Booked,2026-04-14
ZCR-103444,ZCR-103444,,Jessica,Lewis,,(254) 265-5112,2025-11-14,,0,0.0,,No DaySmart Record,New,spamtrap,Prospect Rule,Invalid email — no booking,95,27,Zoho,Zoho Only — Never Booked,2026-04-14
ZCR-103448,ZCR-103448,,Jason,Griffin,,(142) 680-3728,2025-06-09,,0,0.0,,No DaySmart Record,Qualified,invalid,Prospect Rule,Invalid email — no booking,59,29,Zoho,Zoho Only — Never Booked,2026-04-14
ZCR-103450,ZCR-103450,,Kimberly,Meadows,,(718) 910-1858,2024-11-29,,0,0.0,,No DaySmart Record,Unqualified,invalid,Prospect Rule,Invalid email — no booking,63,49,Zoho,Zoho Only — Never Booked,2026-04-14
ZCR-103455,ZCR-103455,,Janet,Figueroa,,(887) 133-6054,2024-12-17,,0,0.0,,No DaySmart Record,Working,invalid,Prospect Rule,Invalid email — no booking,26,1,Zoho,Zoho Only — Never Booked,2026-04-14
ZCR-103458,ZCR-103458,,Linda,Olson,,(448) 066-4783,2024-06-12,,0,0.0,,No DaySmart Record,Unqualified,spamtrap,Prospect Rule,Invalid email — no booking,43,11,Zoho,Zoho Only — Never Booked,2026-04-14
ZCR-103464,ZCR-103464,,Rachel,Rivera,,(317) 648-7646,2024-11-07,,0,0.0,,No DaySmart Record,Unqualified,abuse,Prospect Rule,Invalid email — no booking,85,0,Zoho,Zoho Only — Never Booked,2026-04-14
ZCR-103482,ZCR-103482,,Gabrielle,Martin,,(681) 204-6498,2025-03-31,,0,0.0,,No DaySmart Record,Converted,spamtrap,Prospect Rule,Invalid email — no booking,107,15,Zoho,Zoho Only — Never Booked,2026-04-14
ZCR-103485,ZCR-103485,,Kenneth,Graham,,(110) 896-7847,2026-02-08,,0,0.0,,No DaySmart Record,Qualified,invalid,Prospect Rule,Invalid email — no booking,24,1,Zoho,Zoho Only — Never Booked,2026-04-14
ZCR-103498,ZCR-103498,,Cody,Aguilar,,(065) 123-2630,2024-09-21,,0,0.0,,No DaySmart Record,Unqualified,spamtrap,Prospect Rule,Invalid email — no booking,18,11,Zoho,Zoho Only — Never Booked,2026-04-14
ZCR-103505,ZCR-103505,,Kimberly,Mitchell,,(740) 058-6502,2025-08-31,,0,0.0,,No DaySmart Record,Converted,invalid,Prospect Rule,Invalid email — no booking,67,32,Zoho,Zoho Only — Never Booked,2026-04-14
ZCR-103508,ZCR-103508,,Catherine,Ward,,(780) 982-2568,2024-12-06,,0,0.0,,No DaySmart Record,Converted,abuse,Prospect Rule,Invalid email — no booking,96,28,Zoho,Zoho Only — Never Booked,2026-04-14
ZCR-103511,ZCR-103511,,Julie,Campbell,,(170) 794-5173,2025-12-10,,0,0.0,,No DaySmart Record,Qualified,invalid,Prospect Rule,Invalid email — no booking,72,46,Zoho,Zoho Only — Never Booked,2026-04-14
ZCR-103517,ZCR-103517,,Amber,Lindsey,,(954) 529-7209,2025-03-27,,0,0.0,,No DaySmart Record,Working,invalid,Prospect Rule,Invalid email — no booking,114,32,Zoho,Zoho Only — Never Booked,2026-04-14
ZCR-103524,ZCR-103524,,Lisa,Rodriguez,,(354) 471-7050,2025-07-24,,0,0.0,,No DaySmart Record,Qualified,invalid,Prospect Rule,Invalid email — no booking,78,26,Zoho,Zoho Only — Never Booked,2026-04-14
ZCR-103526,ZCR-103526,,Jason,Booker,,(958) 639-9782,2026-04-05,,0,0.0,,No DaySmart Record,New,invalid,Prospect Rule,Invalid email — no booking,26,11,Zoho,Zoho Only — Never Booked,2026-04-14
ZCR-103533,ZCR-103533,,Chad,Sparks,,(941) 810-0015,2026-03-28,,0,0.0,,No DaySmart Record,Qualified,invalid,Prospect Rule,Invalid email — no booking,19,12,Zoho,Zoho Only — Never Booked,2026-04-14
ZCR-103541,ZCR-103541,,Elizabeth,Russell,,(949) 766-2222,2025-04-27,,0,0.0,,No DaySmart Record,New,invalid,Prospect Rule,Invalid email — no booking,114,36,Zoho,Zoho Only — Never Booked,2026-04-14
ZCR-103558,ZCR-103558,,Alexa,Miller,,(922) 643-9431,2024-06-12,,0,0.0,,No DaySmart Record,Qualified,invalid,Prospect Rule,Invalid email — no booking,38,1,Zoho,Zoho Only — Never Booked,2026-04-14
ZCR-103567,ZCR-103567,,Sarah,Black,,(891) 845-7330,2025-04-02,,0,0.0,,No DaySmart Record,Qualified,invalid,Prospect Rule,Invalid email — no booking,76,26,Zoho,Zoho Only — Never Booked,2026-04-14
ZCR-103582,ZCR-103582,,Heidi,Nichols,,(459) 658-4087,2025-01-29,,0,0.0,,No DaySmart Record,Converted,invalid,Prospect Rule,Invalid email — no booking,12,8,Zoho,Zoho Only — Never Booked,2026-04-14
ZCR-103585,ZCR-103585,,Carlos,Contreras,,(312) 997-2977,2025-09-13,,0,0.0,,No DaySmart Record,Unqualified,spamtrap,Prospect Rule,Invalid email — no booking,0,0,Zoho,Zoho Only — Never Booked,2026-04-14
ZCR-103586,ZCR-103586,,Christopher,Gomez,,(923) 321-9794,2026-02-25,,0,0.0,,No DaySmart Record,Converted,spamtrap,Prospect Rule,Invalid email — no booking,53,42,Zoho,Zoho Only — Never Booked,2026-04-14
ZCR-103617,ZCR-103617,,Wendy,Velazquez,,(795) 538-1521,2025-01-02,,0,0.0,,No DaySmart Record,Working,invalid,Prospect Rule,Invalid email — no booking,87,36,Zoho,Zoho Only — Never Booked,2026-04-14
ZCR-103619,ZCR-103619,,Jason,Williams,,(682) 499-9246,2025-02-11,,0,0.0,,No DaySmart Record,New,spamtrap,Prospect Rule,Invalid email — no booking,48,46,Zoho,Zoho Only — Never Booked,2026-04-14
ZCR-103621,ZCR-103621,,Margaret,Kelly,,(106) 305-5695,2025-01-17,,0,0.0,,No DaySmart Record,Unqualified,spamtrap,Prospect Rule,Invalid email — no booking,47,29,Zoho,Zoho Only — Never Booked,2026-04-14
ZCR-103625,ZCR-103625,,Kaitlyn,Alvarez,,(549) 594-9100,2025-06-23,,0,0.0,,No DaySmart Record,Working,invalid,Prospect Rule,Invalid email — no booking,24,21,Zoho,Zoho Only — Never Booked,2026-04-14
ZCR-103630,ZCR-103630,,Jorge,Wells,,(269) 201-6910,2025-07-28,,0,0.0,,No DaySmart Record,Converted,abuse,Prospect Rule,Invalid email — no booking,71,21,Zoho,Zoho Only — Never Booked,2026-04-14
ZCR-103635,ZCR-103635,,Timothy,Mclean,,(919) 120-0963,2024-08-17,,0,0.0,,No DaySmart Record,Working,invalid,Prospect Rule,Invalid email — no booking,31,4,Zoho,Zoho Only — Never Booked,2026-04-14
ZCR-103652,ZCR-103652,,Joseph,Stephens,,(576) 905-5101,2024-09-15,,0,0.0,,No DaySmart Record,Working,invalid,Prospect Rule,Invalid email — no booking,92,22,Zoho,Zoho Only — Never Booked,2026-04-14
ZCR-103654,ZCR-103654,,Brittney,Young,,(785) 296-5623,2025-04-30,,0,0.0,,No DaySmart Record,Converted,abuse,Prospect Rule,Invalid email — no booking,116,6,Zoho,Zoho Only — Never Booked,2026-04-14
ZCR-103664,ZCR-103664,,Angel,Smith,,(651) 519-8898,2025-06-17,,0,0.0,,No DaySmart Record,Unqualified,invalid,Prospect Rule,Invalid email — no booking,53,3,Zoho,Zoho Only — Never Booked,2026-04-14
ZCR-103665,ZCR-103665,,James,Thompson,,(163) 885-8935,2024-08-06,,0,0.0,,No DaySmart Record,New,invalid,Prospect Rule,Invalid email — no booking,45,30,Zoho,Zoho Only — Never Booked,2026-04-14
ZCR-103669,ZCR-103669,,Chase,Walters,,(192) 348-4307,2025-12-18,,0,0.0,,No DaySmart Record,Unqualified,invalid,Prospect Rule,Invalid email — no booking,23,12,Zoho,Zoho Only — Never Booked,2026-04-14
ZCR-103670,ZCR-103670,,Terri,Ellis,,(726) 322-5956,2025-02-06,,0,0.0,,No DaySmart Record,Converted,invalid,Prospect Rule,Invalid email — no booking,1,0,Zoho,Zoho Only — Never Booked,2026-04-14
ZCR-103675,ZCR-103675,,Susan,Miller,,(407) 420-1431,2025-02-25,,0,0.0,,No DaySmart Record,Qualified,spamtrap,Prospect Rule,Invalid email — no booking,92,12,Zoho,Zoho Only — Never Booked,2026-04-14
ZCR-103681,ZCR-103681,,Tina,Watkins,,(173) 013-0806,2024-05-26,,0,0.0,,No DaySmart Record,Converted,invalid,Prospect Rule,Invalid email — no booking,101,44,Zoho,Zoho Only — Never Booked,2026-04-14
ZCR-103691,ZCR-103691,,Dana,Hernandez,,(372) 113-8491,2026-03-23,,0,0.0,,No DaySmart Record,Qualified,abuse,Prospect Rule,Invalid email — no booking,28,23,Zoho,Zoho Only — Never Booked,2026-04-14
ZCR-103705,ZCR-103705,,Kevin,Delgado,,(974) 561-4156,2024-06-29,,0,0.0,,No DaySmart Record,Converted,invalid,Prospect Rule,Invalid email — no booking,85,60,Zoho,Zoho Only — Never Booked,2026-04-14
ZCR-103706,ZCR-103706,,Michael,Wyatt,,(501) 184-5732,2024-12-30,,0,0.0,,No DaySmart Record,Working,abuse,Prospect Rule,Invalid email — no booking,36,1,Zoho,Zoho Only — Never Booked,2026-04-14
ZCR-103708,ZCR-103708,,Vincent,Bowman,,(370) 153-9044,2024-08-09,,0,0.0,,No DaySmart Record,Converted,invalid,Prospect Rule,Invalid email — no booking,72,23,Zoho,Zoho Only — Never Booked,2026-04-14
ZCR-103718,ZCR-103718,,Stephanie,Bates,,(445) 622-0703,2025-06-20,,0,0.0,,No DaySmart Record,Qualified,spamtrap,Prospect Rule,Invalid email — no booking,84,3,Zoho,Zoho Only — Never Booked,2026-04-14
ZCR-103731,ZCR-103731,,Christina,Clark,,(762) 254-3482,2025-03-19,,0,0.0,,No DaySmart Record,Working,invalid,Prospect Rule,Invalid email — no booking,41,8,Zoho,Zoho Only — Never Booked,2026-04-14
ZCR-103753,ZCR-103753,,Brittany,Dominguez,,(146) 565-2465,2024-08-16,,0,0.0,,No DaySmart Record,Qualified,invalid,Prospect Rule,Invalid email — no booking,66,4,Zoho,Zoho Only — Never Booked,2026-04-14
ZCR-103756,ZCR-103756,,David,Newton,,(771) 695-3750,2025-01-14,,0,0.0,,No DaySmart Record,Converted,abuse,Prospect Rule,Invalid email — no booking,119,56,Zoho,Zoho Only — Never Booked,2026-04-14
ZCR-103762,ZCR-103762,,Patricia,Stanley,,(458) 042-5180,2025-03-16,,0,0.0,,No DaySmart Record,Unqualified,invalid,Prospect Rule,Invalid email — no booking,27,23,Zoho,Zoho Only — Never Booked,2026-04-14
ZCR-103770,ZCR-103770,,Eric,Scott,,(270) 370-8793,2025-07-18,,0,0.0,,No DaySmart Record,Unqualified,invalid,Prospect Rule,Invalid email — no booking,26,26,Zoho,Zoho Only — Never Booked,2026-04-14
ZCR-103791,ZCR-103791,,Jordan,Kennedy,,(637) 101-8220,2024-08-13,,0,0.0,,No DaySmart Record,New,invalid,Prospect Rule,Invalid email — no booking,116,24,Zoho,Zoho Only — Never Booked,2026-04-14
ZCR-103792,ZCR-103792,,Rebecca,Wise,,(204) 335-2767,2026-02-19,,0,0.0,,No DaySmart Record,Working,abuse,Prospect Rule,Invalid email — no booking,73,6,Zoho,Zoho Only — Never Booked,2026-04-14
ZCR-103793,ZCR-103793,,Melissa,Chavez,,(579) 318-1151,2025-07-15,,0,0.0,,No DaySmart Record,Unqualified,invalid,Prospect Rule,Invalid email — no booking,59,10,Zoho,Zoho Only — Never Booked,2026-04-14
ZCR-103800,ZCR-103800,,Judy,Williams,,(694) 808-7289,2025-04-05,,0,0.0,,No DaySmart Record,Converted,invalid,Prospect Rule,Invalid email — no booking,108,10,Zoho,Zoho Only — Never Booked,2026-04-14
ZCR-103801,ZCR-103801,,Jill,Jackson,,(054) 618-1414,2024-10-04,,0,0.0,,No DaySmart Record,New,invalid,Prospect Rule,Invalid email — no booking,31,2,Zoho,Zoho Only — Never Booked,2026-04-14
ZCR-103810,ZCR-103810,,Debra,Guzman,,(772) 789-4039,2026-03-31,,0,0.0,,No DaySmart Record,Working,invalid,Prospect Rule,Invalid email — no booking,57,8,Zoho,Zoho Only — Never Booked,2026-04-14
ZCR-103812,ZCR-103812,,Kenneth,Hunter,,(755) 305-0001,2024-06-27,,0,0.0,,No DaySmart Record,Qualified,invalid,Prospect Rule,Invalid email — no booking,58,21,Zoho,Zoho Only — Never Booked,2026-04-14
ZCR-103821,ZCR-103821,,Vincent,Gordon,,(528) 692-5413,2024-04-18,,0,0.0,,No DaySmart Record,Qualified,invalid,Prospect Rule,Invalid email — no booking,89,15,Zoho,Zoho Only — Never Booked,2026-04-14
ZCR-103826,ZCR-103826,,Regina,Brown,,(675) 809-8195,2024-12-25,,0,0.0,,No DaySmart Record,Unqualified,invalid,Prospect Rule,Invalid email — no booking,70,34,Zoho,Zoho Only — Never Booked,2026-04-14
ZCR-103832,ZCR-103832,,Seth,Palmer,,(754) 170-5226,2024-08-15,,0,0.0,,No DaySmart Record,Converted,abuse,Prospect Rule,Invalid email — no booking,90,19,Zoho,Zoho Only — Never Booked,2026-04-14
ZCR-103833,ZCR-103833,,Charlotte,Lewis,,(151) 702-0643,2025-01-16,,0,0.0,,No DaySmart Record,Qualified,invalid,Prospect Rule,Invalid email — no booking,111,43,Zoho,Zoho Only — Never Booked,2026-04-14
ZCR-103836,ZCR-103836,,Christopher,Miller,,(619) 793-1403,2024-11-03,,0,0.0,,No DaySmart Record,Working,invalid,Prospect Rule,Invalid email — no booking,55,43,Zoho,Zoho Only — Never Booked,2026-04-14
ZCR-103848,ZCR-103848,,Catherine,Hill,,(857) 179-9263,2024-12-26,,0,0.0,,No DaySmart Record,Converted,spamtrap,Prospect Rule,Invalid email — no booking,73,27,Zoho,Zoho Only — Never Booked,2026-04-14
ZCR-103865,ZCR-103865,,Laura,Berry,,(054) 647-7374,2024-08-27,,0,0.0,,No DaySmart Record,Qualified,invalid,Prospect Rule,Invalid email — no booking,52,13,Zoho,Zoho Only — Never Booked,2026-04-14
ZCR-103876,ZCR-103876,,Sherri,Ellis,,(377) 337-5654,2025-11-16,,0,0.0,,No DaySmart Record,Converted,invalid,Prospect Rule,Invalid email — no booking,59,28,Zoho,Zoho Only — Never Booked,2026-04-14
ZCR-103892,ZCR-103892,,Nathan,Mathews,,(119) 328-9209,2026-03-26,,0,0.0,,No DaySmart Record,New,invalid,Prospect Rule,Invalid email — no booking,10,9,Zoho,Zoho Only — Never Booked,2026-04-14
ZCR-103898,ZCR-103898,,William,Sims,,(921) 639-6795,2026-02-20,,0,0.0,,No DaySmart Record,New,invalid,Prospect Rule,Invalid email — no booking,94,23,Zoho,Zoho Only — Never Booked,2026-04-14
ZCR-103903,ZCR-103903,,Rodney,Elliott,,(571) 492-3254,2025-04-24,,0,0.0,,No DaySmart Record,Working,invalid,Prospect Rule,Invalid email — no booking,86,43,Zoho,Zoho Only — Never Booked,2026-04-14
ZCR-103906,ZCR-103906,,Heather,Rivers,,(817) 510-4021,2025-03-05,,0,0.0,,No DaySmart Record,Converted,invalid,Prospect Rule,Invalid email — no booking,87,38,Zoho,Zoho Only — Never Booked,2026-04-14
ZCR-103910,ZCR-103910,,Terry,Jackson,,(743) 306-5079,2026-02-26,,0,0.0,,No DaySmart Record,Qualified,invalid,Prospect Rule,Invalid email — no booking,33,21,Zoho,Zoho Only — Never Booked,2026-04-14
ZCR-103923,ZCR-103923,,Anthony,Flores,,(348) 450-7118,2024-10-06,,0,0.0,,No DaySmart Record,Converted,invalid,Prospect Rule,Invalid email — no booking,60,21,Zoho,Zoho Only — Never Booked,2026-04-14
ZCR-103927,ZCR-103927,,Danielle,Rodriguez,,(508) 424-1214,2025-12-21,,0,0.0,,No DaySmart Record,Working,abuse,Prospect Rule,Invalid email — no booking,107,33,Zoho,Zoho Only — Never Booked,2026-04-14
ZCR-103933,ZCR-103933,,Christina,Todd,,(049) 570-0603,2025-06-26,,0,0.0,,No DaySmart Record,Qualified,invalid,Prospect Rule,Invalid email — no booking,111,22,Zoho,Zoho Only — Never Booked,2026-04-14
ZCR-103954,ZCR-103954,,Karen,Williams,,(014) 427-3778,2024-06-22,,0,0.0,,No DaySmart Record,Unqualified,abuse,Prospect Rule,Invalid email — no booking,50,50,Zoho,Zoho Only — Never Booked,2026-04-14
ZCR-103955,ZCR-103955,,Adam,Valencia,,(393) 523-7401,2024-11-02,,0,0.0,,No DaySmart Record,Qualified,invalid,Prospect Rule,Invalid email — no booking,55,31,Zoho,Zoho Only — Never Booked,2026-04-14
ZCR-103969,ZCR-103969,,Veronica,Martin,,(534) 197-4146,2024-05-07,,0,0.0,,No DaySmart Record,Qualified,invalid,Prospect Rule,Invalid email — no booking,109,42,Zoho,Zoho Only — Never Booked,2026-04-14
ZCR-103980,ZCR-103980,,Stephanie,Cain,,(131) 643-1317,2025-08-18,,0,0.0,,No DaySmart Record,Qualified,spamtrap,Prospect Rule,Invalid email — no booking,90,23,Zoho,Zoho Only — Never Booked,2026-04-14
ZCR-103988,ZCR-103988,,Jodi,Ruiz,,(456) 853-6584,2025-08-17,,0,0.0,,No DaySmart Record,Unqualified,abuse,Prospect Rule,Invalid email — no booking,80,25,Zoho,Zoho Only — Never Booked,2026-04-14
ZCR-103991,ZCR-103991,,Dr.,Rachel Atkinson,,(271) 054-0477,2025-12-20,,0,0.0,,No DaySmart Record,Working,invalid,Prospect Rule,Invalid email — no booking,100,10,Zoho,Zoho Only — Never Booked,2026-04-14
ZCR-103996,ZCR-103996,,David,Carey,,(859) 189-5885,2026-02-16,,0,0.0,,No DaySmart Record,Qualified,invalid,Prospect Rule,Invalid email — no booking,88,48,Zoho,Zoho Only — Never Booked,2026-04-14
ZCR-104005,ZCR-104005,,Michael,Casey,,(363) 099-9114,2024-09-27,,0,0.0,,No DaySmart Record,Qualified,invalid,Prospect Rule,Invalid email — no booking,45,20,Zoho,Zoho Only — Never Booked,2026-04-14
ZCR-104010,ZCR-104010,,Patrick,Burgess,,(825) 834-8762,2024-12-08,,0,0.0,,No DaySmart Record,Qualified,invalid,Prospect Rule,Invalid email — no booking,29,15,Zoho,Zoho Only — Never Booked,2026-04-14
ZCR-104020,ZCR-104020,,Matthew,Sullivan,,(810) 334-4103,2025-11-09,,0,0.0,,No DaySmart Record,Unqualified,invalid,Prospect Rule,Invalid email — no booking,28,16,Zoho,Zoho Only — Never Booked,2026-04-14
ZCR-104022,ZCR-104022,,Samuel,Mcdowell,,(758) 000-1598,2025-08-19,,0,0.0,,No DaySmart Record,Converted,spamtrap,Prospect Rule,Invalid email — no booking,100,55,Zoho,Zoho Only — Never Booked,2026-04-14
ZCR-104025,ZCR-104025,,Brian,Leonard,,(792) 977-6179,2024-05-04,,0,0.0,,No DaySmart Record,Qualified,invalid,Prospect Rule,Invalid email — no booking,96,49,Zoho,Zoho Only — Never Booked,2026-04-14
ZCR-104027,ZCR-104027,,Ariel,Hayes,,(078) 966-0720,2025-02-07,,0,0.0,,No DaySmart Record,Working,invalid,Prospect Rule,Invalid email — no booking,118,36,Zoho,Zoho Only — Never Booked,2026-04-14
ZCR-104028,ZCR-104028,,Jonathon,Harris,,(542) 864-8569,2025-06-05,,0,0.0,,No DaySmart Record,Working,invalid,Prospect Rule,Invalid email — no booking,45,16,Zoho,Zoho Only — Never Booked,2026-04-14
ZCR-104041,ZCR-104041,,Bryan,Hawkins,,(917) 985-7641,2024-05-22,,0,0.0,,No DaySmart Record,Converted,invalid,Prospect Rule,Invalid email — no booking,35,4,Zoho,Zoho Only — Never Booked,2026-04-14
ZCR-104071,ZCR-104071,,Sean,Moore,,(805) 048-6677,2025-09-10,,0,0.0,,No DaySmart Record,Converted,spamtrap,Prospect Rule,Invalid email — no booking,51,40,Zoho,Zoho Only — Never Booked,2026-04-14
ZCR-104072,ZCR-104072,,Dorothy,Bell,,(277) 288-4870,2024-09-30,,0,0.0,,No DaySmart Record,New,spamtrap,Prospect Rule,Invalid email — no booking,28,14,Zoho,Zoho Only — Never Booked,2026-04-14
ZCR-104074,ZCR-104074,,Jennifer,Anderson,,(590) 276-3762,2024-07-10,,0,0.0,,No DaySmart Record,Unqualified,abuse,Prospect Rule,Invalid email — no booking,108,45,Zoho,Zoho Only — Never Booked,2026-04-14
ZCR-104082,ZCR-104082,,Jerome,Bishop,,(769) 884-7057,2026-03-07,,0,0.0,,No DaySmart Record,Unqualified,invalid,Prospect Rule,Invalid email — no booking,28,9,Zoho,Zoho Only — Never Booked,2026-04-14
ZCR-104098,ZCR-104098,,Antonio,Simmons,,(098) 911-3403,2025-08-04,,0,0.0,,No DaySmart Record,Qualified,invalid,Prospect Rule,Invalid email — no booking,73,53,Zoho,Zoho Only — Never Booked,2026-04-14
ZCR-104114,ZCR-104114,,Derek,Brown,,(097) 003-5974,2026-04-13,,0,0.0,,No DaySmart Record,New,invalid,Prospect Rule,Invalid email — no booking,43,30,Zoho,Zoho Only — Never Booked,2026-04-14
ZCR-104138,ZCR-104138,,Toni,Mcmahon,,(318) 339-1914,2025-01-26,,0,0.0,,No DaySmart Record,Converted,invalid,Prospect Rule,Invalid email — no booking,87,39,Zoho,Zoho Only — Never Booked,2026-04-14
ZCR-104150,ZCR-104150,,Meghan,Ross,,(779) 066-9705,2024-10-25,,0,0.0,,No DaySmart Record,Converted,invalid,Prospect Rule,Invalid email — no booking,49,4,Zoho,Zoho Only — Never Booked,2026-04-14
ZCR-104159,ZCR-104159,,Maureen,Cooper,,(410) 338-6033,2025-05-30,,0,0.0,,No DaySmart Record,Working,invalid,Prospect Rule,Invalid email — no booking,44,29,Zoho,Zoho Only — Never Booked,2026-04-14
ZCR-104160,ZCR-104160,,Christopher,Moreno,,(865) 862-3670,2024-05-18,,0,0.0,,No DaySmart Record,Qualified,invalid,Prospect Rule,Invalid email — no booking,60,28,Zoho,Zoho Only — Never Booked,2026-04-14
ZCR-104167,ZCR-104167,,Shannon,Hart,,(718) 928-3104,2024-12-16,,0,0.0,,No DaySmart Record,Qualified,invalid,Prospect Rule,Invalid email — no booking,87,53,Zoho,Zoho Only — Never Booked,2026-04-14
ZCR-104189,ZCR-104189,,Greg,Hughes,,(247) 003-8863,2025-07-04,,0,0.0,,No DaySmart Record,Converted,invalid,Prospect Rule,Invalid email — no booking,71,5,Zoho,Zoho Only — Never Booked,2026-04-14
ZCR-104196,ZCR-104196,,Miranda,Jones,,(241) 269-8683,2025-09-11,,0,0.0,,No DaySmart Record,Qualified,invalid,Prospect Rule,Invalid email — no booking,54,4,Zoho,Zoho Only — Never Booked,2026-04-14
ZCR-104209,ZCR-104209,,Franklin,Rodriguez,,(060) 322-5291,2024-05-16,,0,0.0,,No DaySmart Record,Qualified,invalid,Prospect Rule,Invalid email — no booking,79,6,Zoho,Zoho Only — Never Booked,2026-04-14
ZCR-104211,ZCR-104211,,Benjamin,Stephens,,(481) 318-5374,2024-05-09,,0,0.0,,No DaySmart Record,Converted,abuse,Prospect Rule,Invalid email — no booking,87,35,Zoho,Zoho Only — Never Booked,2026-04-14
ZCR-104214,ZCR-104214,,Bradley,Brennan,,(389) 052-3530,2026-02-20,,0,0.0,,No DaySmart Record,Working,abuse,Prospect Rule,Invalid email — no booking,19,15,Zoho,Zoho Only — Never Booked,2026-04-14
ZCR-104222,ZCR-104222,,Luis,Gibson,,(097) 703-3724,2025-03-29,,0,0.0,,No DaySmart Record,Unqualified,invalid,Prospect Rule,Invalid email — no booking,23,23,Zoho,Zoho Only — Never Booked,2026-04-14
ZCR-104223,ZCR-104223,,Michael,Reyes,,(628) 147-1511,2025-03-21,,0,0.0,,No DaySmart Record,Qualified,spamtrap,Prospect Rule,Invalid email — no booking,67,2,Zoho,Zoho Only — Never Booked,2026-04-14
ZCR-104233,ZCR-104233,,Daniel,Jordan,,(519) 271-3788,2025-09-05,,0,0.0,,No DaySmart Record,Qualified,invalid,Prospect Rule,Invalid email — no booking,83,23,Zoho,Zoho Only — Never Booked,2026-04-14
ZCR-104234,ZCR-104234,,Ronald,Ponce,,(356) 522-8000,2026-03-21,,0,0.0,,No DaySmart Record,Qualified,invalid,Prospect Rule,Invalid email — no booking,98,41,Zoho,Zoho Only — Never Booked,2026-04-14
ZCR-104238,ZCR-104238,,Jessica,Jones,,(853) 092-1694,2024-12-27,,0,0.0,,No DaySmart Record,Qualified,abuse,Prospect Rule,Invalid email — no booking,82,37,Zoho,Zoho Only — Never Booked,2026-04-14
ZCR-104239,ZCR-104239,,Courtney,Small,,(083) 853-7594,2025-09-13,,0,0.0,,No DaySmart Record,Working,invalid,Prospect Rule,Invalid email — no booking,119,32,Zoho,Zoho Only — Never Booked,2026-04-14
ZCR-104246,ZCR-104246,,Monica,Wheeler,,(120) 063-8206,2026-01-19,,0,0.0,,No DaySmart Record,Unqualified,abuse,Prospect Rule,Invalid email — no booking,66,20,Zoho,Zoho Only — Never Booked,2026-04-14
ZCR-104251,ZCR-104251,,Richard,Jones,,(576) 180-8001,2026-03-23,,0,0.0,,No DaySmart Record,Converted,abuse,Prospect Rule,Invalid email — no booking,21,7,Zoho,Zoho Only — Never Booked,2026-04-14
ZCR-104257,ZCR-104257,,Steven,Rosales MD,,(097) 570-2477,2024-11-01,,0,0.0,,No DaySmart Record,Qualified,invalid,Prospect Rule,Invalid email — no booking,105,31,Zoho,Zoho Only — Never Booked,2026-04-14
ZCR-104262,ZCR-104262,,Mr.,Travis Lopez,,(514) 737-9410,2024-08-16,,0,0.0,,No DaySmart Record,New,invalid,Prospect Rule,Invalid email — no booking,119,32,Zoho,Zoho Only — Never Booked,2026-04-14
ZCR-104264,ZCR-104264,,Linda,Jackson,,(504) 945-1735,2026-03-29,,0,0.0,,No DaySmart Record,Qualified,invalid,Prospect Rule,Invalid email — no booking,36,7,Zoho,Zoho Only — Never Booked,2026-04-14
ZCR-104266,ZCR-104266,,Christopher,Rivers,,(273) 527-6502,2024-08-12,,0,0.0,,No DaySmart Record,Qualified,invalid,Prospect Rule,Invalid email — no booking,45,38,Zoho,Zoho Only — Never Booked,2026-04-14
ZCR-104279,ZCR-104279,,Krystal,Gordon,,(493) 613-5280,2024-12-04,,0,0.0,,No DaySmart Record,Unqualified,invalid,Prospect Rule,Invalid email — no booking,6,4,Zoho,Zoho Only — Never Booked,2026-04-14
ZCR-104306,ZCR-104306,,Rebecca,Atkinson,,(029) 206-3605,2025-07-20,,0,0.0,,No DaySmart Record,Qualified,invalid,Prospect Rule,Invalid email — no booking,33,13,Zoho,Zoho Only — Never Booked,2026-04-14
ZCR-104320,ZCR-104320,,Amanda,Mason,,(075) 014-6880,2026-01-25,,0,0.0,,No DaySmart Record,New,abuse,Prospect Rule,Invalid email — no booking,19,4,Zoho,Zoho Only — Never Booked,2026-04-14
ZCR-104322,ZCR-104322,,Danielle,Holmes,,(729) 381-4954,2024-07-28,,0,0.0,,No DaySmart Record,Working,spamtrap,Prospect Rule,Invalid email — no booking,31,5,Zoho,Zoho Only — Never Booked,2026-04-14
ZCR-104324,ZCR-104324,,Nancy,Valencia,,(683) 607-6634,2025-02-09,,0,0.0,,No DaySmart Record,Working,invalid,Prospect Rule,Invalid email — no booking,41,21,Zoho,Zoho Only — Never Booked,2026-04-14
ZCR-104336,ZCR-104336,,Bryan,Owens,,(068) 895-7472,2026-02-18,,0,0.0,,No DaySmart Record,New,invalid,Prospect Rule,Invalid email — no booking,69,57,Zoho,Zoho Only — Never Booked,2026-04-14
ZCR-104345,ZCR-104345,,Jessica,Holland,,(431) 619-4366,2024-04-22,,0,0.0,,No DaySmart Record,Qualified,invalid,Prospect Rule,Invalid email — no booking,111,22,Zoho,Zoho Only — Never Booked,2026-04-14
ZCR-104347,ZCR-104347,,Alicia,Rojas,,(731) 394-2753,2025-03-08,,0,0.0,,No DaySmart Record,Working,invalid,Prospect Rule,Invalid email — no booking,60,34,Zoho,Zoho Only — Never Booked,2026-04-14
ZCR-104354,ZCR-104354,,Edward,Decker,,(541) 341-2051,2024-08-19,,0,0.0,,No DaySmart Record,Unqualified,invalid,Prospect Rule,Invalid email — no booking,49,32,Zoho,Zoho Only — Never Booked,2026-04-14
ZCR-104355,ZCR-104355,,Jacqueline,Lane,,(898) 511-2269,2025-01-31,,0,0.0,,No DaySmart Record,Converted,abuse,Prospect Rule,Invalid email — no booking,39,27,Zoho,Zoho Only — Never Booked,2026-04-14
ZCR-104358,ZCR-104358,,Alex,Miller,,(242) 575-3942,2024-09-08,,0,0.0,,No DaySmart Record,Unqualified,invalid,Prospect Rule,Invalid email — no booking,93,33,Zoho,Zoho Only — Never Booked,2026-04-14
ZCR-104367,ZCR-104367,,Andrew,Romero,,(156) 158-4503,2025-03-07,,0,0.0,,No DaySmart Record,Converted,spamtrap,Prospect Rule,Invalid email — no booking,102,47,Zoho,Zoho Only — Never Booked,2026-04-14
ZCR-104368,ZCR-104368,,Matthew,Carlson,,(578) 729-0185,2025-05-09,,0,0.0,,No DaySmart Record,Working,invalid,Prospect Rule,Invalid email — no booking,21,1,Zoho,Zoho Only — Never Booked,2026-04-14
ZCR-104393,ZCR-104393,,Dave,Steele,,(176) 892-4747,2025-12-25,,0,0.0,,No DaySmart Record,Unqualified,invalid,Prospect Rule,Invalid email — no booking,8,6,Zoho,Zoho Only — Never Booked,2026-04-14
ZCR-104400,ZCR-104400,,William,Townsend,,(581) 029-3132,2026-01-17,,0,0.0,,No DaySmart Record,Working,spamtrap,Prospect Rule,Invalid email — no booking,46,44,Zoho,Zoho Only — Never Booked,2026-04-14
ZCR-104402,ZCR-104402,,Nicole,Wallace,,(569) 559-7109,2026-03-13,,0,0.0,,No DaySmart Record,New,invalid,Prospect Rule,Invalid email — no booking,113,2,Zoho,Zoho Only — Never Booked,2026-04-14
ZCR-104407,ZCR-104407,,Roger,Marshall,,(183) 013-7489,2026-01-06,,0,0.0,,No DaySmart Record,New,invalid,Prospect Rule,Invalid email — no booking,66,20,Zoho,Zoho Only — Never Booked,2026-04-14
ZCR-104409,ZCR-104409,,Michelle,Owen MD,,(029) 336-7423,2026-04-01,,0,0.0,,No DaySmart Record,Working,invalid,Prospect Rule,Invalid email — no booking,92,56,Zoho,Zoho Only — Never Booked,2026-04-14
ZCR-104415,ZCR-104415,,Anthony,Carter,,(630) 534-4630,2026-03-24,,0,0.0,,No DaySmart Record,Working,invalid,Prospect Rule,Invalid email — no booking,89,2,Zoho,Zoho Only — Never Booked,2026-04-14
ZCR-104423,ZCR-104423,,Dr.,Melissa Diaz,,(181) 373-8942,2026-01-21,,0,0.0,,No DaySmart Record,Working,invalid,Prospect Rule,Invalid email — no booking,39,29,Zoho,Zoho Only — Never Booked,2026-04-14
ZCR-104451,ZCR-104451,,Devon,Smith,,(058) 078-0999,2025-01-20,,0,0.0,,No DaySmart Record,Qualified,invalid,Prospect Rule,Invalid email — no booking,27,16,Zoho,Zoho Only — Never Booked,2026-04-14
ZCR-104459,ZCR-104459,,Albert,Jimenez,,(792) 469-6325,2025-10-08,,0,0.0,,No DaySmart Record,Unqualified,invalid,Prospect Rule,Invalid email — no booking,72,20,Zoho,Zoho Only — Never Booked,2026-04-14
ZCR-104466,ZCR-104466,,Darryl,Brown,,(866) 509-9566,2025-10-18,,0,0.0,,No DaySmart Record,Qualified,spamtrap,Prospect Rule,Invalid email — no booking,88,28,Zoho,Zoho Only — Never Booked,2026-04-14
ZCR-104481,ZCR-104481,,Eric,Collins,,(994) 674-7642,2025-05-04,,0,0.0,,No DaySmart Record,Qualified,spamtrap,Prospect Rule,Invalid email — no booking,8,1,Zoho,Zoho Only — Never Booked,2026-04-14
ZCR-104488,ZCR-104488,,Jordan,Hernandez,,(774) 729-4862,2024-06-26,,0,0.0,,No DaySmart Record,Converted,invalid,Prospect Rule,Invalid email — no booking,68,6,Zoho,Zoho Only — Never Booked,2026-04-14
ZCR-104492,ZCR-104492,,Steven,Kelly,,(122) 283-3211,2026-01-13,,0,0.0,,No DaySmart Record,Converted,invalid,Prospect Rule,Invalid email — no booking,114,40,Zoho,Zoho Only — Never Booked,2026-04-14
ZCR-104497,ZCR-104497,,Scott,Rice,,(845) 202-9754,2025-08-23,,0,0.0,,No DaySmart Record,Converted,abuse,Prospect Rule,Invalid email — no booking,83,55,Zoho,Zoho Only — Never Booked,2026-04-14
ZCR-104524,ZCR-104524,,Carmen,Parrish,,(606) 147-2761,2026-03-26,,0,0.0,,No DaySmart Record,New,invalid,Prospect Rule,Invalid email — no booking,60,9,Zoho,Zoho Only — Never Booked,2026-04-14
ZCR-104527,ZCR-104527,,Brian,Washington,,(634) 716-3785,2024-07-17,,0,0.0,,No DaySmart Record,Converted,invalid,Prospect Rule,Invalid email — no booking,59,22,Zoho,Zoho Only — Never Booked,2026-04-14
ZCR-104529,ZCR-104529,,Dillon,Hughes,,(112) 183-2332,2024-12-23,,0,0.0,,No DaySmart Record,Qualified,invalid,Prospect Rule,Invalid email — no booking,101,46,Zoho,Zoho Only — Never Booked,2026-04-14
ZCR-104547,ZCR-104547,,Richard,Leonard,,(580) 730-9316,2025-11-06,,0,0.0,,No DaySmart Record,Working,invalid,Prospect Rule,Invalid email — no booking,70,49,Zoho,Zoho Only — Never Booked,2026-04-14
ZCR-104572,ZCR-104572,,David,Cruz,,(800) 631-0265,2024-04-27,,0,0.0,,No DaySmart Record,Converted,invalid,Prospect Rule,Invalid email — no booking,5,3,Zoho,Zoho Only — Never Booked,2026-04-14
ZCR-104574,ZCR-104574,,Shannon,Casey,,(244) 756-2840,2025-11-21,,0,0.0,,No DaySmart Record,Qualified,invalid,Prospect Rule,Invalid email — no booking,55,12,Zoho,Zoho Only — Never Booked,2026-04-14
ZCR-104576,ZCR-104576,,Susan,Garcia,,(271) 337-5216,2025-08-09,,0,0.0,,No DaySmart Record,New,invalid,Prospect Rule,Invalid email — no booking,13,1,Zoho,Zoho Only — Never Booked,2026-04-14
ZCR-104580,ZCR-104580,,Stephanie,Miller,,(279) 734-1550,2024-09-05,,0,0.0,,No DaySmart Record,Converted,invalid,Prospect Rule,Invalid email — no booking,64,29,Zoho,Zoho Only — Never Booked,2026-04-14
ZCR-104585,ZCR-104585,,Adam,Hill,,(298) 776-1097,2025-10-23,,0,0.0,,No DaySmart Record,Converted,spamtrap,Prospect Rule,Invalid email — no booking,102,56,Zoho,Zoho Only — Never Booked,2026-04-14
ZCR-104595,ZCR-104595,,Victoria,Newman,,(907) 346-2675,2025-11-01,,0,0.0,,No DaySmart Record,New,abuse,Prospect Rule,Invalid email — no booking,36,33,Zoho,Zoho Only — Never Booked,2026-04-14
ZCR-104599,ZCR-104599,,Matthew,Shelton,,(933) 570-0378,2025-10-17,,0,0.0,,No DaySmart Record,Working,spamtrap,Prospect Rule,Invalid email — no booking,89,44,Zoho,Zoho Only — Never Booked,2026-04-14
ZCR-104604,ZCR-104604,,Gail,Rivera,,(463) 176-1866,2026-02-12,,0,0.0,,No DaySmart Record,New,invalid,Prospect Rule,Invalid email — no booking,32,14,Zoho,Zoho Only — Never Booked,2026-04-14
ZCR-104620,ZCR-104620,,Joshua,Oconnor,,(921) 446-5048,2025-06-24,,0,0.0,,No DaySmart Record,Unqualified,spamtrap,Prospect Rule,Invalid email — no booking,100,48,Zoho,Zoho Only — Never Booked,2026-04-14
ZCR-104622,ZCR-104622,,Heather,Moore,,(622) 216-8810,2025-09-17,,0,0.0,,No DaySmart Record,Qualified,spamtrap,Prospect Rule,Invalid email — no booking,96,4,Zoho,Zoho Only — Never Booked,2026-04-14
ZCR-104633,ZCR-104633,,Jaime,Kennedy,,(084) 300-5120,2024-05-20,,0,0.0,,No DaySmart Record,Converted,spamtrap,Prospect Rule,Invalid email — no booking,25,19,Zoho,Zoho Only — Never Booked,2026-04-14
ZCR-104634,ZCR-104634,,Cody,Robinson,,(559) 557-5866,2024-06-07,,0,0.0,,No DaySmart Record,Qualified,invalid,Prospect Rule,Invalid email — no booking,51,29,Zoho,Zoho Only — Never Booked,2026-04-14
ZCR-104636,ZCR-104636,,Lori,Sims,,(104) 614-8218,2025-01-27,,0,0.0,,No DaySmart Record,New,invalid,Prospect Rule,Invalid email — no booking,72,40,Zoho,Zoho Only — Never Booked,2026-04-14
ZCR-104639,ZCR-104639,,Ashley,Kelley,,(318) 761-5754,2025-01-10,,0,0.0,,No DaySmart Record,Working,invalid,Prospect Rule,Invalid email — no booking,80,60,Zoho,Zoho Only — Never Booked,2026-04-14
ZCR-104649,ZCR-104649,,Nancy,Church,,(590) 476-4475,2024-07-06,,0,0.0,,No DaySmart Record,Converted,invalid,Prospect Rule,Invalid email — no booking,0,0,Zoho,Zoho Only — Never Booked,2026-04-14
ZCR-104650,ZCR-104650,,Andrew,Mullen,,(161) 100-0152,2026-01-25,,0,0.0,,No DaySmart Record,Unqualified,abuse,Prospect Rule,Invalid email — no booking,64,48,Zoho,Zoho Only — Never Booked,2026-04-14
ZCR-104655,ZCR-104655,,William,Fernandez,,(500) 409-0522,2025-03-01,,0,0.0,,No DaySmart Record,Converted,invalid,Prospect Rule,Invalid email — no booking,1,0,Zoho,Zoho Only — Never Booked,2026-04-14
ZCR-104661,ZCR-104661,,Phillip,Silva,,(111) 397-6827,2025-09-19,,0,0.0,,No DaySmart Record,Qualified,invalid,Prospect Rule,Invalid email — no booking,72,41,Zoho,Zoho Only — Never Booked,2026-04-14
ZCR-104663,ZCR-104663,,Steven,Richards,,(237) 527-2755,2026-01-26,,0,0.0,,No DaySmart Record,Converted,invalid,Prospect Rule,Invalid email — no booking,87,47,Zoho,Zoho Only — Never Booked,2026-04-14
ZCR-104674,ZCR-104674,,Kayla,Nguyen,,(606) 393-6864,2024-06-16,,0,0.0,,No DaySmart Record,Unqualified,invalid,Prospect Rule,Invalid email — no booking,84,18,Zoho,Zoho Only — Never Booked,2026-04-14
ZCR-104676,ZCR-104676,,Thomas,Flowers,,(347) 819-5421,2025-11-24,,0,0.0,,No DaySmart Record,Converted,spamtrap,Prospect Rule,Invalid email — no booking,3,0,Zoho,Zoho Only — Never Booked,2026-04-14
ZCR-104681,ZCR-104681,,Bobby,Evans,,(646) 771-5232,2024-09-10,,0,0.0,,No DaySmart Record,Unqualified,invalid,Prospect Rule,Invalid email — no booking,71,25,Zoho,Zoho Only — Never Booked,2026-04-14
ZCR-104699,ZCR-104699,,Elizabeth,Hoffman,,(771) 697-9678,2025-04-27,,0,0.0,,No DaySmart Record,Working,invalid,Prospect Rule,Invalid email — no booking,53,13,Zoho,Zoho Only — Never Booked,2026-04-14
ZCR-104733,ZCR-104733,,Tiffany,Gilbert,,(313) 587-7793,2024-06-11,,0,0.0,,No DaySmart Record,Qualified,abuse,Prospect Rule,Invalid email — no booking,67,1,Zoho,Zoho Only — Never Booked,2026-04-14
ZCR-104734,ZCR-104734,,Joshua,Gonzalez,,(834) 594-7991,2026-02-10,,0,0.0,,No DaySmart Record,Converted,abuse,Prospect Rule,Invalid email — no booking,100,38,Zoho,Zoho Only — Never Booked,2026-04-14
ZCR-104738,ZCR-104738,,Jason,May,,(123) 963-9401,2025-10-21,,0,0.0,,No DaySmart Record,Qualified,spamtrap,Prospect Rule,Invalid email — no booking,95,35,Zoho,Zoho Only — Never Booked,2026-04-14
ZCR-104739,ZCR-104739,,Patrick,Day,,(484) 818-6896,2024-06-27,,0,0.0,,No DaySmart Record,New,invalid,Prospect Rule,Invalid email — no booking,62,51,Zoho,Zoho Only — Never Booked,2026-04-14
ZCR-104748,ZCR-104748,,Leah,Newman,,(233) 239-2209,2025-10-12,,0,0.0,,No DaySmart Record,Unqualified,invalid,Prospect Rule,Invalid email — no booking,77,57,Zoho,Zoho Only — Never Booked,2026-04-14
ZCR-104755,ZCR-104755,,Tina,Wright,,(971) 388-9380,2025-03-23,,0,0.0,,No DaySmart Record,Qualified,abuse,Prospect Rule,Invalid email — no booking,38,21,Zoho,Zoho Only — Never Booked,2026-04-14
ZCR-104765,ZCR-104765,,Justin,Newton,,(902) 238-5827,2026-03-10,,0,0.0,,No DaySmart Record,Working,invalid,Prospect Rule,Invalid email — no booking,102,49,Zoho,Zoho Only — Never Booked,2026-04-14
ZCR-104780,ZCR-104780,,Robert,Ellis,,(792) 945-7540,2024-05-20,,0,0.0,,No DaySmart Record,Unqualified,abuse,Prospect Rule,Invalid email — no booking,53,26,Zoho,Zoho Only — Never Booked,2026-04-14
ZCR-104789,ZCR-104789,,Kyle,Smith,,(673) 280-0329,2025-08-16,,0,0.0,,No DaySmart Record,New,abuse,Prospect Rule,Invalid email — no booking,17,15,Zoho,Zoho Only — Never Booked,2026-04-14
ZCR-104796,ZCR-104796,,Cynthia,Wood,,(027) 293-0114,2025-06-02,,0,0.0,,No DaySmart Record,Converted,invalid,Prospect Rule,Invalid email — no booking,56,19,Zoho,Zoho Only — Never Booked,2026-04-14
ZCR-104798,ZCR-104798,,Ruth,Moore,,(209) 759-8325,2026-03-31,,0,0.0,,No DaySmart Record,Working,invalid,Prospect Rule,Invalid email — no booking,69,0,Zoho,Zoho Only — Never Booked,2026-04-14
ZCR-104801,ZCR-104801,,Angel,Barajas,,(944) 131-0578,2026-03-14,,0,0.0,,No DaySmart Record,Working,spamtrap,Prospect Rule,Invalid email — no booking,54,24,Zoho,Zoho Only — Never Booked,2026-04-14
ZCR-104817,ZCR-104817,,Randy,Estrada,,(842) 585-2725,2025-10-03,,0,0.0,,No DaySmart Record,Working,invalid,Prospect Rule,Invalid email — no booking,72,44,Zoho,Zoho Only — Never Booked,2026-04-14
ZCR-104820,ZCR-104820,,Kaitlin,Carter,,(763) 189-2173,2024-04-21,,0,0.0,,No DaySmart Record,Converted,invalid,Prospect Rule,Invalid email — no booking,5,3,Zoho,Zoho Only — Never Booked,2026-04-14
ZCR-104827,ZCR-104827,,Kayla,Valdez,,(420) 822-0214,2025-07-30,,0,0.0,,No DaySmart Record,Converted,abuse,Prospect Rule,Invalid email — no booking,95,21,Zoho,Zoho Only — Never Booked,2026-04-14
ZCR-104828,ZCR-104828,,Rebecca,Burnett,,(505) 270-3219,2025-08-10,,0,0.0,,No DaySmart Record,New,invalid,Prospect Rule,Invalid email — no booking,66,32,Zoho,Zoho Only — Never Booked,2026-04-14
ZCR-104843,ZCR-104843,,Savannah,Terry,,(651) 286-1601,2025-06-20,,0,0.0,,No DaySmart Record,Working,spamtrap,Prospect Rule,Invalid email — no booking,12,8,Zoho,Zoho Only — Never Booked,2026-04-14
ZCR-104859,ZCR-104859,,Alexandra,Graves,,(033) 986-7976,2025-05-17,,0,0.0,,No DaySmart Record,New,invalid,Prospect Rule,Invalid email — no booking,62,20,Zoho,Zoho Only — Never Booked,2026-04-14
ZCR-104869,ZCR-104869,,Nathaniel,Miller,,(340) 111-2529,2026-04-13,,0,0.0,,No DaySmart Record,Unqualified,invalid,Prospect Rule,Invalid email — no booking,30,21,Zoho,Zoho Only — Never Booked,2026-04-14
ZCR-104871,ZCR-104871,,Casey,Patterson,,(629) 715-7470,2024-10-18,,0,0.0,,No DaySmart Record,Working,invalid,Prospect Rule,Invalid email — no booking,98,0,Zoho,Zoho Only — Never Booked,2026-04-14
ZCR-104877,ZCR-104877,,Clifford,Johnson,,(452) 670-2613,2024-05-17,,0,0.0,,No DaySmart Record,Converted,invalid,Prospect Rule,Invalid email — no booking,120,34,Zoho,Zoho Only — Never Booked,2026-04-14
ZCR-104878,ZCR-104878,,Sherri,Montes,,(302) 140-6836,2025-04-08,,0,0.0,,No DaySmart Record,Converted,spamtrap,Prospect Rule,Invalid email — no booking,66,38,Zoho,Zoho Only — Never Booked,2026-04-14
ZCR-104897,ZCR-104897,,James,Stephenson,,(480) 767-8361,2024-05-02,,0,0.0,,No DaySmart Record,Working,spamtrap,Prospect Rule,Invalid email — no booking,97,37,Zoho,Zoho Only — Never Booked,2026-04-14
ZCR-104902,ZCR-104902,,Julia,Davis,,(680) 590-2629,2025-08-04,,0,0.0,,No DaySmart Record,Working,invalid,Prospect Rule,Invalid email — no booking,94,48,Zoho,Zoho Only — Never Booked,2026-04-14
ZCR-104905,ZCR-104905,,Raven,Cole,,(026) 580-6612,2024-09-15,,0,0.0,,No DaySmart Record,Qualified,spamtrap,Prospect Rule,Invalid email — no booking,2,0,Zoho,Zoho Only — Never Booked,2026-04-14
ZCR-104922,ZCR-104922,,Brad,Hughes,,(649) 679-6266,2025-03-03,,0,0.0,,No DaySmart Record,New,invalid,Prospect Rule,Invalid email — no booking,68,22,Zoho,Zoho Only — Never Booked,2026-04-14
ZCR-104930,ZCR-104930,,Lori,Brown,,(154) 527-4615,2024-06-28,,0,0.0,,No DaySmart Record,Qualified,invalid,Prospect Rule,Invalid email — no booking,4,3,Zoho,Zoho Only — Never Booked,2026-04-14
ZCR-104931,ZCR-104931,,Amanda,Patel,,(880) 762-0250,2025-01-01,,0,0.0,,No DaySmart Record,Unqualified,invalid,Prospect Rule,Invalid email — no booking,86,46,Zoho,Zoho Only — Never Booked,2026-04-14
ZCR-104937,ZCR-104937,,Douglas,Tanner,,(130) 562-8644,2025-06-18,,0,0.0,,No DaySmart Record,New,invalid,Prospect Rule,Invalid email — no booking,44,43,Zoho,Zoho Only — Never Booked,2026-04-14
ZCR-104948,ZCR-104948,,Pamela,Morales,,(983) 208-9153,2024-05-01,,0,0.0,,No DaySmart Record,Working,spamtrap,Prospect Rule,Invalid email — no booking,91,37,Zoho,Zoho Only — Never Booked,2026-04-14
ZCR-104950,ZCR-104950,,Andrew,Butler,,(255) 294-3972,2024-04-26,,0,0.0,,No DaySmart Record,New,invalid,Prospect Rule,Invalid email — no booking,118,10,Zoho,Zoho Only — Never Booked,2026-04-14
ZCR-104959,ZCR-104959,,Dr.,Joseph Davis Jr.,,(393) 462-1573,2025-05-21,,0,0.0,,No DaySmart Record,Qualified,abuse,Prospect Rule,Invalid email — no booking,104,11,Zoho,Zoho Only — Never Booked,2026-04-14
ZCR-104970,ZCR-104970,,Peter,Smith,,(999) 234-0647,2024-09-16,,0,0.0,,No DaySmart Record,Unqualified,invalid,Prospect Rule,Invalid email — no booking,111,25,Zoho,Zoho Only — Never Booked,2026-04-14
ZCR-104971,ZCR-104971,,Keith,Meadows,,(459) 654-6155,2025-03-17,,0,0.0,,No DaySmart Record,Working,spamtrap,Prospect Rule,Invalid email — no booking,44,4,Zoho,Zoho Only — Never Booked,2026-04-14
ZCR-104983,ZCR-104983,,Monica,Thomas,,(101) 094-0976,2025-04-30,,0,0.0,,No DaySmart Record,New,invalid,Prospect Rule,Invalid email — no booking,94,7,Zoho,Zoho Only — Never Booked,2026-04-14
ZCR-104987,ZCR-104987,,Kenneth,Banks,,(824) 115-8934,2025-01-28,,0,0.0,,No DaySmart Record,Unqualified,invalid,Prospect Rule,Invalid email — no booking,99,16,Zoho,Zoho Only — Never Booked,2026-04-14
ZCR-104990,ZCR-104990,,Patty,Lopez,,(338) 863-1538,2026-01-27,,0,0.0,,No DaySmart Record,Working,invalid,Prospect Rule,Invalid email — no booking,110,37,Zoho,Zoho Only — Never Booked,2026-04-14
ZCR-105001,ZCR-105001,,Rose,Martinez,,(322) 377-0137,2024-12-30,,0,0.0,,No DaySmart Record,Unqualified,invalid,Prospect Rule,Invalid email — no booking,17,7,Zoho,Zoho Only — Never Booked,2026-04-14
ZCR-105006,ZCR-105006,,Logan,Hernandez,,(311) 253-5267,2025-08-28,,0,0.0,,No DaySmart Record,Qualified,invalid,Prospect Rule,Invalid email — no booking,35,6,Zoho,Zoho Only — Never Booked,2026-04-14
ZCR-105023,ZCR-105023,,Sarah,Rodriguez,,(435) 778-0363,2025-08-26,,0,0.0,,No DaySmart Record,Converted,invalid,Prospect Rule,Invalid email — no booking,91,18,Zoho,Zoho Only — Never Booked,2026-04-14
ZCR-105038,ZCR-105038,,Jeremy,Shelton,,(676) 024-3659,2024-12-06,,0,0.0,,No DaySmart Record,Qualified,invalid,Prospect Rule,Invalid email — no booking,85,4,Zoho,Zoho Only — Never Booked,2026-04-14
ZCR-105039,ZCR-105039,,Kimberly,White,,(636) 115-9258,2026-01-09,,0,0.0,,No DaySmart Record,Qualified,invalid,Prospect Rule,Invalid email — no booking,116,30,Zoho,Zoho Only — Never Booked,2026-04-14
ZCR-105052,ZCR-105052,,Philip,Sanders,,(199) 153-8033,2025-01-12,,0,0.0,,No DaySmart Record,Converted,invalid,Prospect Rule,Invalid email — no booking,94,51,Zoho,Zoho Only — Never Booked,2026-04-14
ZCR-105053,ZCR-105053,,Mr.,Andrew Campbell,,(533) 376-3218,2024-11-16,,0,0.0,,No DaySmart Record,New,invalid,Prospect Rule,Invalid email — no booking,94,41,Zoho,Zoho Only — Never Booked,2026-04-14
ZCR-105061,ZCR-105061,,Cindy,Henry,,(661) 370-2580,2026-01-18,,0,0.0,,No DaySmart Record,Working,invalid,Prospect Rule,Invalid email — no booking,8,8,Zoho,Zoho Only — Never Booked,2026-04-14
ZCR-105063,ZCR-105063,,William,Fields,,(485) 641-9340,2024-09-19,,0,0.0,,No DaySmart Record,Converted,abuse,Prospect Rule,Invalid email — no booking,28,22,Zoho,Zoho Only — Never Booked,2026-04-14
ZCR-105072,ZCR-105072,,Samuel,Winters,,(299) 420-7877,2024-09-21,,0,0.0,,No DaySmart Record,Unqualified,spamtrap,Prospect Rule,Invalid email — no booking,62,51,Zoho,Zoho Only — Never Booked,2026-04-14
ZCR-105084,ZCR-105084,,Kiara,Horton,,(806) 027-3570,2024-05-14,,0,0.0,,No DaySmart Record,Qualified,invalid,Prospect Rule,Invalid email — no booking,111,23,Zoho,Zoho Only — Never Booked,2026-04-14
ZCR-105099,ZCR-105099,,Dr.,Brandon Williams,,(636) 526-9856,2024-11-18,,0,0.0,,No DaySmart Record,Converted,abuse,Prospect Rule,Invalid email — no booking,64,51,Zoho,Zoho Only — Never Booked,2026-04-14
ZCR-105110,ZCR-105110,,Todd,Ruiz,,(866) 089-4721,2025-08-08,,0,0.0,,No DaySmart Record,Converted,invalid,Prospect Rule,Invalid email — no booking,3,1,Zoho,Zoho Only — Never Booked,2026-04-14
ZCR-105111,ZCR-105111,,Brooke,Torres,,(547) 622-3247,2024-09-20,,0,0.0,,No DaySmart Record,Working,invalid,Prospect Rule,Invalid email — no booking,92,36,Zoho,Zoho Only — Never Booked,2026-04-14
ZCR-105120,ZCR-105120,,Alexander,Joseph,,(087) 920-1478,2025-11-12,,0,0.0,,No DaySmart Record,New,spamtrap,Prospect Rule,Invalid email — no booking,19,9,Zoho,Zoho Only — Never Booked,2026-04-14
ZCR-105124,ZCR-105124,,Shirley,Mcintyre,,(940) 122-5936,2025-05-29,,0,0.0,,No DaySmart Record,Qualified,invalid,Prospect Rule,Invalid email — no booking,4,4,Zoho,Zoho Only — Never Booked,2026-04-14
ZCR-105127,ZCR-105127,,Samantha,Fisher,,(121) 211-6936,2025-08-26,,0,0.0,,No DaySmart Record,Unqualified,invalid,Prospect Rule,Invalid email — no booking,27,12,Zoho,Zoho Only — Never Booked,2026-04-14
ZCR-105131,ZCR-105131,,Mary,Williams,,(713) 541-5768,2026-03-09,,0,0.0,,No DaySmart Record,Qualified,invalid,Prospect Rule,Invalid email — no booking,75,58,Zoho,Zoho Only — Never Booked,2026-04-14
ZCR-105139,ZCR-105139,,Chad,Obrien,,(146) 772-9051,2025-10-30,,0,0.0,,No DaySmart Record,Converted,invalid,Prospect Rule,Invalid email — no booking,63,50,Zoho,Zoho Only — Never Booked,2026-04-14
ZCR-105140,ZCR-105140,,Christopher,Scott,,(698) 448-6203,2026-03-06,,0,0.0,,No DaySmart Record,Converted,invalid,Prospect Rule,Invalid email — no booking,72,41,Zoho,Zoho Only — Never Booked,2026-04-14
ZCR-105143,ZCR-105143,,William,Martinez,,(517) 619-3469,2025-05-08,,0,0.0,,No DaySmart Record,New,spamtrap,Prospect Rule,Invalid email — no booking,33,6,Zoho,Zoho Only — Never Booked,2026-04-14
ZCR-105144,ZCR-105144,,John,Morgan,,(536) 704-6678,2025-04-25,,0,0.0,,No DaySmart Record,Converted,invalid,Prospect Rule,Invalid email — no booking,18,13,Zoho,Zoho Only — Never Booked,2026-04-14
ZCR-105145,ZCR-105145,,Andrea,Acosta,,(409) 610-3113,2024-06-07,,0,0.0,,No DaySmart Record,Converted,abuse,Prospect Rule,Invalid email — no booking,14,13,Zoho,Zoho Only — Never Booked,2026-04-14
ZCR-105148,ZCR-105148,,Jason,Mccormick,,(435) 147-6710,2024-12-02,,0,0.0,,No DaySmart Record,Qualified,abuse,Prospect Rule,Invalid email — no booking,15,9,Zoho,Zoho Only — Never Booked,2026-04-14
ZCR-105155,ZCR-105155,,Lisa,Mccullough,,(211) 082-2059,2025-09-09,,0,0.0,,No DaySmart Record,Unqualified,abuse,Prospect Rule,Invalid email — no booking,13,11,Zoho,Zoho Only — Never Booked,2026-04-14
ZCR-105163,ZCR-105163,,Jeff,Taylor,,(572) 640-8975,2026-03-29,,0,0.0,,No DaySmart Record,Qualified,spamtrap,Prospect Rule,Invalid email — no booking,5,1,Zoho,Zoho Only — Never Booked,2026-04-14
ZCR-105173,ZCR-105173,,Latoya,Williams,,(906) 792-3689,2025-12-06,,0,0.0,,No DaySmart Record,New,abuse,Prospect Rule,Invalid email — no booking,37,2,Zoho,Zoho Only — Never Booked,2026-04-14
ZCR-105179,ZCR-105179,,Sharon,Crane,,(456) 852-9313,2025-04-29,,0,0.0,,No DaySmart Record,Unqualified,abuse,Prospect Rule,Invalid email — no booking,101,2,Zoho,Zoho Only — Never Booked,2026-04-14
ZCR-105183,ZCR-105183,,Jeff,Baker,,(525) 283-4172,2025-05-13,,0,0.0,,No DaySmart Record,Qualified,invalid,Prospect Rule,Invalid email — no booking,37,37,Zoho,Zoho Only — Never Booked,2026-04-14
ZCR-105187,ZCR-105187,,Michael,Kelly,,(936) 814-9677,2024-10-25,,0,0.0,,No DaySmart Record,Working,invalid,Prospect Rule,Invalid email — no booking,44,23,Zoho,Zoho Only — Never Booked,2026-04-14
ZCR-105192,ZCR-105192,,Natalie,Haley,,(152) 141-0878,2026-02-23,,0,0.0,,No DaySmart Record,New,abuse,Prospect Rule,Invalid email — no booking,3,0,Zoho,Zoho Only — Never Booked,2026-04-14
ZCR-105196,ZCR-105196,,Daniel,Wong,,(017) 897-8321,2026-02-07,,0,0.0,,No DaySmart Record,Unqualified,abuse,Prospect Rule,Invalid email — no booking,57,7,Zoho,Zoho Only — Never Booked,2026-04-14
ZCR-105201,ZCR-105201,,Steven,Wilson,,(538) 266-3945,2024-10-21,,0,0.0,,No DaySmart Record,Unqualified,spamtrap,Prospect Rule,Invalid email — no booking,12,0,Zoho,Zoho Only — Never Booked,2026-04-14
ZCR-105203,ZCR-105203,,Nathaniel,Foster,,(770) 071-1400,2026-01-20,,0,0.0,,No DaySmart Record,Qualified,spamtrap,Prospect Rule,Invalid email — no booking,47,30,Zoho,Zoho Only — Never Booked,2026-04-14
ZCR-105217,ZCR-105217,,Christina,Hancock,,(428) 387-4439,2025-09-15,,0,0.0,,No DaySmart Record,Qualified,invalid,Prospect Rule,Invalid email — no booking,22,9,Zoho,Zoho Only — Never Booked,2026-04-14
ZCR-105228,ZCR-105228,,Kelli,Walker,,(369) 422-8331,2024-06-28,,0,0.0,,No DaySmart Record,Qualified,invalid,Prospect Rule,Invalid email — no booking,107,31,Zoho,Zoho Only — Never Booked,2026-04-14
ZCR-105230,ZCR-105230,,Lance,Harris,,(050) 356-4305,2025-02-01,,0,0.0,,No DaySmart Record,Converted,invalid,Prospect Rule,Invalid email — no booking,19,11,Zoho,Zoho Only — Never Booked,2026-04-14
ZCR-105237,ZCR-105237,,Rebecca,Woods,,(202) 167-1281,2024-11-30,,0,0.0,,No DaySmart Record,Converted,invalid,Prospect Rule,Invalid email — no booking,114,39,Zoho,Zoho Only — Never Booked,2026-04-14
ZCR-105261,ZCR-105261,,Joshua,Montgomery,,(463) 348-6531,2025-01-12,,0,0.0,,No DaySmart Record,New,invalid,Prospect Rule,Invalid email — no booking,73,17,Zoho,Zoho Only — Never Booked,2026-04-14
ZCR-105264,ZCR-105264,,Michael,Hamilton,,(935) 847-6221,2024-05-30,,0,0.0,,No DaySmart Record,New,invalid,Prospect Rule,Invalid email — no booking,3,1,Zoho,Zoho Only — Never Booked,2026-04-14
ZCR-105269,ZCR-105269,,Danny,Oconnor,,(452) 758-3019,2025-08-18,,0,0.0,,No DaySmart Record,New,invalid,Prospect Rule,Invalid email — no booking,100,4,Zoho,Zoho Only — Never Booked,2026-04-14
ZCR-105290,ZCR-105290,,Jeffrey,Morales,,(960) 629-2022,2026-02-11,,0,0.0,,No DaySmart Record,New,invalid,Prospect Rule,Invalid email — no booking,67,2,Zoho,Zoho Only — Never Booked,2026-04-14
ZCR-105294,ZCR-105294,,Robert,Owens,,(171) 800-4074,2025-01-25,,0,0.0,,No DaySmart Record,Qualified,invalid,Prospect Rule,Invalid email — no booking,102,30,Zoho,Zoho Only — Never Booked,2026-04-14
ZCR-105302,ZCR-105302,,Breanna,Cooper,,(833) 399-0776,2025-07-26,,0,0.0,,No DaySmart Record,Unqualified,invalid,Prospect Rule,Invalid email — no booking,101,37,Zoho,Zoho Only — Never Booked,2026-04-14
ZCR-105320,ZCR-105320,,David,Williams,,(876) 903-5535,2024-09-22,,0,0.0,,No DaySmart Record,Converted,invalid,Prospect Rule,Invalid email — no booking,107,60,Zoho,Zoho Only — Never Booked,2026-04-14
ZCR-105325,ZCR-105325,,Lawrence,Freeman,,(051) 580-8468,2025-12-26,,0,0.0,,No DaySmart Record,Unqualified,invalid,Prospect Rule,Invalid email — no booking,72,4,Zoho,Zoho Only — Never Booked,2026-04-14
ZCR-105329,ZCR-105329,,Ricky,Perez,,(769) 527-2933,2025-09-24,,0,0.0,,No DaySmart Record,Working,spamtrap,Prospect Rule,Invalid email — no booking,95,19,Zoho,Zoho Only — Never Booked,2026-04-14
ZCR-105335,ZCR-105335,,Steven,Buckley,,(124) 836-7017,2026-02-12,,0,0.0,,No DaySmart Record,Qualified,abuse,Prospect Rule,Invalid email — no booking,49,27,Zoho,Zoho Only — Never Booked,2026-04-14
ZCR-105348,ZCR-105348,,Amy,Cook,,(696) 100-9888,2025-08-01,,0,0.0,,No DaySmart Record,Working,invalid,Prospect Rule,Invalid email — no booking,118,11,Zoho,Zoho Only — Never Booked,2026-04-14
ZCR-105354,ZCR-105354,,Katherine,Jackson,,(468) 329-5215,2024-04-21,,0,0.0,,No DaySmart Record,Unqualified,invalid,Prospect Rule,Invalid email — no booking,27,7,Zoho,Zoho Only — Never Booked,2026-04-14
ZCR-105356,ZCR-105356,,Ronald,Davis,,(625) 841-9636,2024-09-26,,0,0.0,,No DaySmart Record,Converted,invalid,Prospect Rule,Invalid email — no booking,117,55,Zoho,Zoho Only — Never Booked,2026-04-14
ZCR-105357,ZCR-105357,,Abigail,Shelton,,(998) 397-6693,2025-02-12,,0,0.0,,No DaySmart Record,New,invalid,Prospect Rule,Invalid email — no booking,48,21,Zoho,Zoho Only — Never Booked,2026-04-14
ZCR-105358,ZCR-105358,,Donna,Moore,,(019) 992-3678,2026-02-18,,0,0.0,,No DaySmart Record,Working,invalid,Prospect Rule,Invalid email — no booking,40,5,Zoho,Zoho Only — Never Booked,2026-04-14
ZCR-105369,ZCR-105369,,Shawn,Knight,,(991) 231-8945,2026-01-10,,0,0.0,,No DaySmart Record,Qualified,abuse,Prospect Rule,Invalid email — no booking,35,8,Zoho,Zoho Only — Never Booked,2026-04-14
ZCR-105371,ZCR-105371,,Michael,Murray,,(355) 348-1657,2025-08-24,,0,0.0,,No DaySmart Record,Unqualified,spamtrap,Prospect Rule,Invalid email — no booking,84,26,Zoho,Zoho Only — Never Booked,2026-04-14
ZCR-105376,ZCR-105376,,Raymond,Perez Jr.,,(700) 023-5366,2024-12-29,,0,0.0,,No DaySmart Record,New,invalid,Prospect Rule,Invalid email — no booking,3,3,Zoho,Zoho Only — Never Booked,2026-04-14
ZCR-105383,ZCR-105383,,Brian,Cooper,,(978) 449-8249,2024-05-19,,0,0.0,,No DaySmart Record,Converted,spamtrap,Prospect Rule,Invalid email — no booking,87,49,Zoho,Zoho Only — Never Booked,2026-04-14
ZCR-105390,ZCR-105390,,Melinda,Black,,(091) 753-5746,2024-10-06,,0,0.0,,No DaySmart Record,Unqualified,invalid,Prospect Rule,Invalid email — no booking,95,12,Zoho,Zoho Only — Never Booked,2026-04-14
ZCR-105401,ZCR-105401,,Jenna,Jones,,(410) 341-2035,2026-02-21,,0,0.0,,No DaySmart Record,New,invalid,Prospect Rule,Invalid email — no booking,69,59,Zoho,Zoho Only — Never Booked,2026-04-14
ZCR-105402,ZCR-105402,,Kelly,Washington,,(795) 343-8754,2025-09-11,,0,0.0,,No DaySmart Record,Converted,invalid,Prospect Rule,Invalid email — no booking,0,0,Zoho,Zoho Only — Never Booked,2026-04-14
ZCR-105406,ZCR-105406,,Alyssa,Jordan,,(810) 811-9086,2024-09-24,,0,0.0,,No DaySmart Record,Converted,invalid,Prospect Rule,Invalid email — no booking,97,49,Zoho,Zoho Only — Never Booked,2026-04-14
ZCR-105407,ZCR-105407,,Amanda,Barron,,(783) 892-0510,2024-05-05,,0,0.0,,No DaySmart Record,New,invalid,Prospect Rule,Invalid email — no booking,81,17,Zoho,Zoho Only — Never Booked,2026-04-14
ZCR-105408,ZCR-105408,,Wesley,Martin,,(630) 110-8277,2026-01-09,,0,0.0,,No DaySmart Record,Qualified,invalid,Prospect Rule,Invalid email — no booking,2,2,Zoho,Zoho Only — Never Booked,2026-04-14
ZCR-105411,ZCR-105411,,Kayla,Manning,,(863) 459-1011,2025-08-25,,0,0.0,,No DaySmart Record,Converted,abuse,Prospect Rule,Invalid email — no booking,78,12,Zoho,Zoho Only — Never Booked,2026-04-14
ZCR-105422,ZCR-105422,,Jeanette,Campbell,,(410) 640-0379,2025-07-23,,0,0.0,,No DaySmart Record,New,invalid,Prospect Rule,Invalid email — no booking,39,15,Zoho,Zoho Only — Never Booked,2026-04-14
ZCR-105423,ZCR-105423,,Christopher,Bell,,(623) 090-9128,2024-12-21,,0,0.0,,No DaySmart Record,New,spamtrap,Prospect Rule,Invalid email — no booking,83,9,Zoho,Zoho Only — Never Booked,2026-04-14
ZCR-105432,ZCR-105432,,Aaron,Wilson,,(631) 801-4079,2026-03-21,,0,0.0,,No DaySmart Record,Unqualified,spamtrap,Prospect Rule,Invalid email — no booking,9,7,Zoho,Zoho Only — Never Booked,2026-04-14
ZCR-105441,ZCR-105441,,David,Garcia,,(057) 507-1892,2024-10-22,,0,0.0,,No DaySmart Record,Converted,invalid,Prospect Rule,Invalid email — no booking,36,5,Zoho,Zoho Only — Never Booked,2026-04-14
ZCR-105456,ZCR-105456,,Mr.,Charles Nguyen MD,,(989) 413-8488,2024-08-28,,0,0.0,,No DaySmart Record,Working,invalid,Prospect Rule,Invalid email — no booking,61,14,Zoho,Zoho Only — Never Booked,2026-04-14
ZCR-105466,ZCR-105466,,Jennifer,Rosales,,(191) 408-0281,2025-11-13,,0,0.0,,No DaySmart Record,Unqualified,abuse,Prospect Rule,Invalid email — no booking,116,50,Zoho,Zoho Only — Never Booked,2026-04-14
ZCR-105481,ZCR-105481,,Matthew,Landry,,(263) 888-7047,2025-04-21,,0,0.0,,No DaySmart Record,Converted,spamtrap,Prospect Rule,Invalid email — no booking,99,3,Zoho,Zoho Only — Never Booked,2026-04-14
ZCR-105484,ZCR-105484,,Robert,Walker,,(647) 854-9894,2025-06-24,,0,0.0,,No DaySmart Record,Working,abuse,Prospect Rule,Invalid email — no booking,35,3,Zoho,Zoho Only — Never Booked,2026-04-14
ZCR-105488,ZCR-105488,,Chelsea,Salazar,,(918) 877-0268,2025-11-09,,0,0.0,,No DaySmart Record,New,invalid,Prospect Rule,Invalid email — no booking,65,5,Zoho,Zoho Only — Never Booked,2026-04-14
ZCR-105505,ZCR-105505,,Victoria,White,,(925) 250-8530,2025-02-06,,0,0.0,,No DaySmart Record,Working,abuse,Prospect Rule,Invalid email — no booking,89,0,Zoho,Zoho Only — Never Booked,2026-04-14
ZCR-105528,ZCR-105528,,Jill,Mccormick,,(651) 176-4193,2025-07-12,,0,0.0,,No DaySmart Record,New,invalid,Prospect Rule,Invalid email — no booking,84,53,Zoho,Zoho Only — Never Booked,2026-04-14
ZCR-105534,ZCR-105534,,Andrea,Moses,,(939) 510-9007,2024-11-15,,0,0.0,,No DaySmart Record,Working,invalid,Prospect Rule,Invalid email — no booking,29,0,Zoho,Zoho Only — Never Booked,2026-04-14
ZCR-105548,ZCR-105548,,Johnathan,Lamb,,(208) 159-3012,2025-07-03,,0,0.0,,No DaySmart Record,Working,invalid,Prospect Rule,Invalid email — no booking,52,30,Zoho,Zoho Only — Never Booked,2026-04-14
ZCR-105559,ZCR-105559,,Brian,Schultz,,(368) 280-7008,2025-05-28,,0,0.0,,No DaySmart Record,Qualified,invalid,Prospect Rule,Invalid email — no booking,77,17,Zoho,Zoho Only — Never Booked,2026-04-14
ZCR-105562,ZCR-105562,,Jenny,Davidson,,(117) 245-6894,2025-05-21,,0,0.0,,No DaySmart Record,Working,invalid,Prospect Rule,Invalid email — no booking,19,7,Zoho,Zoho Only — Never Booked,2026-04-14
ZCR-105577,ZCR-105577,,Ashley,Torres,,(893) 180-1009,2025-05-08,,0,0.0,,No DaySmart Record,New,invalid,Prospect Rule,Invalid email — no booking,41,24,Zoho,Zoho Only — Never Booked,2026-04-14
ZCR-105587,ZCR-105587,,Jeffery,Hill,,(031) 945-0870,2024-10-29,,0,0.0,,No DaySmart Record,Unqualified,invalid,Prospect Rule,Invalid email — no booking,67,4,Zoho,Zoho Only — Never Booked,2026-04-14
ZCR-105589,ZCR-105589,,Alexander,Coffey,,(556) 648-5954,2024-11-06,,0,0.0,,No DaySmart Record,New,spamtrap,Prospect Rule,Invalid email — no booking,42,35,Zoho,Zoho Only — Never Booked,2026-04-14
ZCR-105590,ZCR-105590,,Felicia,Ingram,,(340) 555-7369,2025-09-11,,0,0.0,,No DaySmart Record,Unqualified,invalid,Prospect Rule,Invalid email — no booking,14,13,Zoho,Zoho Only — Never Booked,2026-04-14
ZCR-105595,ZCR-105595,,Alexandra,Simmons,,(241) 627-9883,2025-10-25,,0,0.0,,No DaySmart Record,Converted,invalid,Prospect Rule,Invalid email — no booking,88,57,Zoho,Zoho Only — Never Booked,2026-04-14
ZCR-105597,ZCR-105597,,Randy,Morgan,,(708) 606-0512,2025-09-08,,0,0.0,,No DaySmart Record,New,invalid,Prospect Rule,Invalid email — no booking,62,33,Zoho,Zoho Only — Never Booked,2026-04-14
ZCR-105607,ZCR-105607,,Antonio,Miranda,,(553) 143-8851,2024-09-05,,0,0.0,,No DaySmart Record,Converted,spamtrap,Prospect Rule,Invalid email — no booking,94,53,Zoho,Zoho Only — Never Booked,2026-04-14
ZCR-105629,ZCR-105629,,John,Davis,,(334) 065-7485,2024-07-20,,0,0.0,,No DaySmart Record,New,invalid,Prospect Rule,Invalid email — no booking,92,37,Zoho,Zoho Only — Never Booked,2026-04-14
ZCR-105640,ZCR-105640,,Lauren,Mora,,(835) 702-8693,2025-03-18,,0,0.0,,No DaySmart Record,Qualified,abuse,Prospect Rule,Invalid email — no booking,92,26,Zoho,Zoho Only — Never Booked,2026-04-14
ZCR-105677,ZCR-105677,,Sharon,Sandoval,,(842) 579-7528,2026-01-05,,0,0.0,,No DaySmart Record,Working,invalid,Prospect Rule,Invalid email — no booking,118,46,Zoho,Zoho Only — Never Booked,2026-04-14
ZCR-105679,ZCR-105679,,Jonathan,Krueger,,(243) 734-7251,2025-09-13,,0,0.0,,No DaySmart Record,Converted,invalid,Prospect Rule,Invalid email — no booking,88,32,Zoho,Zoho Only — Never Booked,2026-04-14
ZCR-105704,ZCR-105704,,Richard,Hunter,,(085) 381-9150,2025-09-12,,0,0.0,,No DaySmart Record,Working,invalid,Prospect Rule,Invalid email — no booking,0,0,Zoho,Zoho Only — Never Booked,2026-04-14
ZCR-105711,ZCR-105711,,David,Bradley,,(789) 278-6530,2024-11-22,,0,0.0,,No DaySmart Record,New,invalid,Prospect Rule,Invalid email — no booking,50,3,Zoho,Zoho Only — Never Booked,2026-04-14
ZCR-105715,ZCR-105715,,Manuel,Nicholson,,(954) 876-4110,2025-06-17,,0,0.0,,No DaySmart Record,Working,invalid,Prospect Rule,Invalid email — no booking,88,57,Zoho,Zoho Only — Never Booked,2026-04-14
ZCR-105722,ZCR-105722,,Mr.,Jason Thomas DDS,,(822) 046-1343,2024-06-12,,0,0.0,,No DaySmart Record,Converted,invalid,Prospect Rule,Invalid email — no booking,2,2,Zoho,Zoho Only — Never Booked,2026-04-14
ZCR-105730,ZCR-105730,,Mr.,Daniel Conley PhD,,(938) 196-5796,2024-08-02,,0,0.0,,No DaySmart Record,Qualified,abuse,Prospect Rule,Invalid email — no booking,85,1,Zoho,Zoho Only — Never Booked,2026-04-14
ZCR-105735,ZCR-105735,,Michael,Sanchez,,(379) 142-3011,2024-07-28,,0,0.0,,No DaySmart Record,New,invalid,Prospect Rule,Invalid email — no booking,101,18,Zoho,Zoho Only — Never Booked,2026-04-14
ZCR-105737,ZCR-105737,,Christopher,Wood,,(605) 132-9742,2026-02-07,,0,0.0,,No DaySmart Record,New,invalid,Prospect Rule,Invalid email — no booking,32,29,Zoho,Zoho Only — Never Booked,2026-04-14
ZCR-105744,ZCR-105744,,Ashley,Hayden,,(143) 165-0388,2026-02-04,,0,0.0,,No DaySmart Record,Converted,invalid,Prospect Rule,Invalid email — no booking,52,26,Zoho,Zoho Only — Never Booked,2026-04-14
ZCR-105752,ZCR-105752,,Jacqueline,Stevens,,(304) 215-9559,2024-07-04,,0,0.0,,No DaySmart Record,Qualified,invalid,Prospect Rule,Invalid email — no booking,54,39,Zoho,Zoho Only — Never Booked,2026-04-14
ZCR-105756,ZCR-105756,,Alexis,Barker,,(863) 112-3533,2024-09-06,,0,0.0,,No DaySmart Record,Working,invalid,Prospect Rule,Invalid email — no booking,28,7,Zoho,Zoho Only — Never Booked,2026-04-14
ZCR-105762,ZCR-105762,,Samantha,Hayes,,(720) 734-3262,2025-01-03,,0,0.0,,No DaySmart Record,Working,invalid,Prospect Rule,Invalid email — no booking,38,3,Zoho,Zoho Only — Never Booked,2026-04-14
ZCR-105764,ZCR-105764,,Kenneth,Walter,,(159) 413-6660,2025-09-08,,0,0.0,,No DaySmart Record,Qualified,invalid,Prospect Rule,Invalid email — no booking,81,16,Zoho,Zoho Only — Never Booked,2026-04-14
ZCR-105772,ZCR-105772,,Richard,Young,,(397) 978-2408,2024-08-11,,0,0.0,,No DaySmart Record,Qualified,invalid,Prospect Rule,Invalid email — no booking,106,48,Zoho,Zoho Only — Never Booked,2026-04-14
ZCR-105776,ZCR-105776,,Gail,Sellers,,(852) 232-2995,2024-05-16,,0,0.0,,No DaySmart Record,Qualified,abuse,Prospect Rule,Invalid email — no booking,47,45,Zoho,Zoho Only — Never Booked,2026-04-14
ZCR-105781,ZCR-105781,,Holly,Estrada,,(026) 123-9163,2024-08-03,,0,0.0,,No DaySmart Record,Unqualified,spamtrap,Prospect Rule,Invalid email — no booking,1,0,Zoho,Zoho Only — Never Booked,2026-04-14
ZCR-105791,ZCR-105791,,Cindy,Cook,,(683) 973-6045,2025-10-10,,0,0.0,,No DaySmart Record,New,abuse,Prospect Rule,Invalid email — no booking,96,25,Zoho,Zoho Only — Never Booked,2026-04-14
ZCR-105798,ZCR-105798,,Julia,Burns,,(355) 850-9297,2025-11-13,,0,0.0,,No DaySmart Record,Converted,invalid,Prospect Rule,Invalid email — no booking,30,3,Zoho,Zoho Only — Never Booked,2026-04-14
ZCR-105801,ZCR-105801,,Monica,Barnes,,(725) 974-9022,2026-01-29,,0,0.0,,No DaySmart Record,Qualified,invalid,Prospect Rule,Invalid email — no booking,15,1,Zoho,Zoho Only — Never Booked,2026-04-14
ZCR-105815,ZCR-105815,,Amber,Garcia,,(298) 929-0144,2024-11-02,,0,0.0,,No DaySmart Record,Unqualified,invalid,Prospect Rule,Invalid email — no booking,10,1,Zoho,Zoho Only — Never Booked,2026-04-14
ZCR-105821,ZCR-105821,,Charles,Sharp,,(763) 882-4946,2025-06-20,,0,0.0,,No DaySmart Record,Unqualified,invalid,Prospect Rule,Invalid email — no booking,44,38,Zoho,Zoho Only — Never Booked,2026-04-14
ZCR-105830,ZCR-105830,,Michael,Stewart,,(306) 066-2486,2025-06-19,,0,0.0,,No DaySmart Record,New,invalid,Prospect Rule,Invalid email — no booking,118,48,Zoho,Zoho Only — Never Booked,2026-04-14
ZCR-105831,ZCR-105831,,Jennifer,Blair,,(212) 395-4016,2025-01-24,,0,0.0,,No DaySmart Record,Working,spamtrap,Prospect Rule,Invalid email — no booking,97,32,Zoho,Zoho Only — Never Booked,2026-04-14
ZCR-105835,ZCR-105835,,Michelle,George,,(482) 264-8528,2025-08-02,,0,0.0,,No DaySmart Record,Qualified,invalid,Prospect Rule,Invalid email — no booking,37,16,Zoho,Zoho Only — Never Booked,2026-04-14
ZCR-105836,ZCR-105836,,Abigail,Poole,,(623) 811-5704,2026-01-07,,0,0.0,,No DaySmart Record,Converted,invalid,Prospect Rule,Invalid email — no booking,37,15,Zoho,Zoho Only — Never Booked,2026-04-14
ZCR-105845,ZCR-105845,,Carolyn,Wilson,,(369) 585-9899,2025-03-29,,0,0.0,,No DaySmart Record,Working,abuse,Prospect Rule,Invalid email — no booking,38,20,Zoho,Zoho Only — Never Booked,2026-04-14
ZCR-105862,ZCR-105862,,Melissa,Ramirez,,(873) 074-6476,2026-02-28,,0,0.0,,No DaySmart Record,New,invalid,Prospect Rule,Invalid email — no booking,46,37,Zoho,Zoho Only — Never Booked,2026-04-14
ZCR-105868,ZCR-105868,,Matthew,Pena,,(793) 543-6886,2025-01-12,,0,0.0,,No DaySmart Record,New,spamtrap,Prospect Rule,Invalid email — no booking,86,57,Zoho,Zoho Only — Never Booked,2026-04-14
ZCR-105878,ZCR-105878,,Matthew,Pena,,(495) 510-0844,2024-10-06,,0,0.0,,No DaySmart Record,New,invalid,Prospect Rule,Invalid email — no booking,71,60,Zoho,Zoho Only — Never Booked,2026-04-14
ZCR-105893,ZCR-105893,,Janet,Harris,,(994) 310-5386,2025-07-17,,0,0.0,,No DaySmart Record,Working,invalid,Prospect Rule,Invalid email — no booking,19,5,Zoho,Zoho Only — Never Booked,2026-04-14
ZCR-105900,ZCR-105900,,Michael,Gonzalez,,(579) 184-9349,2024-07-02,,0,0.0,,No DaySmart Record,Converted,spamtrap,Prospect Rule,Invalid email — no booking,58,0,Zoho,Zoho Only — Never Booked,2026-04-14
ZCR-105912,ZCR-105912,,Shannon,Harris,,(587) 974-1088,2026-03-16,,0,0.0,,No DaySmart Record,Qualified,invalid,Prospect Rule,Invalid email — no booking,8,2,Zoho,Zoho Only — Never Booked,2026-04-14
ZCR-105914,ZCR-105914,,Laura,Mccormick,,(241) 434-6042,2025-01-16,,0,0.0,,No DaySmart Record,Unqualified,spamtrap,Prospect Rule,Invalid email — no booking,47,36,Zoho,Zoho Only — Never Booked,2026-04-14
ZCR-105919,ZCR-105919,,Billy,Christian,,(143) 002-4233,2024-12-23,,0,0.0,,No DaySmart Record,Qualified,invalid,Prospect Rule,Invalid email — no booking,42,6,Zoho,Zoho Only — Never Booked,2026-04-14
ZCR-105922,ZCR-105922,,Victor,Cook,,(601) 991-1197,2025-08-19,,0,0.0,,No DaySmart Record,Qualified,spamtrap,Prospect Rule,Invalid email — no booking,26,8,Zoho,Zoho Only — Never Booked,2026-04-14
ZCR-105939,ZCR-105939,,Morgan,Thomas,,(014) 961-5194,2025-06-21,,0,0.0,,No DaySmart Record,Working,invalid,Prospect Rule,Invalid email — no booking,30,0,Zoho,Zoho Only — Never Booked,2026-04-14
ZCR-105956,ZCR-105956,,Robert,Ross,,(483) 472-1295,2024-10-18,,0,0.0,,No DaySmart Record,Working,invalid,Prospect Rule,Invalid email — no booking,92,50,Zoho,Zoho Only — Never Booked,2026-04-14
ZCR-105966,ZCR-105966,,Joel,Hall,,(215) 423-8940,2026-04-08,,0,0.0,,No DaySmart Record,Unqualified,invalid,Prospect Rule,Invalid email — no booking,53,4,Zoho,Zoho Only — Never Booked,2026-04-14
ZCR-105970,ZCR-105970,,Sean,Hawkins,,(640) 806-8878,2024-05-20,,0,0.0,,No DaySmart Record,Qualified,invalid,Prospect Rule,Invalid email — no booking,81,42,Zoho,Zoho Only — Never Booked,2026-04-14
ZCR-105977,ZCR-105977,,Dwayne,Martin,,(567) 805-2367,2026-02-28,,0,0.0,,No DaySmart Record,Converted,invalid,Prospect Rule,Invalid email — no booking,86,53,Zoho,Zoho Only — Never Booked,2026-04-14
ZCR-105986,ZCR-105986,,Shirley,Keller,,(007) 158-0566,2025-09-13,,0,0.0,,No DaySmart Record,New,invalid,Prospect Rule,Invalid email — no booking,53,18,Zoho,Zoho Only — Never Booked,2026-04-14
ZCR-105992,ZCR-105992,,Shannon,Jones,,(103) 852-5923,2025-12-27,,0,0.0,,No DaySmart Record,Qualified,invalid,Prospect Rule,Invalid email — no booking,10,6,Zoho,Zoho Only — Never Booked,2026-04-14
ZCR-106003,ZCR-106003,,Dr.,Kelsey Wilson,,(330) 345-1434,2025-07-16,,0,0.0,,No DaySmart Record,Working,abuse,Prospect Rule,Invalid email — no booking,42,2,Zoho,Zoho Only — Never Booked,2026-04-14
ZCR-106020,ZCR-106020,,Alexander,Wright,,(335) 198-7298,2025-03-08,,0,0.0,,No DaySmart Record,New,invalid,Prospect Rule,Invalid email — no booking,89,11,Zoho,Zoho Only — Never Booked,2026-04-14
ZCR-106030,ZCR-106030,,Ryan,Anderson,,(294) 014-8312,2026-03-18,,0,0.0,,No DaySmart Record,Working,spamtrap,Prospect Rule,Invalid email — no booking,11,0,Zoho,Zoho Only — Never Booked,2026-04-14
ZCR-106034,ZCR-106034,,William,Curtis,,(682) 953-6976,2026-02-23,,0,0.0,,No DaySmart Record,Qualified,invalid,Prospect Rule,Invalid email — no booking,75,18,Zoho,Zoho Only — Never Booked,2026-04-14
ZCR-106059,ZCR-106059,,Rachel,Cook,,(276) 334-6258,2025-08-29,,0,0.0,,No DaySmart Record,Converted,invalid,Prospect Rule,Invalid email — no booking,5,1,Zoho,Zoho Only — Never Booked,2026-04-14
ZCR-106063,ZCR-106063,,Tammy,James,,(662) 695-0147,2025-07-28,,0,0.0,,No DaySmart Record,Unqualified,invalid,Prospect Rule,Invalid email — no booking,45,5,Zoho,Zoho Only — Never Booked,2026-04-14
ZCR-106068,ZCR-106068,,Andrea,Davis,,(845) 129-8772,2024-08-19,,0,0.0,,No DaySmart Record,Working,invalid,Prospect Rule,Invalid email — no booking,86,32,Zoho,Zoho Only — Never Booked,2026-04-14
ZCR-106070,ZCR-106070,,Laura,Willis,,(224) 551-1754,2024-12-09,,0,0.0,,No DaySmart Record,Unqualified,invalid,Prospect Rule,Invalid email — no booking,0,0,Zoho,Zoho Only — Never Booked,2026-04-14
ZCR-106074,ZCR-106074,,Samuel,Williams,,(781) 607-7517,2026-03-30,,0,0.0,,No DaySmart Record,Working,invalid,Prospect Rule,Invalid email — no booking,74,40,Zoho,Zoho Only — Never Booked,2026-04-14
ZCR-106076,ZCR-106076,,Kristy,Smith,,(288) 745-7004,2026-02-22,,0,0.0,,No DaySmart Record,Converted,invalid,Prospect Rule,Invalid email — no booking,4,2,Zoho,Zoho Only — Never Booked,2026-04-14
ZCR-106086,ZCR-106086,,Regina,Roberts,,(434) 168-9573,2026-01-16,,0,0.0,,No DaySmart Record,Qualified,invalid,Prospect Rule,Invalid email — no booking,15,12,Zoho,Zoho Only — Never Booked,2026-04-14
ZCR-106087,ZCR-106087,,Emily,Roberts,,(449) 052-0845,2026-01-16,,0,0.0,,No DaySmart Record,Working,spamtrap,Prospect Rule,Invalid email — no booking,92,31,Zoho,Zoho Only — Never Booked,2026-04-14
ZCR-106091,ZCR-106091,,Vicki,Allison,,(019) 418-6835,2024-09-07,,0,0.0,,No DaySmart Record,Working,invalid,Prospect Rule,Invalid email — no booking,63,25,Zoho,Zoho Only — Never Booked,2026-04-14
ZCR-106092,ZCR-106092,,Hannah,Choi,,(734) 672-2911,2024-05-10,,0,0.0,,No DaySmart Record,Unqualified,abuse,Prospect Rule,Invalid email — no booking,107,28,Zoho,Zoho Only — Never Booked,2026-04-14
ZCR-106095,ZCR-106095,,Veronica,Warner,,(285) 321-9883,2025-08-28,,0,0.0,,No DaySmart Record,Unqualified,invalid,Prospect Rule,Invalid email — no booking,43,17,Zoho,Zoho Only — Never Booked,2026-04-14
ZCR-106096,ZCR-106096,,Jennifer,Wolfe,,(265) 569-8573,2026-02-05,,0,0.0,,No DaySmart Record,Qualified,spamtrap,Prospect Rule,Invalid email — no booking,66,11,Zoho,Zoho Only — Never Booked,2026-04-14
ZCR-106118,ZCR-106118,,Kyle,Winters,,(571) 920-0785,2024-07-14,,0,0.0,,No DaySmart Record,Working,invalid,Prospect Rule,Invalid email — no booking,97,43,Zoho,Zoho Only — Never Booked,2026-04-14
ZCR-106126,ZCR-106126,,Jerry,Smith,,(789) 064-1108,2024-10-01,,0,0.0,,No DaySmart Record,Converted,spamtrap,Prospect Rule,Invalid email — no booking,88,52,Zoho,Zoho Only — Never Booked,2026-04-14
ZCR-106127,ZCR-106127,,Stacy,Armstrong,,(472) 363-0327,2024-11-22,,0,0.0,,No DaySmart Record,New,invalid,Prospect Rule,Invalid email — no booking,35,35,Zoho,Zoho Only — Never Booked,2026-04-14
ZCR-106130,ZCR-106130,,Steven,Patrick,,(218) 832-7452,2026-01-03,,0,0.0,,No DaySmart Record,New,invalid,Prospect Rule,Invalid email — no booking,82,49,Zoho,Zoho Only — Never Booked,2026-04-14
ZCR-106140,ZCR-106140,,Karen,Fernandez,,(515) 816-5713,2024-06-10,,0,0.0,,No DaySmart Record,New,invalid,Prospect Rule,Invalid email — no booking,98,47,Zoho,Zoho Only — Never Booked,2026-04-14
ZCR-106143,ZCR-106143,,Brian,Shields,,(482) 922-5423,2025-07-12,,0,0.0,,No DaySmart Record,New,abuse,Prospect Rule,Invalid email — no booking,84,45,Zoho,Zoho Only — Never Booked,2026-04-14
ZCR-106155,ZCR-106155,,Bruce,Rich,,(143) 059-3344,2024-11-27,,0,0.0,,No DaySmart Record,Working,invalid,Prospect Rule,Invalid email — no booking,118,7,Zoho,Zoho Only — Never Booked,2026-04-14
ZCR-106162,ZCR-106162,,Jennifer,Stanton,,(220) 093-3801,2024-11-01,,0,0.0,,No DaySmart Record,New,spamtrap,Prospect Rule,Invalid email — no booking,31,6,Zoho,Zoho Only — Never Booked,2026-04-14
ZCR-106171,ZCR-106171,,Samantha,Pope,,(843) 810-5033,2024-07-22,,0,0.0,,No DaySmart Record,Qualified,abuse,Prospect Rule,Invalid email — no booking,6,5,Zoho,Zoho Only — Never Booked,2026-04-14
ZCR-106180,ZCR-106180,,Sarah,Wang,,(215) 066-6268,2025-03-24,,0,0.0,,No DaySmart Record,Converted,invalid,Prospect Rule,Invalid email — no booking,57,4,Zoho,Zoho Only — Never Booked,2026-04-14
ZCR-106202,ZCR-106202,,Sarah,Middleton,,(267) 399-1046,2025-04-19,,0,0.0,,No DaySmart Record,Working,invalid,Prospect Rule,Invalid email — no booking,32,16,Zoho,Zoho Only — Never Booked,2026-04-14
ZCR-106203,ZCR-106203,,Paul,Rogers,,(648) 818-0280,2024-05-20,,0,0.0,,No DaySmart Record,Working,invalid,Prospect Rule,Invalid email — no booking,72,24,Zoho,Zoho Only — Never Booked,2026-04-14
ZCR-106209,ZCR-106209,,Michelle,Mcdonald,,(726) 339-9320,2025-02-28,,0,0.0,,No DaySmart Record,Unqualified,spamtrap,Prospect Rule,Invalid email — no booking,21,17,Zoho,Zoho Only — Never Booked,2026-04-14
ZCR-106216,ZCR-106216,,Michael,Smith,,(361) 804-3314,2025-08-03,,0,0.0,,No DaySmart Record,Working,invalid,Prospect Rule,Invalid email — no booking,73,30,Zoho,Zoho Only — Never Booked,2026-04-14
ZCR-106221,ZCR-106221,,Ms.,Paula Rice,,(954) 342-2326,2025-02-14,,0,0.0,,No DaySmart Record,Working,invalid,Prospect Rule,Invalid email — no booking,57,52,Zoho,Zoho Only — Never Booked,2026-04-14
ZCR-106222,ZCR-106222,,Ryan,Cole,,(624) 448-7469,2025-05-15,,0,0.0,,No DaySmart Record,Unqualified,invalid,Prospect Rule,Invalid email — no booking,68,48,Zoho,Zoho Only — Never Booked,2026-04-14
ZCR-106229,ZCR-106229,,Troy,Lewis,,(044) 426-9759,2025-01-22,,0,0.0,,No DaySmart Record,Unqualified,invalid,Prospect Rule,Invalid email — no booking,74,35,Zoho,Zoho Only — Never Booked,2026-04-14
ZCR-106235,ZCR-106235,,Dr.,Courtney Myers MD,,(666) 412-0771,2025-12-20,,0,0.0,,No DaySmart Record,Working,spamtrap,Prospect Rule,Invalid email — no booking,36,28,Zoho,Zoho Only — Never Booked,2026-04-14
ZCR-106240,ZCR-106240,,Andrea,Giles,,(448) 279-1305,2025-02-11,,0,0.0,,No DaySmart Record,New,invalid,Prospect Rule,Invalid email — no booking,3,0,Zoho,Zoho Only — Never Booked,2026-04-14
ZCR-106246,ZCR-106246,,Don,Wallace,,(687) 337-2429,2025-03-01,,0,0.0,,No DaySmart Record,Working,invalid,Prospect Rule,Invalid email — no booking,37,37,Zoho,Zoho Only — Never Booked,2026-04-14
ZCR-106263,ZCR-106263,,Michael,Martinez,,(421) 128-0218,2025-03-20,,0,0.0,,No DaySmart Record,Working,invalid,Prospect Rule,Invalid email — no booking,25,24,Zoho,Zoho Only — Never Booked,2026-04-14
ZCR-106264,ZCR-106264,,James,Snyder,,(091) 655-9181,2024-04-25,,0,0.0,,No DaySmart Record,Qualified,abuse,Prospect Rule,Invalid email — no booking,110,13,Zoho,Zoho Only — Never Booked,2026-04-14
ZCR-106265,ZCR-106265,,William,Larson,,(839) 843-1905,2025-05-17,,0,0.0,,No DaySmart Record,Qualified,invalid,Prospect Rule,Invalid email — no booking,102,26,Zoho,Zoho Only — Never Booked,2026-04-14
ZCR-106269,ZCR-106269,,Gregory,Copeland,,(551) 717-2371,2025-12-25,,0,0.0,,No DaySmart Record,Qualified,invalid,Prospect Rule,Invalid email — no booking,93,26,Zoho,Zoho Only — Never Booked,2026-04-14
ZCR-106271,ZCR-106271,,Michelle,Church MD,,(486) 533-6367,2025-01-29,,0,0.0,,No DaySmart Record,New,invalid,Prospect Rule,Invalid email — no booking,30,7,Zoho,Zoho Only — Never Booked,2026-04-14
ZCR-106274,ZCR-106274,,Tina,Lee,,(316) 484-3623,2024-08-12,,0,0.0,,No DaySmart Record,Qualified,abuse,Prospect Rule,Invalid email — no booking,84,43,Zoho,Zoho Only — Never Booked,2026-04-14
ZCR-106279,ZCR-106279,,David,Shepherd,,(305) 436-5761,2025-07-21,,0,0.0,,No DaySmart Record,Unqualified,invalid,Prospect Rule,Invalid email — no booking,55,7,Zoho,Zoho Only — Never Booked,2026-04-14
ZCR-106283,ZCR-106283,,Austin,Owens,,(933) 096-9944,2024-06-21,,0,0.0,,No DaySmart Record,Qualified,invalid,Prospect Rule,Invalid email — no booking,96,33,Zoho,Zoho Only — Never Booked,2026-04-14
ZCR-106290,ZCR-106290,,Hannah,Melton,,(275) 454-5110,2026-02-24,,0,0.0,,No DaySmart Record,Unqualified,invalid,Prospect Rule,Invalid email — no booking,66,39,Zoho,Zoho Only — Never Booked,2026-04-14
ZCR-106295,ZCR-106295,,Jane,Manning,,(702) 700-5856,2025-11-14,,0,0.0,,No DaySmart Record,Qualified,invalid,Prospect Rule,Invalid email — no booking,70,60,Zoho,Zoho Only — Never Booked,2026-04-14
ZCR-106312,ZCR-106312,,Tiffany,Rivera,,(271) 888-9646,2024-07-07,,0,0.0,,No DaySmart Record,New,spamtrap,Prospect Rule,Invalid email — no booking,90,53,Zoho,Zoho Only — Never Booked,2026-04-14
ZCR-106313,ZCR-106313,,Anthony,Hardin,,(054) 699-3326,2024-07-12,,0,0.0,,No DaySmart Record,Converted,abuse,Prospect Rule,Invalid email — no booking,102,24,Zoho,Zoho Only — Never Booked,2026-04-14
ZCR-106322,ZCR-106322,,Ashley,Williams,,(318) 050-7802,2025-08-15,,0,0.0,,No DaySmart Record,Converted,spamtrap,Prospect Rule,Invalid email — no booking,100,60,Zoho,Zoho Only — Never Booked,2026-04-14
ZCR-106333,ZCR-106333,,Peter,Bryant,,(066) 860-8228,2025-05-14,,0,0.0,,No DaySmart Record,Qualified,invalid,Prospect Rule,Invalid email — no booking,14,2,Zoho,Zoho Only — Never Booked,2026-04-14
ZCR-106341,ZCR-106341,,Kyle,Miller,,(145) 898-7835,2024-10-04,,0,0.0,,No DaySmart Record,Unqualified,invalid,Prospect Rule,Invalid email — no booking,63,27,Zoho,Zoho Only — Never Booked,2026-04-14
ZCR-106363,ZCR-106363,,Victoria,Baker,,(334) 283-2846,2025-02-21,,0,0.0,,No DaySmart Record,Qualified,invalid,Prospect Rule,Invalid email — no booking,4,3,Zoho,Zoho Only — Never Booked,2026-04-14
ZCR-106371,ZCR-106371,,Jeremiah,Nelson,,(961) 270-1308,2026-03-25,,0,0.0,,No DaySmart Record,New,invalid,Prospect Rule,Invalid email — no booking,28,11,Zoho,Zoho Only — Never Booked,2026-04-14
ZCR-106372,ZCR-106372,,Megan,Larson,,(408) 562-5673,2025-07-22,,0,0.0,,No DaySmart Record,Qualified,spamtrap,Prospect Rule,Invalid email — no booking,90,49,Zoho,Zoho Only — Never Booked,2026-04-14
ZCR-106373,ZCR-106373,,Robert,Warren,,(307) 384-8635,2025-09-15,,0,0.0,,No DaySmart Record,Qualified,spamtrap,Prospect Rule,Invalid email — no booking,112,12,Zoho,Zoho Only — Never Booked,2026-04-14
ZCR-106397,ZCR-106397,,Kathleen,Malone,,(250) 528-9646,2024-06-08,,0,0.0,,No DaySmart Record,New,invalid,Prospect Rule,Invalid email — no booking,32,19,Zoho,Zoho Only — Never Booked,2026-04-14
ZCR-106402,ZCR-106402,,Betty,Peterson,,(178) 452-0472,2024-12-12,,0,0.0,,No DaySmart Record,Converted,invalid,Prospect Rule,Invalid email — no booking,9,3,Zoho,Zoho Only — Never Booked,2026-04-14
ZCR-106421,ZCR-106421,,Lawrence,Smith,,(776) 029-8030,2026-01-18,,0,0.0,,No DaySmart Record,Working,invalid,Prospect Rule,Invalid email — no booking,79,51,Zoho,Zoho Only — Never Booked,2026-04-14
ZCR-106422,ZCR-106422,,Christopher,Waters,,(460) 616-7363,2026-01-24,,0,0.0,,No DaySmart Record,New,invalid,Prospect Rule,Invalid email — no booking,108,7,Zoho,Zoho Only — Never Booked,2026-04-14
ZCR-106456,ZCR-106456,,Daniel,Lewis,,(682) 424-1559,2024-06-25,,0,0.0,,No DaySmart Record,Converted,invalid,Prospect Rule,Invalid email — no booking,19,14,Zoho,Zoho Only — Never Booked,2026-04-14
ZCR-106459,ZCR-106459,,Jennifer,Cook,,(053) 259-6917,2025-09-17,,0,0.0,,No DaySmart Record,Working,invalid,Prospect Rule,Invalid email — no booking,91,15,Zoho,Zoho Only — Never Booked,2026-04-14
ZCR-106466,ZCR-106466,,Nicole,Sawyer,,(248) 372-3564,2025-10-22,,0,0.0,,No DaySmart Record,Unqualified,invalid,Prospect Rule,Invalid email — no booking,118,3,Zoho,Zoho Only — Never Booked,2026-04-14
ZCR-106471,ZCR-106471,,Jesse,Mullins,,(223) 248-2299,2025-12-15,,0,0.0,,No DaySmart Record,Working,spamtrap,Prospect Rule,Invalid email — no booking,71,53,Zoho,Zoho Only — Never Booked,2026-04-14
ZCR-106475,ZCR-106475,,Dr.,Tina Kelley MD,,(632) 065-5141,2024-09-18,,0,0.0,,No DaySmart Record,Working,invalid,Prospect Rule,Invalid email — no booking,46,7,Zoho,Zoho Only — Never Booked,2026-04-14
ZCR-106485,ZCR-106485,,David,Jordan,,(391) 798-0606,2025-09-26,,0,0.0,,No DaySmart Record,Converted,spamtrap,Prospect Rule,Invalid email — no booking,117,53,Zoho,Zoho Only — Never Booked,2026-04-14
ZCR-106487,ZCR-106487,,Sherry,Meyer,,(733) 206-1032,2026-03-12,,0,0.0,,No DaySmart Record,Working,invalid,Prospect Rule,Invalid email — no booking,90,38,Zoho,Zoho Only — Never Booked,2026-04-14
ZCR-106488,ZCR-106488,,Kevin,Davis,,(318) 300-0081,2024-08-09,,0,0.0,,No DaySmart Record,New,abuse,Prospect Rule,Invalid email — no booking,81,2,Zoho,Zoho Only — Never Booked,2026-04-14
ZCR-106490,ZCR-106490,,Julie,Jones,,(466) 662-2774,2025-04-26,,0,0.0,,No DaySmart Record,Unqualified,invalid,Prospect Rule,Invalid email — no booking,15,7,Zoho,Zoho Only — Never Booked,2026-04-14
ZCR-106504,ZCR-106504,,Christopher,Villanueva,,(806) 645-2477,2025-01-19,,0,0.0,,No DaySmart Record,Converted,invalid,Prospect Rule,Invalid email — no booking,97,8,Zoho,Zoho Only — Never Booked,2026-04-14
ZCR-106505,ZCR-106505,,Anthony,Walker,,(306) 115-8716,2024-08-03,,0,0.0,,No DaySmart Record,Converted,invalid,Prospect Rule,Invalid email — no booking,7,0,Zoho,Zoho Only — Never Booked,2026-04-14
ZCR-106506,ZCR-106506,,Brian,Murphy,,(270) 728-6657,2026-03-08,,0,0.0,,No DaySmart Record,Working,invalid,Prospect Rule,Invalid email — no booking,28,4,Zoho,Zoho Only — Never Booked,2026-04-14
ZCR-106509,ZCR-106509,,Kristin,Navarro,,(111) 273-8322,2024-05-02,,0,0.0,,No DaySmart Record,New,spamtrap,Prospect Rule,Invalid email — no booking,31,5,Zoho,Zoho Only — Never Booked,2026-04-14
ZCR-106510,ZCR-106510,,Thomas,Morris,,(400) 839-2762,2024-11-14,,0,0.0,,No DaySmart Record,Unqualified,abuse,Prospect Rule,Invalid email — no booking,35,6,Zoho,Zoho Only — Never Booked,2026-04-14
ZCR-106524,ZCR-106524,,Bobby,Herring,,(615) 938-3323,2025-11-03,,0,0.0,,No DaySmart Record,Qualified,invalid,Prospect Rule,Invalid email — no booking,92,53,Zoho,Zoho Only — Never Booked,2026-04-14
ZCR-106550,ZCR-106550,,Michael,Jones,,(677) 144-0945,2024-11-21,,0,0.0,,No DaySmart Record,Qualified,abuse,Prospect Rule,Invalid email — no booking,83,45,Zoho,Zoho Only — Never Booked,2026-04-14
ZCR-106552,ZCR-106552,,Melinda,Swanson,,(880) 615-6346,2026-02-21,,0,0.0,,No DaySmart Record,New,invalid,Prospect Rule,Invalid email — no booking,8,8,Zoho,Zoho Only — Never Booked,2026-04-14
ZCR-106555,ZCR-106555,,Andrew,Johnson,,(682) 362-1527,2024-07-27,,0,0.0,,No DaySmart Record,Converted,invalid,Prospect Rule,Invalid email — no booking,77,8,Zoho,Zoho Only — Never Booked,2026-04-14
ZCR-106567,ZCR-106567,,Maria,Gonzalez,,(270) 298-8715,2024-11-12,,0,0.0,,No DaySmart Record,Unqualified,invalid,Prospect Rule,Invalid email — no booking,38,18,Zoho,Zoho Only — Never Booked,2026-04-14
ZCR-106574,ZCR-106574,,Donna,Walker,,(926) 151-2218,2026-03-18,,0,0.0,,No DaySmart Record,Unqualified,invalid,Prospect Rule,Invalid email — no booking,58,52,Zoho,Zoho Only — Never Booked,2026-04-14
ZCR-106581,ZCR-106581,,Lauren,Howard,,(452) 845-1735,2026-01-22,,0,0.0,,No DaySmart Record,New,invalid,Prospect Rule,Invalid email — no booking,50,18,Zoho,Zoho Only — Never Booked,2026-04-14
ZCR-106599,ZCR-106599,,Tara,Morrison,,(028) 524-7842,2025-01-07,,0,0.0,,No DaySmart Record,New,invalid,Prospect Rule,Invalid email — no booking,91,16,Zoho,Zoho Only — Never Booked,2026-04-14
ZCR-106612,ZCR-106612,,Sean,Figueroa,,(629) 823-6262,2025-01-15,,0,0.0,,No DaySmart Record,Converted,spamtrap,Prospect Rule,Invalid email — no booking,37,12,Zoho,Zoho Only — Never Booked,2026-04-14
ZCR-106627,ZCR-106627,,Margaret,Rodriguez,,(597) 474-0261,2025-09-25,,0,0.0,,No DaySmart Record,Converted,spamtrap,Prospect Rule,Invalid email — no booking,54,35,Zoho,Zoho Only — Never Booked,2026-04-14
ZCR-106632,ZCR-106632,,Jennifer,Brady,,(426) 635-4946,2025-09-24,,0,0.0,,No DaySmart Record,Working,invalid,Prospect Rule,Invalid email — no booking,22,19,Zoho,Zoho Only — Never Booked,2026-04-14
ZCR-106635,ZCR-106635,,Charles,Perkins DVM,,(226) 644-7732,2024-04-14,,0,0.0,,No DaySmart Record,Working,invalid,Prospect Rule,Invalid email — no booking,61,4,Zoho,Zoho Only — Never Booked,2026-04-14
ZCR-106638,ZCR-106638,,Daniel,Newman,,(417) 639-4679,2025-11-21,,0,0.0,,No DaySmart Record,Unqualified,spamtrap,Prospect Rule,Invalid email — no booking,90,15,Zoho,Zoho Only — Never Booked,2026-04-14
ZCR-106646,ZCR-106646,,Christopher,Mcmahon,,(202) 416-1700,2025-07-14,,0,0.0,,No DaySmart Record,Converted,invalid,Prospect Rule,Invalid email — no booking,64,48,Zoho,Zoho Only — Never Booked,2026-04-14
ZCR-106652,ZCR-106652,,Cynthia,Sullivan,,(415) 215-9737,2024-09-14,,0,0.0,,No DaySmart Record,Working,invalid,Prospect Rule,Invalid email — no booking,88,2,Zoho,Zoho Only — Never Booked,2026-04-14
ZCR-106657,ZCR-106657,,Judy,Francis,,(896) 833-2565,2025-05-02,,0,0.0,,No DaySmart Record,Working,spamtrap,Prospect Rule,Invalid email — no booking,16,3,Zoho,Zoho Only — Never Booked,2026-04-14
ZCR-106664,ZCR-106664,,Sherri,Burgess,,(600) 631-8228,2025-11-29,,0,0.0,,No DaySmart Record,Converted,spamtrap,Prospect Rule,Invalid email — no booking,103,33,Zoho,Zoho Only — Never Booked,2026-04-14
ZCR-106679,ZCR-106679,,Christine,Lee,,(327) 372-6663,2026-03-17,,0,0.0,,No DaySmart Record,Working,invalid,Prospect Rule,Invalid email — no booking,116,50,Zoho,Zoho Only — Never Booked,2026-04-14
ZCR-106688,ZCR-106688,,Nathaniel,Bowers,,(154) 923-6229,2025-08-30,,0,0.0,,No DaySmart Record,Converted,invalid,Prospect Rule,Invalid email — no booking,95,51,Zoho,Zoho Only — Never Booked,2026-04-14
ZCR-106689,ZCR-106689,,Jodi,Garcia,,(746) 503-9332,2024-12-07,,0,0.0,,No DaySmart Record,Unqualified,invalid,Prospect Rule,Invalid email — no booking,116,45,Zoho,Zoho Only — Never Booked,2026-04-14
ZCR-106690,ZCR-106690,,Dominique,Lawson,,(398) 374-3745,2024-10-17,,0,0.0,,No DaySmart Record,Converted,abuse,Prospect Rule,Invalid email — no booking,14,5,Zoho,Zoho Only — Never Booked,2026-04-14
ZCR-106695,ZCR-106695,,Matthew,Collins,,(445) 522-9895,2024-07-17,,0,0.0,,No DaySmart Record,Qualified,invalid,Prospect Rule,Invalid email — no booking,5,1,Zoho,Zoho Only — Never Booked,2026-04-14
ZCR-106697,ZCR-106697,,Dawn,Malone,,(986) 691-3591,2024-11-07,,0,0.0,,No DaySmart Record,Qualified,invalid,Prospect Rule,Invalid email — no booking,13,8,Zoho,Zoho Only — Never Booked,2026-04-14
ZCR-106698,ZCR-106698,,Eric,Bauer,,(283) 661-9185,2025-10-31,,0,0.0,,No DaySmart Record,Converted,invalid,Prospect Rule,Invalid email — no booking,51,13,Zoho,Zoho Only — Never Booked,2026-04-14
ZCR-106700,ZCR-106700,,Derek,Castillo,,(673) 000-1537,2025-04-25,,0,0.0,,No DaySmart Record,Unqualified,invalid,Prospect Rule,Invalid email — no booking,13,7,Zoho,Zoho Only — Never Booked,2026-04-14
ZCR-106715,ZCR-106715,,Jeremy,Butler,,(639) 561-2620,2024-11-26,,0,0.0,,No DaySmart Record,Converted,invalid,Prospect Rule,Invalid email — no booking,79,0,Zoho,Zoho Only — Never Booked,2026-04-14
ZCR-106749,ZCR-106749,,Rachael,Johnson,,(238) 821-0079,2025-08-27,,0,0.0,,No DaySmart Record,Working,invalid,Prospect Rule,Invalid email — no booking,71,22,Zoho,Zoho Only — Never Booked,2026-04-14
ZCR-106768,ZCR-106768,,Kimberly,Foster,,(973) 395-8636,2026-01-17,,0,0.0,,No DaySmart Record,Qualified,invalid,Prospect Rule,Invalid email — no booking,32,29,Zoho,Zoho Only — Never Booked,2026-04-14
ZCR-106788,ZCR-106788,,Todd,Ramirez,,(677) 750-6327,2026-02-20,,0,0.0,,No DaySmart Record,Qualified,invalid,Prospect Rule,Invalid email — no booking,30,14,Zoho,Zoho Only — Never Booked,2026-04-14
ZCR-106796,ZCR-106796,,Michelle,King,,(470) 734-7500,2025-03-21,,0,0.0,,No DaySmart Record,Unqualified,invalid,Prospect Rule,Invalid email — no booking,26,12,Zoho,Zoho Only — Never Booked,2026-04-14
ZCR-106797,ZCR-106797,,Mary,Walker,,(246) 787-6968,2026-01-18,,0,0.0,,No DaySmart Record,Qualified,invalid,Prospect Rule,Invalid email — no booking,23,16,Zoho,Zoho Only — Never Booked,2026-04-14
ZCR-106799,ZCR-106799,,Eric,Montgomery,,(238) 639-1934,2024-09-09,,0,0.0,,No DaySmart Record,Working,invalid,Prospect Rule,Invalid email — no booking,76,54,Zoho,Zoho Only — Never Booked,2026-04-14
ZCR-106801,ZCR-106801,,Anthony,Shields,,(058) 470-5547,2025-01-25,,0,0.0,,No DaySmart Record,Qualified,invalid,Prospect Rule,Invalid email — no booking,25,22,Zoho,Zoho Only — Never Booked,2026-04-14
ZCR-106812,ZCR-106812,,Kelly,Johnson,,(004) 638-3985,2025-04-18,,0,0.0,,No DaySmart Record,New,invalid,Prospect Rule,Invalid email — no booking,58,22,Zoho,Zoho Only — Never Booked,2026-04-14
ZCR-106825,ZCR-106825,,Rachel,May,,(680) 291-8184,2025-06-17,,0,0.0,,No DaySmart Record,Working,invalid,Prospect Rule,Invalid email — no booking,98,24,Zoho,Zoho Only — Never Booked,2026-04-14
ZCR-106829,ZCR-106829,,Robert,Wright,,(847) 024-2271,2024-08-17,,0,0.0,,No DaySmart Record,Converted,invalid,Prospect Rule,Invalid email — no booking,26,0,Zoho,Zoho Only — Never Booked,2026-04-14
ZCR-106831,ZCR-106831,,Jessica,White,,(760) 191-0910,2024-04-26,,0,0.0,,No DaySmart Record,Unqualified,invalid,Prospect Rule,Invalid email — no booking,31,12,Zoho,Zoho Only — Never Booked,2026-04-14
ZCR-106833,ZCR-106833,,Robert,Hall,,(608) 241-5423,2025-01-17,,0,0.0,,No DaySmart Record,New,invalid,Prospect Rule,Invalid email — no booking,75,10,Zoho,Zoho Only — Never Booked,2026-04-14
ZCR-106834,ZCR-106834,,Alicia,Nelson,,(272) 100-8887,2024-04-20,,0,0.0,,No DaySmart Record,Converted,invalid,Prospect Rule,Invalid email — no booking,83,16,Zoho,Zoho Only — Never Booked,2026-04-14
ZCR-106837,ZCR-106837,,Gabrielle,Rose,,(823) 570-7961,2025-12-28,,0,0.0,,No DaySmart Record,Working,invalid,Prospect Rule,Invalid email — no booking,115,47,Zoho,Zoho Only — Never Booked,2026-04-14
ZCR-106845,ZCR-106845,,Natalie,Osborne,,(491) 831-7179,2025-03-03,,0,0.0,,No DaySmart Record,Converted,invalid,Prospect Rule,Invalid email — no booking,75,0,Zoho,Zoho Only — Never Booked,2026-04-14
ZCR-106850,ZCR-106850,,Kevin,Hoffman,,(229) 906-4894,2025-04-22,,0,0.0,,No DaySmart Record,New,invalid,Prospect Rule,Invalid email — no booking,104,48,Zoho,Zoho Only — Never Booked,2026-04-14
ZCR-106852,ZCR-106852,,Erin,White,,(381) 425-7044,2024-04-30,,0,0.0,,No DaySmart Record,Qualified,invalid,Prospect Rule,Invalid email — no booking,22,9,Zoho,Zoho Only — Never Booked,2026-04-14
ZCR-106855,ZCR-106855,,Kristen,Miller PhD,,(296) 142-0639,2024-10-22,,0,0.0,,No DaySmart Record,Converted,invalid,Prospect Rule,Invalid email — no booking,35,23,Zoho,Zoho Only — Never Booked,2026-04-14
ZCR-106857,ZCR-106857,,Molly,Garcia,,(966) 886-5549,2025-03-10,,0,0.0,,No DaySmart Record,New,spamtrap,Prospect Rule,Invalid email — no booking,49,44,Zoho,Zoho Only — Never Booked,2026-04-14
ZCR-106862,ZCR-106862,,Craig,Torres,,(881) 673-8525,2024-09-06,,0,0.0,,No DaySmart Record,Unqualified,spamtrap,Prospect Rule,Invalid email — no booking,83,25,Zoho,Zoho Only — Never Booked,2026-04-14
ZCR-106878,ZCR-106878,,Donald,Morales,,(509) 695-0625,2026-02-24,,0,0.0,,No DaySmart Record,Working,abuse,Prospect Rule,Invalid email — no booking,104,55,Zoho,Zoho Only — Never Booked,2026-04-14
ZCR-106883,ZCR-106883,,Jonathan,Santos,,(059) 909-6023,2024-10-17,,0,0.0,,No DaySmart Record,Converted,invalid,Prospect Rule,Invalid email — no booking,17,13,Zoho,Zoho Only — Never Booked,2026-04-14
ZCR-106892,ZCR-106892,,Norman,Burton,,(429) 201-1555,2026-01-21,,0,0.0,,No DaySmart Record,Qualified,invalid,Prospect Rule,Invalid email — no booking,2,0,Zoho,Zoho Only — Never Booked,2026-04-14
ZCR-106903,ZCR-106903,,Catherine,Thomas,,(167) 050-8678,2025-04-27,,0,0.0,,No DaySmart Record,Qualified,abuse,Prospect Rule,Invalid email — no booking,102,3,Zoho,Zoho Only — Never Booked,2026-04-14
ZCR-106922,ZCR-106922,,Gregory,Hopkins,,(539) 969-6109,2025-02-24,,0,0.0,,No DaySmart Record,Working,abuse,Prospect Rule,Invalid email — no booking,8,6,Zoho,Zoho Only — Never Booked,2026-04-14
ZCR-106924,ZCR-106924,,Gary,Miller,,(512) 995-4141,2024-05-21,,0,0.0,,No DaySmart Record,Working,invalid,Prospect Rule,Invalid email — no booking,16,16,Zoho,Zoho Only — Never Booked,2026-04-14
ZCR-106927,ZCR-106927,,Brianna,Lewis,,(051) 728-3017,2024-12-25,,0,0.0,,No DaySmart Record,New,invalid,Prospect Rule,Invalid email — no booking,114,52,Zoho,Zoho Only — Never Booked,2026-04-14
ZCR-106936,ZCR-106936,,Jennifer,Kelly,,(789) 865-3210,2025-03-10,,0,0.0,,No DaySmart Record,Converted,invalid,Prospect Rule,Invalid email — no booking,96,31,Zoho,Zoho Only — Never Booked,2026-04-14
ZCR-106942,ZCR-106942,,Nicole,White,,(730) 199-3509,2025-07-13,,0,0.0,,No DaySmart Record,Qualified,spamtrap,Prospect Rule,Invalid email — no booking,31,5,Zoho,Zoho Only — Never Booked,2026-04-14
ZCR-106953,ZCR-106953,,Angela,Austin,,(182) 599-9322,2025-07-03,,0,0.0,,No DaySmart Record,Qualified,invalid,Prospect Rule,Invalid email — no booking,78,26,Zoho,Zoho Only — Never Booked,2026-04-14
ZCR-106963,ZCR-106963,,Dustin,Abbott,,(135) 186-0678,2024-09-22,,0,0.0,,No DaySmart Record,Qualified,spamtrap,Prospect Rule,Invalid email — no booking,60,8,Zoho,Zoho Only — Never Booked,2026-04-14
ZCR-106975,ZCR-106975,,Diane,Berry,,(821) 084-4168,2025-09-29,,0,0.0,,No DaySmart Record,Converted,abuse,Prospect Rule,Invalid email — no booking,50,26,Zoho,Zoho Only — Never Booked,2026-04-14
ZCR-106980,ZCR-106980,,Melanie,Perez,,(364) 685-5930,2025-05-27,,0,0.0,,No DaySmart Record,Unqualified,invalid,Prospect Rule,Invalid email — no booking,48,34,Zoho,Zoho Only — Never Booked,2026-04-14
ZCR-106993,ZCR-106993,,Melissa,Tyler,,(937) 643-4392,2024-09-26,,0,0.0,,No DaySmart Record,Working,spamtrap,Prospect Rule,Invalid email — no booking,62,3,Zoho,Zoho Only — Never Booked,2026-04-14
ZCR-106996,ZCR-106996,,Sarah,Arroyo,,(871) 561-9365,2025-10-14,,0,0.0,,No DaySmart Record,Converted,invalid,Prospect Rule,Invalid email — no booking,51,47,Zoho,Zoho Only — Never Booked,2026-04-14
ZCR-107014,ZCR-107014,,James,Farrell,,(166) 954-1076,2025-01-06,,0,0.0,,No DaySmart Record,New,invalid,Prospect Rule,Invalid email — no booking,28,9,Zoho,Zoho Only — Never Booked,2026-04-14
ZCR-107026,ZCR-107026,,Jerry,Williams,,(514) 089-0192,2025-02-25,,0,0.0,,No DaySmart Record,Unqualified,invalid,Prospect Rule,Invalid email — no booking,74,7,Zoho,Zoho Only — Never Booked,2026-04-14
ZCR-107031,ZCR-107031,,Tabitha,Reed,,(090) 047-7154,2025-09-29,,0,0.0,,No DaySmart Record,Working,invalid,Prospect Rule,Invalid email — no booking,30,26,Zoho,Zoho Only — Never Booked,2026-04-14
ZCR-107041,ZCR-107041,,Heidi,Johnson,,(656) 726-0043,2024-04-23,,0,0.0,,No DaySmart Record,Unqualified,spamtrap,Prospect Rule,Invalid email — no booking,20,9,Zoho,Zoho Only — Never Booked,2026-04-14
ZCR-107061,ZCR-107061,,Alicia,Pineda,,(851) 385-0609,2025-06-11,,0,0.0,,No DaySmart Record,Converted,invalid,Prospect Rule,Invalid email — no booking,13,13,Zoho,Zoho Only — Never Booked,2026-04-14
ZCR-107069,ZCR-107069,,James,Bird,,(533) 309-6975,2024-09-04,,0,0.0,,No DaySmart Record,Unqualified,invalid,Prospect Rule,Invalid email — no booking,79,51,Zoho,Zoho Only — Never Booked,2026-04-14
ZCR-107072,ZCR-107072,,Brooke,Valencia,,(410) 627-4717,2024-12-28,,0,0.0,,No DaySmart Record,Working,spamtrap,Prospect Rule,Invalid email — no booking,45,44,Zoho,Zoho Only — Never Booked,2026-04-14
ZCR-107080,ZCR-107080,,Karen,Robinson,,(239) 082-5549,2024-07-27,,0,0.0,,No DaySmart Record,New,invalid,Prospect Rule,Invalid email — no booking,59,18,Zoho,Zoho Only — Never Booked,2026-04-14
ZCR-107086,ZCR-107086,,Shannon,Stark,,(285) 243-2896,2025-02-04,,0,0.0,,No DaySmart Record,Working,invalid,Prospect Rule,Invalid email — no booking,91,0,Zoho,Zoho Only — Never Booked,2026-04-14
ZCR-107105,ZCR-107105,,Nicole,Nicholson,,(454) 344-4906,2024-04-28,,0,0.0,,No DaySmart Record,Working,invalid,Prospect Rule,Invalid email — no booking,119,43,Zoho,Zoho Only — Never Booked,2026-04-14
ZCR-107110,ZCR-107110,,Michael,Grimes,,(115) 650-3936,2024-12-18,,0,0.0,,No DaySmart Record,Working,abuse,Prospect Rule,Invalid email — no booking,1,1,Zoho,Zoho Only — Never Booked,2026-04-14
ZCR-107113,ZCR-107113,,Jeffrey,Escobar,,(129) 177-5148,2024-04-30,,0,0.0,,No DaySmart Record,Converted,invalid,Prospect Rule,Invalid email — no booking,79,51,Zoho,Zoho Only — Never Booked,2026-04-14
ZCR-107137,ZCR-107137,,Tyler,Watts,,(556) 586-8997,2024-12-20,,0,0.0,,No DaySmart Record,Unqualified,spamtrap,Prospect Rule,Invalid email — no booking,101,1,Zoho,Zoho Only — Never Booked,2026-04-14
ZCR-107144,ZCR-107144,,Erica,Thomas,,(389) 931-0560,2026-02-23,,0,0.0,,No DaySmart Record,Unqualified,abuse,Prospect Rule,Invalid email — no booking,49,47,Zoho,Zoho Only — Never Booked,2026-04-14
ZCR-107152,ZCR-107152,,Mr.,George Cohen,,(031) 005-7473,2025-05-05,,0,0.0,,No DaySmart Record,Qualified,abuse,Prospect Rule,Invalid email — no booking,105,28,Zoho,Zoho Only — Never Booked,2026-04-14
ZCR-107161,ZCR-107161,,Michael,Thomas,,(399) 598-1116,2024-11-04,,0,0.0,,No DaySmart Record,New,invalid,Prospect Rule,Invalid email — no booking,12,8,Zoho,Zoho Only — Never Booked,2026-04-14
ZCR-107172,ZCR-107172,,Devin,Robertson,,(290) 664-3005,2024-08-29,,0,0.0,,No DaySmart Record,Working,spamtrap,Prospect Rule,Invalid email — no booking,53,51,Zoho,Zoho Only — Never Booked,2026-04-14
ZCR-107182,ZCR-107182,,Jonathan,Wood,,(200) 769-8720,2026-01-25,,0,0.0,,No DaySmart Record,Unqualified,invalid,Prospect Rule,Invalid email — no booking,65,16,Zoho,Zoho Only — Never Booked,2026-04-14
ZCR-107184,ZCR-107184,,Karen,Cruz,,(081) 077-3835,2025-06-21,,0,0.0,,No DaySmart Record,Qualified,invalid,Prospect Rule,Invalid email — no booking,102,42,Zoho,Zoho Only — Never Booked,2026-04-14
ZCR-107185,ZCR-107185,,Brenda,Bennett,,(162) 377-6694,2024-06-02,,0,0.0,,No DaySmart Record,Unqualified,spamtrap,Prospect Rule,Invalid email — no booking,101,55,Zoho,Zoho Only — Never Booked,2026-04-14
ZCR-107187,ZCR-107187,,Joseph,Martinez,,(658) 225-7038,2025-03-21,,0,0.0,,No DaySmart Record,New,abuse,Prospect Rule,Invalid email — no booking,28,6,Zoho,Zoho Only — Never Booked,2026-04-14
ZCR-107196,ZCR-107196,,Adam,Brown,,(192) 478-6151,2025-12-13,,0,0.0,,No DaySmart Record,Qualified,invalid,Prospect Rule,Invalid email — no booking,11,4,Zoho,Zoho Only — Never Booked,2026-04-14
ZCR-107201,ZCR-107201,,Sydney,Jackson,,(487) 847-7024,2025-09-08,,0,0.0,,No DaySmart Record,Working,invalid,Prospect Rule,Invalid email — no booking,41,20,Zoho,Zoho Only — Never Booked,2026-04-14
ZCR-107205,ZCR-107205,,Andrew,Young,,(451) 279-2955,2025-10-27,,0,0.0,,No DaySmart Record,Qualified,invalid,Prospect Rule,Invalid email — no booking,103,31,Zoho,Zoho Only — Never Booked,2026-04-14
ZCR-107207,ZCR-107207,,Jimmy,Salazar,,(897) 339-7261,2025-01-09,,0,0.0,,No DaySmart Record,Qualified,invalid,Prospect Rule,Invalid email — no booking,119,1,Zoho,Zoho Only — Never Booked,2026-04-14
ZCR-107218,ZCR-107218,,Jordan,Barker,,(614) 165-7496,2025-02-21,,0,0.0,,No DaySmart Record,Unqualified,abuse,Prospect Rule,Invalid email — no booking,67,0,Zoho,Zoho Only — Never Booked,2026-04-14
ZCR-107221,ZCR-107221,,Dr.,Alexandra Adams,,(217) 771-8712,2025-10-30,,0,0.0,,No DaySmart Record,Unqualified,abuse,Prospect Rule,Invalid email — no booking,90,8,Zoho,Zoho Only — Never Booked,2026-04-14
ZCR-107225,ZCR-107225,,Russell,Padilla,,(253) 423-5108,2024-10-25,,0,0.0,,No DaySmart Record,Qualified,invalid,Prospect Rule,Invalid email — no booking,39,6,Zoho,Zoho Only — Never Booked,2026-04-14
ZCR-107230,ZCR-107230,,Stephanie,White,,(322) 311-8261,2024-08-11,,0,0.0,,No DaySmart Record,New,spamtrap,Prospect Rule,Invalid email — no booking,115,20,Zoho,Zoho Only — Never Booked,2026-04-14
ZCR-107238,ZCR-107238,,Heather,Griffin,,(031) 568-3152,2025-07-13,,0,0.0,,No DaySmart Record,Converted,invalid,Prospect Rule,Invalid email — no booking,8,4,Zoho,Zoho Only — Never Booked,2026-04-14
ZCR-107262,ZCR-107262,,Jacqueline,Boyd,,(762) 424-7013,2025-12-12,,0,0.0,,No DaySmart Record,Converted,abuse,Prospect Rule,Invalid email — no booking,56,5,Zoho,Zoho Only — Never Booked,2026-04-14
ZCR-107281,ZCR-107281,,Courtney,Johnson,,(268) 084-9003,2024-10-29,,0,0.0,,No DaySmart Record,Converted,spamtrap,Prospect Rule,Invalid email — no booking,2,0,Zoho,Zoho Only — Never Booked,2026-04-14
ZCR-107288,ZCR-107288,,Hunter,Logan,,(364) 296-8676,2024-10-26,,0,0.0,,No DaySmart Record,Working,invalid,Prospect Rule,Invalid email — no booking,89,42,Zoho,Zoho Only — Never Booked,2026-04-14
ZCR-107291,ZCR-107291,,Barbara,Nguyen,,(054) 648-7402,2026-03-04,,0,0.0,,No DaySmart Record,Unqualified,spamtrap,Prospect Rule,Invalid email — no booking,89,39,Zoho,Zoho Only — Never Booked,2026-04-14
ZCR-107293,ZCR-107293,,Anna,Brown PhD,,(221) 866-4159,2024-05-29,,0,0.0,,No DaySmart Record,Working,spamtrap,Prospect Rule,Invalid email — no booking,22,10,Zoho,Zoho Only — Never Booked,2026-04-14
ZCR-107304,ZCR-107304,,Jose,Rios,,(613) 436-3356,2026-03-21,,0,0.0,,No DaySmart Record,New,invalid,Prospect Rule,Invalid email — no booking,89,30,Zoho,Zoho Only — Never Booked,2026-04-14
ZCR-107305,ZCR-107305,,Erik,Gamble,,(916) 661-0842,2025-11-04,,0,0.0,,No DaySmart Record,Unqualified,invalid,Prospect Rule,Invalid email — no booking,81,16,Zoho,Zoho Only — Never Booked,2026-04-14
ZCR-107316,ZCR-107316,,Frank,Davis,,(150) 593-4391,2024-04-17,,0,0.0,,No DaySmart Record,Qualified,invalid,Prospect Rule,Invalid email — no booking,94,6,Zoho,Zoho Only — Never Booked,2026-04-14
ZCR-107322,ZCR-107322,,Joshua,Martinez,,(354) 707-0346,2024-07-28,,0,0.0,,No DaySmart Record,Working,invalid,Prospect Rule,Invalid email — no booking,60,22,Zoho,Zoho Only — Never Booked,2026-04-14
ZCR-107323,ZCR-107323,,Rebecca,Scott,,(390) 766-0092,2024-10-13,,0,0.0,,No DaySmart Record,Qualified,invalid,Prospect Rule,Invalid email — no booking,38,6,Zoho,Zoho Only — Never Booked,2026-04-14
ZCR-107325,ZCR-107325,,Mr.,Jason Andersen,,(594) 042-8932,2025-07-09,,0,0.0,,No DaySmart Record,Converted,spamtrap,Prospect Rule,Invalid email — no booking,44,15,Zoho,Zoho Only — Never Booked,2026-04-14
ZCR-107336,ZCR-107336,,Michelle,Williams,,(957) 911-9238,2025-09-12,,0,0.0,,No DaySmart Record,Unqualified,invalid,Prospect Rule,Invalid email — no booking,21,19,Zoho,Zoho Only — Never Booked,2026-04-14
ZCR-107337,ZCR-107337,,Dawn,Friedman,,(775) 293-2546,2026-03-29,,0,0.0,,No DaySmart Record,Working,spamtrap,Prospect Rule,Invalid email — no booking,36,22,Zoho,Zoho Only — Never Booked,2026-04-14
ZCR-107344,ZCR-107344,,Michael,Gray,,(078) 404-0143,2025-12-27,,0,0.0,,No DaySmart Record,Unqualified,invalid,Prospect Rule,Invalid email — no booking,24,2,Zoho,Zoho Only — Never Booked,2026-04-14
ZCR-107363,ZCR-107363,,Adrian,Burke,,(624) 213-8143,2026-01-19,,0,0.0,,No DaySmart Record,New,invalid,Prospect Rule,Invalid email — no booking,26,5,Zoho,Zoho Only — Never Booked,2026-04-14
ZCR-107369,ZCR-107369,,Kristina,Jones,,(420) 412-1035,2025-11-25,,0,0.0,,No DaySmart Record,Converted,abuse,Prospect Rule,Invalid email — no booking,24,6,Zoho,Zoho Only — Never Booked,2026-04-14
ZCR-107374,ZCR-107374,,George,Hernandez Jr.,,(153) 677-9942,2024-11-28,,0,0.0,,No DaySmart Record,Qualified,invalid,Prospect Rule,Invalid email — no booking,3,1,Zoho,Zoho Only — Never Booked,2026-04-14
ZCR-107381,ZCR-107381,,Katherine,Smith,,(966) 701-5634,2026-01-18,,0,0.0,,No DaySmart Record,Converted,invalid,Prospect Rule,Invalid email — no booking,34,31,Zoho,Zoho Only — Never Booked,2026-04-14
ZCR-107389,ZCR-107389,,Angela,Miller,,(743) 780-8939,2024-11-20,,0,0.0,,No DaySmart Record,Working,invalid,Prospect Rule,Invalid email — no booking,18,6,Zoho,Zoho Only — Never Booked,2026-04-14
ZCR-107393,ZCR-107393,,Andrew,Wright,,(903) 150-4594,2026-03-21,,0,0.0,,No DaySmart Record,New,invalid,Prospect Rule,Invalid email — no booking,25,22,Zoho,Zoho Only — Never Booked,2026-04-14
ZCR-107397,ZCR-107397,,Derrick,Ferguson,,(557) 773-1137,2026-01-30,,0,0.0,,No DaySmart Record,Qualified,abuse,Prospect Rule,Invalid email — no booking,52,16,Zoho,Zoho Only — Never Booked,2026-04-14
ZCR-107401,ZCR-107401,,Charles,Willis,,(207) 835-4367,2024-08-20,,0,0.0,,No DaySmart Record,Working,spamtrap,Prospect Rule,Invalid email — no booking,5,5,Zoho,Zoho Only — Never Booked,2026-04-14
ZCR-107418,ZCR-107418,,Kevin,Crawford,,(522) 720-8247,2025-04-06,,0,0.0,,No DaySmart Record,New,abuse,Prospect Rule,Invalid email — no booking,119,19,Zoho,Zoho Only — Never Booked,2026-04-14
ZCR-107421,ZCR-107421,,Julia,Martinez,,(543) 456-9980,2025-09-07,,0,0.0,,No DaySmart Record,New,invalid,Prospect Rule,Invalid email — no booking,51,10,Zoho,Zoho Only — Never Booked,2026-04-14
ZCR-107430,ZCR-107430,,Amanda,Johnson,,(619) 762-1290,2024-10-10,,0,0.0,,No DaySmart Record,Unqualified,invalid,Prospect Rule,Invalid email — no booking,108,13,Zoho,Zoho Only — Never Booked,2026-04-14
ZCR-107466,ZCR-107466,,Kevin,Valentine,,(056) 535-6326,2025-01-10,,0,0.0,,No DaySmart Record,Unqualified,abuse,Prospect Rule,Invalid email — no booking,104,23,Zoho,Zoho Only — Never Booked,2026-04-14
ZCR-107483,ZCR-107483,,Louis,Middleton,,(251) 533-9796,2025-12-02,,0,0.0,,No DaySmart Record,Converted,invalid,Prospect Rule,Invalid email — no booking,87,28,Zoho,Zoho Only — Never Booked,2026-04-14
ZCR-107485,ZCR-107485,,Brittany,Williams,,(155) 207-5327,2024-09-08,,0,0.0,,No DaySmart Record,Converted,invalid,Prospect Rule,Invalid email — no booking,68,32,Zoho,Zoho Only — Never Booked,2026-04-14
ZCR-107486,ZCR-107486,,Elizabeth,Lang,,(040) 532-4485,2025-02-09,,0,0.0,,No DaySmart Record,Qualified,invalid,Prospect Rule,Invalid email — no booking,66,44,Zoho,Zoho Only — Never Booked,2026-04-14
ZCR-107495,ZCR-107495,,Megan,Hill,,(655) 305-8426,2024-07-25,,0,0.0,,No DaySmart Record,Working,invalid,Prospect Rule,Invalid email — no booking,82,25,Zoho,Zoho Only — Never Booked,2026-04-14
ZCR-107501,ZCR-107501,,Tiffany,Mccall,,(698) 919-9487,2025-03-09,,0,0.0,,No DaySmart Record,Working,spamtrap,Prospect Rule,Invalid email — no booking,70,42,Zoho,Zoho Only — Never Booked,2026-04-14
ZCR-107510,ZCR-107510,,Timothy,Strickland,,(474) 547-7057,2025-08-11,,0,0.0,,No DaySmart Record,Converted,invalid,Prospect Rule,Invalid email — no booking,98,27,Zoho,Zoho Only — Never Booked,2026-04-14
ZCR-107558,ZCR-107558,,Dustin,Miller,,(488) 355-1938,2024-12-24,,0,0.0,,No DaySmart Record,Qualified,invalid,Prospect Rule,Invalid email — no booking,63,20,Zoho,Zoho Only — Never Booked,2026-04-14
ZCR-107561,ZCR-107561,,Morgan,Gardner,,(065) 199-8548,2026-02-26,,0,0.0,,No DaySmart Record,Working,spamtrap,Prospect Rule,Invalid email — no booking,60,47,Zoho,Zoho Only — Never Booked,2026-04-14
ZCR-107565,ZCR-107565,,Amanda,Lopez,,(406) 214-0994,2024-04-17,,0,0.0,,No DaySmart Record,Qualified,invalid,Prospect Rule,Invalid email — no booking,62,29,Zoho,Zoho Only — Never Booked,2026-04-14
ZCR-107571,ZCR-107571,,Andrew,Mason,,(824) 095-1991,2025-11-18,,0,0.0,,No DaySmart Record,Converted,invalid,Prospect Rule,Invalid email — no booking,2,0,Zoho,Zoho Only — Never Booked,2026-04-14
ZCR-107574,ZCR-107574,,Jordan,Schwartz,,(821) 190-3663,2025-06-23,,0,0.0,,No DaySmart Record,Working,spamtrap,Prospect Rule,Invalid email — no booking,42,13,Zoho,Zoho Only — Never Booked,2026-04-14
ZCR-107579,ZCR-107579,,David,Mcfarland,,(294) 733-8608,2025-02-13,,0,0.0,,No DaySmart Record,Working,spamtrap,Prospect Rule,Invalid email — no booking,80,45,Zoho,Zoho Only — Never Booked,2026-04-14
ZCR-107604,ZCR-107604,,Mary,Evans,,(603) 873-1667,2025-05-16,,0,0.0,,No DaySmart Record,Qualified,spamtrap,Prospect Rule,Invalid email — no booking,102,26,Zoho,Zoho Only — Never Booked,2026-04-14
ZCR-107605,ZCR-107605,,Rhonda,Roth,,(286) 457-9442,2024-10-22,,0,0.0,,No DaySmart Record,Converted,abuse,Prospect Rule,Invalid email — no booking,82,57,Zoho,Zoho Only — Never Booked,2026-04-14
ZCR-107616,ZCR-107616,,Robert,Perez,,(348) 326-5132,2025-06-10,,0,0.0,,No DaySmart Record,Unqualified,spamtrap,Prospect Rule,Invalid email — no booking,103,0,Zoho,Zoho Only — Never Booked,2026-04-14
ZCR-107619,ZCR-107619,,Katherine,Blair,,(351) 468-6245,2025-11-29,,0,0.0,,No DaySmart Record,Converted,invalid,Prospect Rule,Invalid email — no booking,112,24,Zoho,Zoho Only — Never Booked,2026-04-14
ZCR-107623,ZCR-107623,,Jaime,Walker,,(308) 996-0640,2026-02-05,,0,0.0,,No DaySmart Record,Unqualified,invalid,Prospect Rule,Invalid email — no booking,19,17,Zoho,Zoho Only — Never Booked,2026-04-14
ZCR-107629,ZCR-107629,,James,Morrison,,(039) 059-3037,2026-02-19,,0,0.0,,No DaySmart Record,Qualified,invalid,Prospect Rule,Invalid email — no booking,69,51,Zoho,Zoho Only — Never Booked,2026-04-14
ZCR-107631,ZCR-107631,,Seth,Bryant,,(214) 999-0791,2024-04-15,,0,0.0,,No DaySmart Record,New,spamtrap,Prospect Rule,Invalid email — no booking,50,38,Zoho,Zoho Only — Never Booked,2026-04-14
ZCR-107641,ZCR-107641,,Jeffrey,Johnson Jr.,,(103) 376-2137,2026-03-21,,0,0.0,,No DaySmart Record,Working,spamtrap,Prospect Rule,Invalid email — no booking,104,41,Zoho,Zoho Only — Never Booked,2026-04-14
ZCR-107644,ZCR-107644,,Joshua,Mendez,,(532) 579-6437,2024-08-05,,0,0.0,,No DaySmart Record,Qualified,invalid,Prospect Rule,Invalid email — no booking,76,41,Zoho,Zoho Only — Never Booked,2026-04-14
ZCR-107656,ZCR-107656,,Eugene,Gardner,,(960) 113-2817,2025-02-10,,0,0.0,,No DaySmart Record,Converted,invalid,Prospect Rule,Invalid email — no booking,81,19,Zoho,Zoho Only — Never Booked,2026-04-14
ZCR-107658,ZCR-107658,,Jason,Keller,,(974) 630-6355,2025-10-17,,0,0.0,,No DaySmart Record,Working,invalid,Prospect Rule,Invalid email — no booking,33,31,Zoho,Zoho Only — Never Booked,2026-04-14
ZCR-107660,ZCR-107660,,Kevin,White,,(365) 995-6158,2025-09-01,,0,0.0,,No DaySmart Record,Working,spamtrap,Prospect Rule,Invalid email — no booking,10,10,Zoho,Zoho Only — Never Booked,2026-04-14
ZCR-107666,ZCR-107666,,Henry,Becker,,(772) 080-2927,2026-04-08,,0,0.0,,No DaySmart Record,New,invalid,Prospect Rule,Invalid email — no booking,106,20,Zoho,Zoho Only — Never Booked,2026-04-14
ZCR-107667,ZCR-107667,,Natasha,Wade,,(973) 993-0351,2025-11-30,,0,0.0,,No DaySmart Record,Converted,invalid,Prospect Rule,Invalid email — no booking,5,4,Zoho,Zoho Only — Never Booked,2026-04-14
ZCR-107672,ZCR-107672,,Michael,Gonzalez,,(116) 903-6240,2025-08-09,,0,0.0,,No DaySmart Record,New,invalid,Prospect Rule,Invalid email — no booking,111,2,Zoho,Zoho Only — Never Booked,2026-04-14
ZCR-107673,ZCR-107673,,Nicole,Love,,(800) 122-9536,2025-09-25,,0,0.0,,No DaySmart Record,Qualified,invalid,Prospect Rule,Invalid email — no booking,56,52,Zoho,Zoho Only — Never Booked,2026-04-14
ZCR-107674,ZCR-107674,,Teresa,Elliott,,(893) 069-5486,2026-01-06,,0,0.0,,No DaySmart Record,Working,abuse,Prospect Rule,Invalid email — no booking,7,6,Zoho,Zoho Only — Never Booked,2026-04-14
ZCR-107677,ZCR-107677,,Julie,Thomas,,(739) 489-3124,2025-12-27,,0,0.0,,No DaySmart Record,Working,abuse,Prospect Rule,Invalid email — no booking,14,13,Zoho,Zoho Only — Never Booked,2026-04-14
ZCR-107679,ZCR-107679,,Dr.,Eddie Ferguson,,(040) 441-8273,2025-07-28,,0,0.0,,No DaySmart Record,Unqualified,invalid,Prospect Rule,Invalid email — no booking,40,22,Zoho,Zoho Only — Never Booked,2026-04-14
ZCR-107682,ZCR-107682,,Ashley,Sanchez,,(303) 149-6306,2024-10-08,,0,0.0,,No DaySmart Record,Converted,abuse,Prospect Rule,Invalid email — no booking,36,34,Zoho,Zoho Only — Never Booked,2026-04-14
ZCR-107688,ZCR-107688,,Paula,Mcdaniel,,(031) 573-4218,2024-05-01,,0,0.0,,No DaySmart Record,Unqualified,abuse,Prospect Rule,Invalid email — no booking,13,12,Zoho,Zoho Only — Never Booked,2026-04-14
ZCR-107689,ZCR-107689,,Paul,May,,(541) 890-5229,2025-11-21,,0,0.0,,No DaySmart Record,Qualified,invalid,Prospect Rule,Invalid email — no booking,71,32,Zoho,Zoho Only — Never Booked,2026-04-14
ZCR-107695,ZCR-107695,,Daniel,Mcgee,,(696) 698-4416,2025-01-11,,0,0.0,,No DaySmart Record,Working,invalid,Prospect Rule,Invalid email — no booking,22,1,Zoho,Zoho Only — Never Booked,2026-04-14
ZCR-107696,ZCR-107696,,Luke,Howard,,(916) 205-8599,2024-05-22,,0,0.0,,No DaySmart Record,Qualified,invalid,Prospect Rule,Invalid email — no booking,38,1,Zoho,Zoho Only — Never Booked,2026-04-14
ZCR-107697,ZCR-107697,,Allison,Heath,,(345) 064-6771,2025-04-28,,0,0.0,,No DaySmart Record,Unqualified,invalid,Prospect Rule,Invalid email — no booking,81,56,Zoho,Zoho Only — Never Booked,2026-04-14
ZCR-107699,ZCR-107699,,Morgan,King,,(401) 604-7730,2026-01-19,,0,0.0,,No DaySmart Record,Working,invalid,Prospect Rule,Invalid email — no booking,55,34,Zoho,Zoho Only — Never Booked,2026-04-14
ZCR-107710,ZCR-107710,,Alicia,Lyons,,(465) 080-4671,2026-03-17,,0,0.0,,No DaySmart Record,Qualified,abuse,Prospect Rule,Invalid email — no booking,52,39,Zoho,Zoho Only — Never Booked,2026-04-14
ZCR-107713,ZCR-107713,,Nicholas,Brandt,,(812) 470-1232,2026-02-24,,0,0.0,,No DaySmart Record,Qualified,spamtrap,Prospect Rule,Invalid email — no booking,7,4,Zoho,Zoho Only — Never Booked,2026-04-14
ZCR-107715,ZCR-107715,,James,Lynch,,(924) 610-8485,2025-06-13,,0,0.0,,No DaySmart Record,Working,invalid,Prospect Rule,Invalid email — no booking,92,1,Zoho,Zoho Only — Never Booked,2026-04-14
ZCR-107726,ZCR-107726,,Sara,Bartlett,,(709) 813-9579,2025-10-09,,0,0.0,,No DaySmart Record,New,invalid,Prospect Rule,Invalid email — no booking,14,5,Zoho,Zoho Only — Never Booked,2026-04-14
ZCR-107731,ZCR-107731,,Daniel,Nguyen,,(469) 804-0097,2025-04-04,,0,0.0,,No DaySmart Record,New,invalid,Prospect Rule,Invalid email — no booking,2,1,Zoho,Zoho Only — Never Booked,2026-04-14
ZCR-107753,ZCR-107753,,Natalie,Richardson,,(589) 463-0762,2025-02-03,,0,0.0,,No DaySmart Record,Unqualified,invalid,Prospect Rule,Invalid email — no booking,76,30,Zoho,Zoho Only — Never Booked,2026-04-14
ZCR-107759,ZCR-107759,,Alexis,Deleon,,(934) 021-0607,2025-04-26,,0,0.0,,No DaySmart Record,New,invalid,Prospect Rule,Invalid email — no booking,62,20,Zoho,Zoho Only — Never Booked,2026-04-14
ZCR-107761,ZCR-107761,,Thomas,Mclean MD,,(661) 101-5875,2025-01-25,,0,0.0,,No DaySmart Record,Converted,invalid,Prospect Rule,Invalid email — no booking,53,30,Zoho,Zoho Only — Never Booked,2026-04-14
ZCR-107763,ZCR-107763,,Diane,Thomas,,(072) 820-9481,2025-02-15,,0,0.0,,No DaySmart Record,Converted,invalid,Prospect Rule,Invalid email — no booking,24,13,Zoho,Zoho Only — Never Booked,2026-04-14
ZCR-107769,ZCR-107769,,Hannah,Franklin,,(735) 214-0382,2025-05-13,,0,0.0,,No DaySmart Record,Qualified,spamtrap,Prospect Rule,Invalid email — no booking,83,32,Zoho,Zoho Only — Never Booked,2026-04-14
ZCR-107770,ZCR-107770,,Melissa,Cochran,,(048) 579-5422,2025-11-11,,0,0.0,,No DaySmart Record,Working,invalid,Prospect Rule,Invalid email — no booking,110,47,Zoho,Zoho Only — Never Booked,2026-04-14
ZCR-107775,ZCR-107775,,Cheryl,Medina,,(753) 051-0987,2025-12-11,,0,0.0,,No DaySmart Record,Unqualified,abuse,Prospect Rule,Invalid email — no booking,18,3,Zoho,Zoho Only — Never Booked,2026-04-14
ZCR-107790,ZCR-107790,,Lauren,Knight,,(190) 157-5730,2026-04-03,,0,0.0,,No DaySmart Record,Qualified,invalid,Prospect Rule,Invalid email — no booking,4,0,Zoho,Zoho Only — Never Booked,2026-04-14
ZCR-107794,ZCR-107794,,Kimberly,Evans,,(488) 375-2536,2024-08-03,,0,0.0,,No DaySmart Record,Working,invalid,Prospect Rule,Invalid email — no booking,33,11,Zoho,Zoho Only — Never Booked,2026-04-14
ZCR-107798,ZCR-107798,,Tyler,Ramirez,,(400) 823-2653,2024-05-08,,0,0.0,,No DaySmart Record,Converted,spamtrap,Prospect Rule,Invalid email — no booking,28,5,Zoho,Zoho Only — Never Booked,2026-04-14
ZCR-107799,ZCR-107799,,Richard,Brown,,(495) 783-6668,2025-03-23,,0,0.0,,No DaySmart Record,New,invalid,Prospect Rule,Invalid email — no booking,9,8,Zoho,Zoho Only — Never Booked,2026-04-14
ZCR-107800,ZCR-107800,,Kristina,Johnson,,(713) 914-8944,2025-12-18,,0,0.0,,No DaySmart Record,Unqualified,invalid,Prospect Rule,Invalid email — no booking,0,0,Zoho,Zoho Only — Never Booked,2026-04-14
ZCR-107812,ZCR-107812,,Amanda,Pratt,,(371) 023-1250,2024-10-07,,0,0.0,,No DaySmart Record,Converted,spamtrap,Prospect Rule,Invalid email — no booking,22,16,Zoho,Zoho Only — Never Booked,2026-04-14
ZCR-107815,ZCR-107815,,Briana,Martinez,,(520) 781-3866,2024-12-28,,0,0.0,,No DaySmart Record,Unqualified,invalid,Prospect Rule,Invalid email — no booking,77,56,Zoho,Zoho Only — Never Booked,2026-04-14
ZCR-107823,ZCR-107823,,Lisa,Smith,,(657) 965-4288,2025-12-13,,0,0.0,,No DaySmart Record,Unqualified,abuse,Prospect Rule,Invalid email — no booking,68,14,Zoho,Zoho Only — Never Booked,2026-04-14
ZCR-107839,ZCR-107839,,Rhonda,Silva,,(692) 279-5389,2025-06-29,,0,0.0,,No DaySmart Record,Qualified,invalid,Prospect Rule,Invalid email — no booking,27,25,Zoho,Zoho Only — Never Booked,2026-04-14
ZCR-107842,ZCR-107842,,Micheal,Hall,,(935) 672-9456,2024-11-02,,0,0.0,,No DaySmart Record,Working,invalid,Prospect Rule,Invalid email — no booking,29,0,Zoho,Zoho Only — Never Booked,2026-04-14
ZCR-107846,ZCR-107846,,Sherry,Marshall,,(715) 038-4481,2026-02-01,,0,0.0,,No DaySmart Record,Converted,invalid,Prospect Rule,Invalid email — no booking,109,15,Zoho,Zoho Only — Never Booked,2026-04-14
ZCR-107847,ZCR-107847,,Steven,Hernandez,,(458) 392-6947,2024-05-07,,0,0.0,,No DaySmart Record,Unqualified,invalid,Prospect Rule,Invalid email — no booking,69,2,Zoho,Zoho Only — Never Booked,2026-04-14
ZCR-107849,ZCR-107849,,Jennifer,Baker,,(361) 304-3788,2025-06-08,,0,0.0,,No DaySmart Record,Converted,invalid,Prospect Rule,Invalid email — no booking,37,4,Zoho,Zoho Only — Never Booked,2026-04-14
ZCR-107858,ZCR-107858,,Rhonda,Rice,,(718) 024-2523,2024-12-11,,0,0.0,,No DaySmart Record,Working,abuse,Prospect Rule,Invalid email — no booking,119,0,Zoho,Zoho Only — Never Booked,2026-04-14
ZCR-107861,ZCR-107861,,Lauren,Thornton,,(811) 393-7574,2025-06-22,,0,0.0,,No DaySmart Record,New,invalid,Prospect Rule,Invalid email — no booking,13,1,Zoho,Zoho Only — Never Booked,2026-04-14
ZCR-107867,ZCR-107867,,Evan,Booker,,(624) 201-7535,2025-06-03,,0,0.0,,No DaySmart Record,Converted,spamtrap,Prospect Rule,Invalid email — no booking,117,58,Zoho,Zoho Only — Never Booked,2026-04-14
ZCR-107868,ZCR-107868,,Mitchell,Cruz,,(169) 909-8240,2024-07-31,,0,0.0,,No DaySmart Record,Working,invalid,Prospect Rule,Invalid email — no booking,12,5,Zoho,Zoho Only — Never Booked,2026-04-14
ZCR-107882,ZCR-107882,,Michael,Lane,,(093) 212-6090,2025-02-23,,0,0.0,,No DaySmart Record,New,invalid,Prospect Rule,Invalid email — no booking,33,7,Zoho,Zoho Only — Never Booked,2026-04-14
ZCR-107886,ZCR-107886,,Jordan,Anderson,,(518) 838-4654,2024-04-20,,0,0.0,,No DaySmart Record,Working,invalid,Prospect Rule,Invalid email — no booking,77,24,Zoho,Zoho Only — Never Booked,2026-04-14
ZCR-107887,ZCR-107887,,Christine,Fry,,(622) 456-5430,2024-12-14,,0,0.0,,No DaySmart Record,Unqualified,invalid,Prospect Rule,Invalid email — no booking,113,3,Zoho,Zoho Only — Never Booked,2026-04-14
ZCR-107888,ZCR-107888,,Edward,Foster,,(609) 595-2986,2024-09-29,,0,0.0,,No DaySmart Record,Working,invalid,Prospect Rule,Invalid email — no booking,6,2,Zoho,Zoho Only — Never Booked,2026-04-14
ZCR-107892,ZCR-107892,,Aaron,Chandler,,(617) 910-8669,2024-10-28,,0,0.0,,No DaySmart Record,New,invalid,Prospect Rule,Invalid email — no booking,106,60,Zoho,Zoho Only — Never Booked,2026-04-14
ZCR-107894,ZCR-107894,,Katherine,Richardson,,(842) 406-3062,2025-09-23,,0,0.0,,No DaySmart Record,Qualified,invalid,Prospect Rule,Invalid email — no booking,53,24,Zoho,Zoho Only — Never Booked,2026-04-14
ZCR-107900,ZCR-107900,,Olivia,Harris,,(471) 091-8750,2024-06-06,,0,0.0,,No DaySmart Record,Converted,abuse,Prospect Rule,Invalid email — no booking,25,6,Zoho,Zoho Only — Never Booked,2026-04-14
ZCR-107904,ZCR-107904,,Jacob,Gross Jr.,,(471) 268-1293,2025-08-05,,0,0.0,,No DaySmart Record,Converted,spamtrap,Prospect Rule,Invalid email — no booking,31,20,Zoho,Zoho Only — Never Booked,2026-04-14
ZCR-107908,ZCR-107908,,Kimberly,Miller,,(996) 893-7409,2025-04-15,,0,0.0,,No DaySmart Record,Qualified,spamtrap,Prospect Rule,Invalid email — no booking,46,22,Zoho,Zoho Only — Never Booked,2026-04-14
ZCR-107915,ZCR-107915,,Cynthia,Robinson,,(695) 016-3880,2025-08-27,,0,0.0,,No DaySmart Record,Working,spamtrap,Prospect Rule,Invalid email — no booking,32,12,Zoho,Zoho Only — Never Booked,2026-04-14
ZCR-107920,ZCR-107920,,Kaitlyn,Bell,,(721) 442-6836,2025-11-12,,0,0.0,,No DaySmart Record,New,abuse,Prospect Rule,Invalid email — no booking,79,16,Zoho,Zoho Only — Never Booked,2026-04-14
ZCR-107921,ZCR-107921,,Joshua,Reyes Jr.,,(970) 603-8708,2024-09-20,,0,0.0,,No DaySmart Record,Converted,invalid,Prospect Rule,Invalid email — no booking,85,5,Zoho,Zoho Only — Never Booked,2026-04-14
ZCR-107940,ZCR-107940,,Paul,Thomas,,(076) 290-6128,2025-11-16,,0,0.0,,No DaySmart Record,Converted,invalid,Prospect Rule,Invalid email — no booking,19,2,Zoho,Zoho Only — Never Booked,2026-04-14
ZCR-107951,ZCR-107951,,Mrs.,Tiffany Carter DVM,,(630) 799-9644,2025-04-02,,0,0.0,,No DaySmart Record,Working,spamtrap,Prospect Rule,Invalid email — no booking,46,29,Zoho,Zoho Only — Never Booked,2026-04-14
ZCR-107952,ZCR-107952,,Kyle,Baker,,(650) 215-3862,2025-06-22,,0,0.0,,No DaySmart Record,New,invalid,Prospect Rule,Invalid email — no booking,120,1,Zoho,Zoho Only — Never Booked,2026-04-14
ZCR-107957,ZCR-107957,,David,York,,(055) 154-6754,2024-06-13,,0,0.0,,No DaySmart Record,Unqualified,invalid,Prospect Rule,Invalid email — no booking,44,29,Zoho,Zoho Only — Never Booked,2026-04-14
ZCR-107975,ZCR-107975,,Carol,Miller,,(952) 391-8370,2026-03-08,,0,0.0,,No DaySmart Record,Converted,invalid,Prospect Rule,Invalid email — no booking,93,21,Zoho,Zoho Only — Never Booked,2026-04-14
ZCR-107979,ZCR-107979,,Ariana,Nichols,,(088) 937-2688,2024-08-08,,0,0.0,,No DaySmart Record,Converted,invalid,Prospect Rule,Invalid email — no booking,50,33,Zoho,Zoho Only — Never Booked,2026-04-14
ZCR-107984,ZCR-107984,,Robin,Barnes,,(811) 227-0988,2025-11-11,,0,0.0,,No DaySmart Record,Qualified,invalid,Prospect Rule,Invalid email — no booking,10,1,Zoho,Zoho Only — Never Booked,2026-04-14
ZCR-108006,ZCR-108006,,Gary,Mcdonald,,(691) 814-9457,2025-11-19,,0,0.0,,No DaySmart Record,Working,abuse,Prospect Rule,Invalid email — no booking,89,16,Zoho,Zoho Only — Never Booked,2026-04-14
ZCR-108018,ZCR-108018,,Heather,Yates,,(884) 976-8091,2025-12-14,,0,0.0,,No DaySmart Record,Converted,invalid,Prospect Rule,Invalid email — no booking,82,30,Zoho,Zoho Only — Never Booked,2026-04-14
ZCR-108022,ZCR-108022,,Michael,Wright,,(588) 655-2604,2025-12-16,,0,0.0,,No DaySmart Record,New,invalid,Prospect Rule,Invalid email — no booking,61,0,Zoho,Zoho Only — Never Booked,2026-04-14
ZCR-108028,ZCR-108028,,Tiffany,Randolph,,(850) 240-5785,2024-05-01,,0,0.0,,No DaySmart Record,Working,invalid,Prospect Rule,Invalid email — no booking,91,35,Zoho,Zoho Only — Never Booked,2026-04-14
ZCR-108029,ZCR-108029,,Julia,Farley,,(249) 616-4343,2025-03-28,,0,0.0,,No DaySmart Record,Working,spamtrap,Prospect Rule,Invalid email — no booking,54,3,Zoho,Zoho Only — Never Booked,2026-04-14
ZCR-108030,ZCR-108030,,Jody,Smith,,(725) 114-4854,2025-09-19,,0,0.0,,No DaySmart Record,Working,invalid,Prospect Rule,Invalid email — no booking,27,22,Zoho,Zoho Only — Never Booked,2026-04-14
ZCR-108037,ZCR-108037,,Calvin,Harding,,(317) 860-8395,2024-10-03,,0,0.0,,No DaySmart Record,Converted,invalid,Prospect Rule,Invalid email — no booking,39,31,Zoho,Zoho Only — Never Booked,2026-04-14
ZCR-108039,ZCR-108039,,Monica,Lucas,,(211) 698-8921,2025-10-30,,0,0.0,,No DaySmart Record,Unqualified,invalid,Prospect Rule,Invalid email — no booking,65,52,Zoho,Zoho Only — Never Booked,2026-04-14
ZCR-108050,ZCR-108050,,Hannah,Warner,,(434) 367-9471,2025-06-26,,0,0.0,,No DaySmart Record,Converted,invalid,Prospect Rule,Invalid email — no booking,114,8,Zoho,Zoho Only — Never Booked,2026-04-14
ZCR-108064,ZCR-108064,,Derek,Guzman,,(848) 004-2077,2024-08-12,,0,0.0,,No DaySmart Record,New,invalid,Prospect Rule,Invalid email — no booking,72,42,Zoho,Zoho Only — Never Booked,2026-04-14
ZCR-108091,ZCR-108091,,Anne,Nguyen,,(881) 529-3919,2026-03-24,,0,0.0,,No DaySmart Record,Qualified,abuse,Prospect Rule,Invalid email — no booking,66,36,Zoho,Zoho Only — Never Booked,2026-04-14
ZCR-108098,ZCR-108098,,Richard,Williams,,(990) 207-1473,2024-08-18,,0,0.0,,No DaySmart Record,Unqualified,spamtrap,Prospect Rule,Invalid email — no booking,13,2,Zoho,Zoho Only — Never Booked,2026-04-14
ZCR-108113,ZCR-108113,,Andrea,Lane,,(325) 708-5546,2024-12-25,,0,0.0,,No DaySmart Record,Unqualified,invalid,Prospect Rule,Invalid email — no booking,120,45,Zoho,Zoho Only — Never Booked,2026-04-14
ZCR-108138,ZCR-108138,,Richard,Flores,,(818) 416-2689,2025-01-13,,0,0.0,,No DaySmart Record,Unqualified,invalid,Prospect Rule,Invalid email — no booking,48,38,Zoho,Zoho Only — Never Booked,2026-04-14
ZCR-108152,ZCR-108152,,Robert,Bell,,(838) 003-6269,2025-06-11,,0,0.0,,No DaySmart Record,Qualified,invalid,Prospect Rule,Invalid email — no booking,9,8,Zoho,Zoho Only — Never Booked,2026-04-14
ZCR-108153,ZCR-108153,,Carol,Warner,,(607) 414-9282,2026-02-14,,0,0.0,,No DaySmart Record,Working,invalid,Prospect Rule,Invalid email — no booking,38,12,Zoho,Zoho Only — Never Booked,2026-04-14
ZCR-108155,ZCR-108155,,Elizabeth,Martinez,,(716) 209-8256,2024-05-21,,0,0.0,,No DaySmart Record,New,invalid,Prospect Rule,Invalid email — no booking,8,5,Zoho,Zoho Only — Never Booked,2026-04-14
ZCR-108163,ZCR-108163,,Mark,Schneider,,(142) 601-3099,2024-04-20,,0,0.0,,No DaySmart Record,Qualified,invalid,Prospect Rule,Invalid email — no booking,21,16,Zoho,Zoho Only — Never Booked,2026-04-14
ZCR-108177,ZCR-108177,,Antonio,Perkins,,(324) 135-0875,2026-03-16,,0,0.0,,No DaySmart Record,Converted,spamtrap,Prospect Rule,Invalid email — no booking,98,30,Zoho,Zoho Only — Never Booked,2026-04-14
ZCR-108181,ZCR-108181,,Maria,Potts,,(161) 800-3067,2024-10-23,,0,0.0,,No DaySmart Record,New,invalid,Prospect Rule,Invalid email — no booking,99,15,Zoho,Zoho Only — Never Booked,2026-04-14
ZCR-108185,ZCR-108185,,Riley,Craig,,(218) 076-3547,2025-03-11,,0,0.0,,No DaySmart Record,Qualified,invalid,Prospect Rule,Invalid email — no booking,34,3,Zoho,Zoho Only — Never Booked,2026-04-14
ZCR-108199,ZCR-108199,,Alex,Johnson,,(874) 443-5919,2025-03-19,,0,0.0,,No DaySmart Record,Working,abuse,Prospect Rule,Invalid email — no booking,26,2,Zoho,Zoho Only — Never Booked,2026-04-14
ZCR-108204,ZCR-108204,,Andrew,Christensen MD,,(240) 466-5836,2024-11-14,,0,0.0,,No DaySmart Record,Working,invalid,Prospect Rule,Invalid email — no booking,82,22,Zoho,Zoho Only — Never Booked,2026-04-14
ZCR-108208,ZCR-108208,,Joshua,Foster,,(078) 172-6106,2025-12-21,,0,0.0,,No DaySmart Record,Qualified,spamtrap,Prospect Rule,Invalid email — no booking,101,28,Zoho,Zoho Only — Never Booked,2026-04-14
ZCR-108209,ZCR-108209,,Jamie,Estrada,,(596) 163-7794,2025-01-02,,0,0.0,,No DaySmart Record,Converted,invalid,Prospect Rule,Invalid email — no booking,15,0,Zoho,Zoho Only — Never Booked,2026-04-14
ZCR-108225,ZCR-108225,,Chris,Douglas,,(463) 643-3996,2025-06-24,,0,0.0,,No DaySmart Record,Working,invalid,Prospect Rule,Invalid email — no booking,16,4,Zoho,Zoho Only — Never Booked,2026-04-14
ZCR-108231,ZCR-108231,,Holly,West,,(979) 123-1931,2025-05-11,,0,0.0,,No DaySmart Record,Unqualified,invalid,Prospect Rule,Invalid email — no booking,117,11,Zoho,Zoho Only — Never Booked,2026-04-14
ZCR-108241,ZCR-108241,,Kimberly,Burke,,(607) 575-8212,2025-12-11,,0,0.0,,No DaySmart Record,Qualified,invalid,Prospect Rule,Invalid email — no booking,63,14,Zoho,Zoho Only — Never Booked,2026-04-14
ZCR-108242,ZCR-108242,,Amanda,Martin,,(960) 626-3598,2025-07-12,,0,0.0,,No DaySmart Record,Converted,invalid,Prospect Rule,Invalid email — no booking,108,5,Zoho,Zoho Only — Never Booked,2026-04-14
ZCR-108266,ZCR-108266,,Justin,Woods,,(581) 415-0247,2025-04-29,,0,0.0,,No DaySmart Record,Working,invalid,Prospect Rule,Invalid email — no booking,46,25,Zoho,Zoho Only — Never Booked,2026-04-14
ZCR-108267,ZCR-108267,,Michael,Mcmahon,,(267) 733-9345,2025-07-23,,0,0.0,,No DaySmart Record,Qualified,abuse,Prospect Rule,Invalid email — no booking,68,51,Zoho,Zoho Only — Never Booked,2026-04-14
ZCR-108270,ZCR-108270,,David,Kim,,(116) 623-4990,2024-09-14,,0,0.0,,No DaySmart Record,Working,invalid,Prospect Rule,Invalid email — no booking,2,2,Zoho,Zoho Only — Never Booked,2026-04-14
ZCR-108291,ZCR-108291,,Melissa,Mason,,(073) 160-9516,2026-02-26,,0,0.0,,No DaySmart Record,Qualified,invalid,Prospect Rule,Invalid email — no booking,95,21,Zoho,Zoho Only — Never Booked,2026-04-14
ZCR-108306,ZCR-108306,,Alexis,Robinson,,(339) 006-8923,2025-12-16,,0,0.0,,No DaySmart Record,Qualified,abuse,Prospect Rule,Invalid email — no booking,53,30,Zoho,Zoho Only — Never Booked,2026-04-14
ZCR-108314,ZCR-108314,,Rebecca,Scott,,(835) 660-7530,2024-09-15,,0,0.0,,No DaySmart Record,New,spamtrap,Prospect Rule,Invalid email — no booking,83,30,Zoho,Zoho Only — Never Booked,2026-04-14
ZCR-108318,ZCR-108318,,Heather,Jensen,,(157) 138-9540,2025-01-20,,0,0.0,,No DaySmart Record,Working,abuse,Prospect Rule,Invalid email — no booking,15,10,Zoho,Zoho Only — Never Booked,2026-04-14
ZCR-108326,ZCR-108326,,Penny,Underwood,,(806) 662-3619,2026-01-13,,0,0.0,,No DaySmart Record,Working,invalid,Prospect Rule,Invalid email — no booking,41,31,Zoho,Zoho Only — Never Booked,2026-04-14
ZCR-108352,ZCR-108352,,Mark,Beltran,,(622) 985-6042,2025-04-03,,0,0.0,,No DaySmart Record,Working,invalid,Prospect Rule,Invalid email — no booking,52,14,Zoho,Zoho Only — Never Booked,2026-04-14
ZCR-108362,ZCR-108362,,Patricia,Williams,,(368) 923-4950,2025-02-08,,0,0.0,,No DaySmart Record,Unqualified,invalid,Prospect Rule,Invalid email — no booking,27,13,Zoho,Zoho Only — Never Booked,2026-04-14
ZCR-108363,ZCR-108363,,Sarah,Meza,,(991) 083-6428,2024-06-29,,0,0.0,,No DaySmart Record,Working,invalid,Prospect Rule,Invalid email — no booking,71,27,Zoho,Zoho Only — Never Booked,2026-04-14
ZCR-108365,ZCR-108365,,Christopher,Turner,,(057) 300-7240,2025-02-17,,0,0.0,,No DaySmart Record,Converted,spamtrap,Prospect Rule,Invalid email — no booking,20,15,Zoho,Zoho Only — Never Booked,2026-04-14
ZCR-108367,ZCR-108367,,Shawn,Brown,,(574) 551-9959,2025-02-09,,0,0.0,,No DaySmart Record,New,invalid,Prospect Rule,Invalid email — no booking,25,7,Zoho,Zoho Only — Never Booked,2026-04-14
ZCR-108379,ZCR-108379,,Ryan,Pierce,,(500) 456-3622,2025-08-24,,0,0.0,,No DaySmart Record,Converted,spamtrap,Prospect Rule,Invalid email — no booking,71,33,Zoho,Zoho Only — Never Booked,2026-04-14
ZCR-108392,ZCR-108392,,Brittney,Ramos,,(817) 844-5372,2024-12-30,,0,0.0,,No DaySmart Record,New,invalid,Prospect Rule,Invalid email — no booking,60,41,Zoho,Zoho Only — Never Booked,2026-04-14
ZCR-108405,ZCR-108405,,Ryan,Khan,,(510) 977-0662,2024-11-18,,0,0.0,,No DaySmart Record,Unqualified,abuse,Prospect Rule,Invalid email — no booking,18,18,Zoho,Zoho Only — Never Booked,2026-04-14
ZCR-108433,ZCR-108433,,Wendy,Mclaughlin,,(383) 893-6749,2025-08-07,,0,0.0,,No DaySmart Record,Converted,abuse,Prospect Rule,Invalid email — no booking,66,34,Zoho,Zoho Only — Never Booked,2026-04-14
ZCR-108435,ZCR-108435,,Michael,Thornton,,(209) 138-1117,2024-09-25,,0,0.0,,No DaySmart Record,Unqualified,invalid,Prospect Rule,Invalid email — no booking,62,59,Zoho,Zoho Only — Never Booked,2026-04-14
ZCR-108438,ZCR-108438,,Christopher,Oliver,,(172) 900-0303,2026-03-07,,0,0.0,,No DaySmart Record,Converted,invalid,Prospect Rule,Invalid email — no booking,20,5,Zoho,Zoho Only — Never Booked,2026-04-14
ZCR-108441,ZCR-108441,,Dana,Roth,,(149) 923-4740,2025-10-14,,0,0.0,,No DaySmart Record,Converted,spamtrap,Prospect Rule,Invalid email — no booking,92,48,Zoho,Zoho Only — Never Booked,2026-04-14
ZCR-108450,ZCR-108450,,Gregory,Baird,,(184) 650-8659,2026-01-06,,0,0.0,,No DaySmart Record,New,invalid,Prospect Rule,Invalid email — no booking,56,51,Zoho,Zoho Only — Never Booked,2026-04-14
ZCR-108461,ZCR-108461,,Ryan,Smith,,(870) 857-3906,2024-05-14,,0,0.0,,No DaySmart Record,Working,invalid,Prospect Rule,Invalid email — no booking,84,46,Zoho,Zoho Only — Never Booked,2026-04-14
ZCR-108464,ZCR-108464,,Dr.,Steven Watts,,(803) 746-6705,2025-04-20,,0,0.0,,No DaySmart Record,Unqualified,spamtrap,Prospect Rule,Invalid email — no booking,60,1,Zoho,Zoho Only — Never Booked,2026-04-14
ZCR-108489,ZCR-108489,,Jason,Pearson,,(156) 562-9929,2026-01-02,,0,0.0,,No DaySmart Record,Qualified,abuse,Prospect Rule,Invalid email — no booking,90,58,Zoho,Zoho Only — Never Booked,2026-04-14
ZCR-108492,ZCR-108492,,Jamie,Rodriguez,,(847) 246-6806,2024-05-18,,0,0.0,,No DaySmart Record,Unqualified,invalid,Prospect Rule,Invalid email — no booking,73,23,Zoho,Zoho Only — Never Booked,2026-04-14
ZCR-108495,ZCR-108495,,James,Aguilar,,(817) 531-0424,2025-07-20,,0,0.0,,No DaySmart Record,Converted,invalid,Prospect Rule,Invalid email — no booking,109,56,Zoho,Zoho Only — Never Booked,2026-04-14
ZCR-108499,ZCR-108499,,John,Little,,(339) 902-4445,2025-08-11,,0,0.0,,No DaySmart Record,Unqualified,invalid,Prospect Rule,Invalid email — no booking,2,1,Zoho,Zoho Only — Never Booked,2026-04-14
ZCR-108529,ZCR-108529,,Douglas,Clark,,(149) 602-6281,2024-08-07,,0,0.0,,No DaySmart Record,Unqualified,invalid,Prospect Rule,Invalid email — no booking,50,44,Zoho,Zoho Only — Never Booked,2026-04-14
ZCR-108532,ZCR-108532,,Christopher,Wright,,(037) 602-6991,2025-07-05,,0,0.0,,No DaySmart Record,Unqualified,invalid,Prospect Rule,Invalid email — no booking,87,58,Zoho,Zoho Only — Never Booked,2026-04-14
ZCR-108536,ZCR-108536,,Travis,Dyer,,(660) 106-5827,2026-02-06,,0,0.0,,No DaySmart Record,Unqualified,invalid,Prospect Rule,Invalid email — no booking,5,2,Zoho,Zoho Only — Never Booked,2026-04-14
ZCR-108545,ZCR-108545,,Adam,Potter,,(977) 667-7295,2024-08-14,,0,0.0,,No DaySmart Record,Qualified,spamtrap,Prospect Rule,Invalid email — no booking,18,9,Zoho,Zoho Only — Never Booked,2026-04-14
ZCR-108549,ZCR-108549,,Jessica,Castro,,(360) 390-0497,2024-05-26,,0,0.0,,No DaySmart Record,New,spamtrap,Prospect Rule,Invalid email — no booking,28,0,Zoho,Zoho Only — Never Booked,2026-04-14
ZCR-108551,ZCR-108551,,James,Dunn,,(741) 295-3473,2025-07-01,,0,0.0,,No DaySmart Record,New,invalid,Prospect Rule,Invalid email — no booking,21,19,Zoho,Zoho Only — Never Booked,2026-04-14
ZCR-108557,ZCR-108557,,Barbara,Hoffman,,(808) 676-4276,2025-09-18,,0,0.0,,No DaySmart Record,Unqualified,invalid,Prospect Rule,Invalid email — no booking,47,44,Zoho,Zoho Only — Never Booked,2026-04-14
ZCR-108558,ZCR-108558,,Tina,Norton,,(123) 842-2917,2024-11-25,,0,0.0,,No DaySmart Record,Converted,abuse,Prospect Rule,Invalid email — no booking,29,19,Zoho,Zoho Only — Never Booked,2026-04-14
ZCR-108576,ZCR-108576,,Tonya,Williams,,(025) 384-0528,2025-09-29,,0,0.0,,No DaySmart Record,Converted,invalid,Prospect Rule,Invalid email — no booking,47,38,Zoho,Zoho Only — Never Booked,2026-04-14
ZCR-108586,ZCR-108586,,Laura,White,,(164) 311-2640,2026-03-10,,0,0.0,,No DaySmart Record,Converted,invalid,Prospect Rule,Invalid email — no booking,109,60,Zoho,Zoho Only — Never Booked,2026-04-14
ZCR-108611,ZCR-108611,,Lindsey,Clark,,(457) 700-9622,2024-05-23,,0,0.0,,No DaySmart Record,Converted,abuse,Prospect Rule,Invalid email — no booking,62,8,Zoho,Zoho Only — Never Booked,2026-04-14
ZCR-108622,ZCR-108622,,Tiffany,Mcdaniel,,(105) 767-6346,2024-12-12,,0,0.0,,No DaySmart Record,Working,invalid,Prospect Rule,Invalid email — no booking,34,10,Zoho,Zoho Only — Never Booked,2026-04-14
ZCR-108623,ZCR-108623,,Christina,Martin,,(012) 299-7662,2025-08-15,,0,0.0,,No DaySmart Record,Converted,invalid,Prospect Rule,Invalid email — no booking,120,51,Zoho,Zoho Only — Never Booked,2026-04-14
ZCR-108637,ZCR-108637,,Megan,Wise,,(804) 249-8765,2025-05-18,,0,0.0,,No DaySmart Record,Working,invalid,Prospect Rule,Invalid email — no booking,34,14,Zoho,Zoho Only — Never Booked,2026-04-14
ZCR-108647,ZCR-108647,,Ruben,Jones,,(607) 230-7311,2026-01-19,,0,0.0,,No DaySmart Record,Unqualified,invalid,Prospect Rule,Invalid email — no booking,8,2,Zoho,Zoho Only — Never Booked,2026-04-14
ZCR-108648,ZCR-108648,,Shannon,Curtis MD,,(850) 607-4479,2025-02-15,,0,0.0,,No DaySmart Record,Converted,spamtrap,Prospect Rule,Invalid email — no booking,18,11,Zoho,Zoho Only — Never Booked,2026-04-14
ZCR-108649,ZCR-108649,,Jennifer,Newman,,(496) 115-2585,2024-07-08,,0,0.0,,No DaySmart Record,New,invalid,Prospect Rule,Invalid email — no booking,116,6,Zoho,Zoho Only — Never Booked,2026-04-14
ZCR-108655,ZCR-108655,,Melissa,Mccoy,,(568) 957-9176,2025-09-25,,0,0.0,,No DaySmart Record,Unqualified,spamtrap,Prospect Rule,Invalid email — no booking,92,59,Zoho,Zoho Only — Never Booked,2026-04-14
ZCR-108657,ZCR-108657,,Dustin,Allen,,(183) 966-9446,2026-02-02,,0,0.0,,No DaySmart Record,Converted,spamtrap,Prospect Rule,Invalid email — no booking,43,8,Zoho,Zoho Only — Never Booked,2026-04-14
ZCR-108658,ZCR-108658,,Katherine,Martin MD,,(904) 693-6022,2025-10-28,,0,0.0,,No DaySmart Record,Working,invalid,Prospect Rule,Invalid email — no booking,78,13,Zoho,Zoho Only — Never Booked,2026-04-14
ZCR-108671,ZCR-108671,,Leonard,Griffith,,(764) 654-9862,2024-06-24,,0,0.0,,No DaySmart Record,New,invalid,Prospect Rule,Invalid email — no booking,54,23,Zoho,Zoho Only — Never Booked,2026-04-14
ZCR-108673,ZCR-108673,,Cassie,Norton,,(765) 737-1056,2024-12-31,,0,0.0,,No DaySmart Record,Unqualified,abuse,Prospect Rule,Invalid email — no booking,86,39,Zoho,Zoho Only — Never Booked,2026-04-14
ZCR-108675,ZCR-108675,,Dale,White,,(836) 135-5704,2024-10-31,,0,0.0,,No DaySmart Record,New,invalid,Prospect Rule,Invalid email — no booking,99,45,Zoho,Zoho Only — Never Booked,2026-04-14
ZCR-108677,ZCR-108677,,Joy,Nelson,,(912) 160-5163,2024-08-26,,0,0.0,,No DaySmart Record,Qualified,invalid,Prospect Rule,Invalid email — no booking,111,35,Zoho,Zoho Only — Never Booked,2026-04-14
ZCR-108685,ZCR-108685,,Michael,Bryant,,(782) 852-0917,2026-03-13,,0,0.0,,No DaySmart Record,Converted,invalid,Prospect Rule,Invalid email — no booking,77,6,Zoho,Zoho Only — Never Booked,2026-04-14
ZCR-108690,ZCR-108690,,Patrick,Carter,,(443) 010-0968,2025-05-15,,0,0.0,,No DaySmart Record,Qualified,invalid,Prospect Rule,Invalid email — no booking,69,59,Zoho,Zoho Only — Never Booked,2026-04-14
ZCR-108711,ZCR-108711,,Elizabeth,Torres,,(131) 381-5606,2024-08-22,,0,0.0,,No DaySmart Record,Working,abuse,Prospect Rule,Invalid email — no booking,100,1,Zoho,Zoho Only — Never Booked,2026-04-14
ZCR-108720,ZCR-108720,,Christopher,Bryan,,(831) 670-1678,2026-03-22,,0,0.0,,No DaySmart Record,Converted,invalid,Prospect Rule,Invalid email — no booking,71,5,Zoho,Zoho Only — Never Booked,2026-04-14
ZCR-108721,ZCR-108721,,David,Carlson,,(691) 092-1492,2025-12-26,,0,0.0,,No DaySmart Record,New,invalid,Prospect Rule,Invalid email — no booking,116,10,Zoho,Zoho Only — Never Booked,2026-04-14
ZCR-108726,ZCR-108726,,Jennifer,Evans,,(482) 268-4897,2024-08-29,,0,0.0,,No DaySmart Record,Unqualified,invalid,Prospect Rule,Invalid email — no booking,55,50,Zoho,Zoho Only — Never Booked,2026-04-14
ZCR-108727,ZCR-108727,,Robert,Martinez,,(573) 297-4288,2025-03-21,,0,0.0,,No DaySmart Record,Unqualified,spamtrap,Prospect Rule,Invalid email — no booking,34,4,Zoho,Zoho Only — Never Booked,2026-04-14
ZCR-108751,ZCR-108751,,Jennifer,Martinez,,(232) 884-6799,2024-12-13,,0,0.0,,No DaySmart Record,Qualified,spamtrap,Prospect Rule,Invalid email — no booking,94,53,Zoho,Zoho Only — Never Booked,2026-04-14
ZCR-108756,ZCR-108756,,Carrie,Harris,,(236) 703-9864,2025-12-26,,0,0.0,,No DaySmart Record,Qualified,invalid,Prospect Rule,Invalid email — no booking,63,39,Zoho,Zoho Only — Never Booked,2026-04-14
ZCR-108761,ZCR-108761,,John,Morrison,,(705) 230-7826,2026-01-22,,0,0.0,,No DaySmart Record,Converted,invalid,Prospect Rule,Invalid email — no booking,91,60,Zoho,Zoho Only — Never Booked,2026-04-14
ZCR-108772,ZCR-108772,,Jeremy,Williams,,(856) 629-6471,2026-02-07,,0,0.0,,No DaySmart Record,Working,invalid,Prospect Rule,Invalid email — no booking,83,37,Zoho,Zoho Only — Never Booked,2026-04-14
ZCR-108774,ZCR-108774,,Susan,Dalton,,(671) 723-3115,2025-05-14,,0,0.0,,No DaySmart Record,Unqualified,invalid,Prospect Rule,Invalid email — no booking,97,58,Zoho,Zoho Only — Never Booked,2026-04-14
ZCR-108777,ZCR-108777,,Lisa,Glass,,(014) 730-3881,2025-11-10,,0,0.0,,No DaySmart Record,Unqualified,invalid,Prospect Rule,Invalid email — no booking,88,28,Zoho,Zoho Only — Never Booked,2026-04-14
ZCR-108778,ZCR-108778,,Bryan,Summers,,(460) 565-4054,2025-05-29,,0,0.0,,No DaySmart Record,Qualified,invalid,Prospect Rule,Invalid email — no booking,66,34,Zoho,Zoho Only — Never Booked,2026-04-14
ZCR-108783,ZCR-108783,,Richard,Johnson,,(815) 736-9709,2025-02-12,,0,0.0,,No DaySmart Record,Unqualified,spamtrap,Prospect Rule,Invalid email — no booking,22,19,Zoho,Zoho Only — Never Booked,2026-04-14
ZCR-108794,ZCR-108794,,Joshua,Moore,,(104) 438-7888,2024-07-18,,0,0.0,,No DaySmart Record,New,invalid,Prospect Rule,Invalid email — no booking,15,0,Zoho,Zoho Only — Never Booked,2026-04-14
ZCR-108797,ZCR-108797,,Heather,Rowland,,(373) 735-5686,2026-03-10,,0,0.0,,No DaySmart Record,Working,invalid,Prospect Rule,Invalid email — no booking,108,60,Zoho,Zoho Only — Never Booked,2026-04-14
ZCR-108804,ZCR-108804,,Jamie,Carter,,(762) 054-7906,2024-06-19,,0,0.0,,No DaySmart Record,Qualified,invalid,Prospect Rule,Invalid email — no booking,35,15,Zoho,Zoho Only — Never Booked,2026-04-14
ZCR-108807,ZCR-108807,,Nicholas,Stephens,,(712) 636-2749,2024-05-23,,0,0.0,,No DaySmart Record,New,invalid,Prospect Rule,Invalid email — no booking,103,23,Zoho,Zoho Only — Never Booked,2026-04-14
ZCR-108808,ZCR-108808,,Amy,Hawkins,,(993) 189-7604,2024-06-17,,0,0.0,,No DaySmart Record,Unqualified,invalid,Prospect Rule,Invalid email — no booking,6,3,Zoho,Zoho Only — Never Booked,2026-04-14
ZCR-108817,ZCR-108817,,Dr.,Melinda Peters,,(038) 021-9922,2024-10-28,,0,0.0,,No DaySmart Record,Unqualified,abuse,Prospect Rule,Invalid email — no booking,76,18,Zoho,Zoho Only — Never Booked,2026-04-14
ZCR-108844,ZCR-108844,,Martin,Wade,,(105) 620-6162,2025-01-13,,0,0.0,,No DaySmart Record,Qualified,spamtrap,Prospect Rule,Invalid email — no booking,97,55,Zoho,Zoho Only — Never Booked,2026-04-14
ZCR-108850,ZCR-108850,,Robert,Gibson,,(473) 372-3396,2024-12-21,,0,0.0,,No DaySmart Record,Working,invalid,Prospect Rule,Invalid email — no booking,59,38,Zoho,Zoho Only — Never Booked,2026-04-14
ZCR-108854,ZCR-108854,,Laurie,Jordan,,(855) 669-0687,2025-04-04,,0,0.0,,No DaySmart Record,Converted,invalid,Prospect Rule,Invalid email — no booking,16,4,Zoho,Zoho Only — Never Booked,2026-04-14
ZCR-108862,ZCR-108862,,Michael,Terry,,(445) 947-6879,2024-07-13,,0,0.0,,No DaySmart Record,Qualified,invalid,Prospect Rule,Invalid email — no booking,50,19,Zoho,Zoho Only — Never Booked,2026-04-14
ZCR-108870,ZCR-108870,,Ashley,Mullen,,(026) 741-2278,2024-06-23,,0,0.0,,No DaySmart Record,Qualified,spamtrap,Prospect Rule,Invalid email — no booking,64,49,Zoho,Zoho Only — Never Booked,2026-04-14
ZCR-108897,ZCR-108897,,Kari,Clay,,(146) 809-1899,2024-12-10,,0,0.0,,No DaySmart Record,Unqualified,invalid,Prospect Rule,Invalid email — no booking,88,16,Zoho,Zoho Only — Never Booked,2026-04-14
ZCR-108908,ZCR-108908,,Sophia,Green,,(169) 108-5283,2025-12-28,,0,0.0,,No DaySmart Record,Working,spamtrap,Prospect Rule,Invalid email — no booking,8,2,Zoho,Zoho Only — Never Booked,2026-04-14
ZCR-108914,ZCR-108914,,Rebecca,Harris,,(527) 068-7131,2025-02-18,,0,0.0,,No DaySmart Record,Qualified,invalid,Prospect Rule,Invalid email — no booking,88,24,Zoho,Zoho Only — Never Booked,2026-04-14
ZCR-108915,ZCR-108915,,Richard,Nichols,,(183) 169-2131,2025-07-19,,0,0.0,,No DaySmart Record,Unqualified,abuse,Prospect Rule,Invalid email — no booking,29,3,Zoho,Zoho Only — Never Booked,2026-04-14
ZCR-108924,ZCR-108924,,Paul,Davis DDS,,(100) 820-5080,2024-05-16,,0,0.0,,No DaySmart Record,Converted,invalid,Prospect Rule,Invalid email — no booking,57,44,Zoho,Zoho Only — Never Booked,2026-04-14
ZCR-108934,ZCR-108934,,Vickie,Chavez,,(922) 428-2176,2024-12-18,,0,0.0,,No DaySmart Record,Qualified,invalid,Prospect Rule,Invalid email — no booking,58,4,Zoho,Zoho Only — Never Booked,2026-04-14
ZCR-108940,ZCR-108940,,Kenneth,Gonzalez,,(438) 445-4098,2024-06-13,,0,0.0,,No DaySmart Record,Working,abuse,Prospect Rule,Invalid email — no booking,24,17,Zoho,Zoho Only — Never Booked,2026-04-14
ZCR-108945,ZCR-108945,,John,Black,,(494) 709-4380,2024-11-10,,0,0.0,,No DaySmart Record,Qualified,invalid,Prospect Rule,Invalid email — no booking,111,23,Zoho,Zoho Only — Never Booked,2026-04-14
ZCR-108955,ZCR-108955,,Kimberly,Jacobs,,(816) 281-0322,2024-10-24,,0,0.0,,No DaySmart Record,Unqualified,invalid,Prospect Rule,Invalid email — no booking,106,8,Zoho,Zoho Only — Never Booked,2026-04-14
ZCR-108963,ZCR-108963,,Jacqueline,Allen,,(902) 452-4376,2025-12-03,,0,0.0,,No DaySmart Record,Working,spamtrap,Prospect Rule,Invalid email — no booking,28,26,Zoho,Zoho Only — Never Booked,2026-04-14
ZCR-108964,ZCR-108964,,Aaron,Quinn MD,,(910) 915-9574,2026-02-03,,0,0.0,,No DaySmart Record,Converted,abuse,Prospect Rule,Invalid email — no booking,110,1,Zoho,Zoho Only — Never Booked,2026-04-14
ZCR-108967,ZCR-108967,,Michelle,Caldwell,,(829) 720-9761,2024-07-12,,0,0.0,,No DaySmart Record,New,spamtrap,Prospect Rule,Invalid email — no booking,44,12,Zoho,Zoho Only — Never Booked,2026-04-14
ZCR-108974,ZCR-108974,,Nicole,Roberts DDS,,(473) 971-3570,2025-11-22,,0,0.0,,No DaySmart Record,Unqualified,invalid,Prospect Rule,Invalid email — no booking,97,60,Zoho,Zoho Only — Never Booked,2026-04-14
ZCR-108978,ZCR-108978,,Carolyn,Norton,,(841) 574-4245,2024-04-22,,0,0.0,,No DaySmart Record,Working,invalid,Prospect Rule,Invalid email — no booking,83,49,Zoho,Zoho Only — Never Booked,2026-04-14
ZCR-108983,ZCR-108983,,Shawna,Mathis,,(997) 167-1434,2024-10-10,,0,0.0,,No DaySmart Record,Unqualified,abuse,Prospect Rule,Invalid email — no booking,83,10,Zoho,Zoho Only — Never Booked,2026-04-14
ZCR-108984,ZCR-108984,,Michael,French,,(987) 302-0289,2026-03-22,,0,0.0,,No DaySmart Record,Qualified,spamtrap,Prospect Rule,Invalid email — no booking,113,17,Zoho,Zoho Only — Never Booked,2026-04-14
ZCR-108986,ZCR-108986,,Mercedes,Smith,,(732) 814-9386,2025-05-04,,0,0.0,,No DaySmart Record,New,spamtrap,Prospect Rule,Invalid email — no booking,30,4,Zoho,Zoho Only — Never Booked,2026-04-14
ZCR-108994,ZCR-108994,,Shaun,Harvey,,(862) 545-2329,2024-07-05,,0,0.0,,No DaySmart Record,Converted,spamtrap,Prospect Rule,Invalid email — no booking,58,12,Zoho,Zoho Only — Never Booked,2026-04-14
ZCR-108999,ZCR-108999,,Edward,Hodges,,(732) 688-8509,2025-09-16,,0,0.0,,No DaySmart Record,New,invalid,Prospect Rule,Invalid email — no booking,11,8,Zoho,Zoho Only — Never Booked,2026-04-14
ZCR-109007,ZCR-109007,,Nicole,Allen,,(742) 895-8542,2026-04-11,,0,0.0,,No DaySmart Record,Working,spamtrap,Prospect Rule,Invalid email — no booking,17,5,Zoho,Zoho Only — Never Booked,2026-04-14
ZCR-109008,ZCR-109008,,Paula,Sandoval,,(040) 924-2518,2025-01-05,,0,0.0,,No DaySmart Record,New,invalid,Prospect Rule,Invalid email — no booking,19,4,Zoho,Zoho Only — Never Booked,2026-04-14
ZCR-109018,ZCR-109018,,Priscilla,Li,,(056) 569-0161,2025-11-01,,0,0.0,,No DaySmart Record,Converted,invalid,Prospect Rule,Invalid email — no booking,120,5,Zoho,Zoho Only — Never Booked,2026-04-14
ZCR-109020,ZCR-109020,,Evelyn,Hughes,,(554) 342-0103,2024-06-06,,0,0.0,,No DaySmart Record,Unqualified,abuse,Prospect Rule,Invalid email — no booking,74,1,Zoho,Zoho Only — Never Booked,2026-04-14
ZCR-109022,ZCR-109022,,Desiree,Giles,,(566) 881-0186,2026-01-26,,0,0.0,,No DaySmart Record,New,spamtrap,Prospect Rule,Invalid email — no booking,69,22,Zoho,Zoho Only — Never Booked,2026-04-14
ZCR-109031,ZCR-109031,,Robert,Schneider,,(714) 567-2834,2025-07-27,,0,0.0,,No DaySmart Record,Working,invalid,Prospect Rule,Invalid email — no booking,98,37,Zoho,Zoho Only — Never Booked,2026-04-14
ZCR-109032,ZCR-109032,,John,Smith,,(182) 085-4679,2025-07-27,,0,0.0,,No DaySmart Record,Qualified,invalid,Prospect Rule,Invalid email — no booking,0,0,Zoho,Zoho Only — Never Booked,2026-04-14
ZCR-109036,ZCR-109036,,Amber,Clements,,(258) 225-9741,2024-12-30,,0,0.0,,No DaySmart Record,Converted,abuse,Prospect Rule,Invalid email — no booking,45,20,Zoho,Zoho Only — Never Booked,2026-04-14
ZCR-109048,ZCR-109048,,Danielle,Villarreal,,(785) 446-5213,2024-06-05,,0,0.0,,No DaySmart Record,Working,invalid,Prospect Rule,Invalid email — no booking,49,12,Zoho,Zoho Only — Never Booked,2026-04-14
ZCR-109060,ZCR-109060,,Sarah,Evans,,(100) 692-8235,2025-11-21,,0,0.0,,No DaySmart Record,New,invalid,Prospect Rule,Invalid email — no booking,108,43,Zoho,Zoho Only — Never Booked,2026-04-14
ZCR-109063,ZCR-109063,,David,Whitehead,,(930) 655-1950,2024-12-29,,0,0.0,,No DaySmart Record,New,invalid,Prospect Rule,Invalid email — no booking,12,2,Zoho,Zoho Only — Never Booked,2026-04-14
ZCR-109065,ZCR-109065,,Antonio,Schmidt,,(437) 795-2842,2026-04-04,,0,0.0,,No DaySmart Record,Converted,abuse,Prospect Rule,Invalid email — no booking,13,5,Zoho,Zoho Only — Never Booked,2026-04-14
ZCR-109069,ZCR-109069,,Catherine,Garza,,(256) 528-0333,2025-04-10,,0,0.0,,No DaySmart Record,Unqualified,abuse,Prospect Rule,Invalid email — no booking,31,10,Zoho,Zoho Only — Never Booked,2026-04-14
ZCR-109074,ZCR-109074,,Courtney,Becker,,(145) 465-2991,2024-12-23,,0,0.0,,No DaySmart Record,Converted,invalid,Prospect Rule,Invalid email — no booking,78,23,Zoho,Zoho Only — Never Booked,2026-04-14
ZCR-109094,ZCR-109094,,Rebecca,Gonzales,,(882) 758-4479,2025-02-18,,0,0.0,,No DaySmart Record,New,invalid,Prospect Rule,Invalid email — no booking,113,49,Zoho,Zoho Only — Never Booked,2026-04-14
ZCR-109097,ZCR-109097,,Scott,Gonzalez,,(469) 559-1999,2024-08-24,,0,0.0,,No DaySmart Record,Unqualified,invalid,Prospect Rule,Invalid email — no booking,10,10,Zoho,Zoho Only — Never Booked,2026-04-14
ZCR-109102,ZCR-109102,,Deanna,Hernandez,,(638) 040-6854,2025-11-28,,0,0.0,,No DaySmart Record,Unqualified,invalid,Prospect Rule,Invalid email — no booking,105,39,Zoho,Zoho Only — Never Booked,2026-04-14
ZCR-109103,ZCR-109103,,Dr.,Susan Melendez,,(257) 904-2596,2026-01-31,,0,0.0,,No DaySmart Record,Converted,invalid,Prospect Rule,Invalid email — no booking,100,34,Zoho,Zoho Only — Never Booked,2026-04-14
ZCR-109106,ZCR-109106,,Austin,Garcia,,(118) 217-7028,2026-03-16,,0,0.0,,No DaySmart Record,Unqualified,invalid,Prospect Rule,Invalid email — no booking,8,2,Zoho,Zoho Only — Never Booked,2026-04-14
ZCR-109110,ZCR-109110,,Grant,Thomas,,(062) 510-5231,2024-11-07,,0,0.0,,No DaySmart Record,Converted,invalid,Prospect Rule,Invalid email — no booking,26,3,Zoho,Zoho Only — Never Booked,2026-04-14
ZCR-109121,ZCR-109121,,Jennifer,Clayton,,(262) 343-1144,2025-01-30,,0,0.0,,No DaySmart Record,Qualified,abuse,Prospect Rule,Invalid email — no booking,68,18,Zoho,Zoho Only — Never Booked,2026-04-14
ZCR-109123,ZCR-109123,,Martha,Bowen,,(307) 035-9210,2024-05-26,,0,0.0,,No DaySmart Record,Converted,spamtrap,Prospect Rule,Invalid email — no booking,61,35,Zoho,Zoho Only — Never Booked,2026-04-14
ZCR-109128,ZCR-109128,,Kaitlin,Martinez,,(061) 355-7806,2024-10-04,,0,0.0,,No DaySmart Record,Working,invalid,Prospect Rule,Invalid email — no booking,30,8,Zoho,Zoho Only — Never Booked,2026-04-14
ZCR-109130,ZCR-109130,,Robert,Mitchell,,(635) 529-2338,2025-12-14,,0,0.0,,No DaySmart Record,Working,abuse,Prospect Rule,Invalid email — no booking,58,33,Zoho,Zoho Only — Never Booked,2026-04-14
ZCR-109143,ZCR-109143,,Tristan,Brown,,(659) 812-2290,2024-12-12,,0,0.0,,No DaySmart Record,Working,spamtrap,Prospect Rule,Invalid email — no booking,67,47,Zoho,Zoho Only — Never Booked,2026-04-14
ZCR-109144,ZCR-109144,,Parker,Henderson,,(827) 088-9539,2025-05-19,,0,0.0,,No DaySmart Record,Unqualified,invalid,Prospect Rule,Invalid email — no booking,70,23,Zoho,Zoho Only — Never Booked,2026-04-14
ZCR-109147,ZCR-109147,,Jared,Thomas,,(339) 250-5581,2025-03-17,,0,0.0,,No DaySmart Record,Unqualified,invalid,Prospect Rule,Invalid email — no booking,55,35,Zoho,Zoho Only — Never Booked,2026-04-14
ZCR-109167,ZCR-109167,,Lisa,Ware,,(934) 981-1267,2025-07-22,,0,0.0,,No DaySmart Record,New,invalid,Prospect Rule,Invalid email — no booking,57,26,Zoho,Zoho Only — Never Booked,2026-04-14
ZCR-109177,ZCR-109177,,Michelle,Duffy,,(439) 090-8706,2025-05-02,,0,0.0,,No DaySmart Record,Working,invalid,Prospect Rule,Invalid email — no booking,4,3,Zoho,Zoho Only — Never Booked,2026-04-14
ZCR-109184,ZCR-109184,,Alexandra,Watson,,(551) 381-1409,2026-01-02,,0,0.0,,No DaySmart Record,Converted,invalid,Prospect Rule,Invalid email — no booking,91,31,Zoho,Zoho Only — Never Booked,2026-04-14
ZCR-109185,ZCR-109185,,Sherri,Rose,,(690) 305-1975,2024-10-27,,0,0.0,,No DaySmart Record,Working,invalid,Prospect Rule,Invalid email — no booking,45,24,Zoho,Zoho Only — Never Booked,2026-04-14
ZCR-109186,ZCR-109186,,Jose,Morse,,(233) 833-1064,2024-11-07,,0,0.0,,No DaySmart Record,Working,invalid,Prospect Rule,Invalid email — no booking,1,1,Zoho,Zoho Only — Never Booked,2026-04-14
ZCR-109193,ZCR-109193,,Katie,Cook,,(516) 950-5271,2025-05-22,,0,0.0,,No DaySmart Record,New,invalid,Prospect Rule,Invalid email — no booking,42,32,Zoho,Zoho Only — Never Booked,2026-04-14
ZCR-109198,ZCR-109198,,Tina,Brown,,(866) 032-2610,2025-05-02,,0,0.0,,No DaySmart Record,Converted,spamtrap,Prospect Rule,Invalid email — no booking,46,26,Zoho,Zoho Only — Never Booked,2026-04-14
ZCR-109210,ZCR-109210,,Bernard,Martinez,,(201) 098-8618,2025-06-24,,0,0.0,,No DaySmart Record,Qualified,invalid,Prospect Rule,Invalid email — no booking,23,12,Zoho,Zoho Only — Never Booked,2026-04-14
ZCR-109215,ZCR-109215,,Jonathan,Logan,,(640) 124-3242,2024-08-21,,0,0.0,,No DaySmart Record,New,invalid,Prospect Rule,Invalid email — no booking,40,21,Zoho,Zoho Only — Never Booked,2026-04-14
ZCR-109237,ZCR-109237,,Daniel,Green,,(720) 248-9451,2026-02-22,,0,0.0,,No DaySmart Record,Working,invalid,Prospect Rule,Invalid email — no booking,56,25,Zoho,Zoho Only — Never Booked,2026-04-14
ZCR-109244,ZCR-109244,,Laura,Smith,,(449) 629-7594,2026-01-16,,0,0.0,,No DaySmart Record,Unqualified,invalid,Prospect Rule,Invalid email — no booking,67,59,Zoho,Zoho Only — Never Booked,2026-04-14
ZCR-109249,ZCR-109249,,Billy,Carson,,(861) 923-9932,2025-11-23,,0,0.0,,No DaySmart Record,Working,invalid,Prospect Rule,Invalid email — no booking,89,60,Zoho,Zoho Only — Never Booked,2026-04-14
ZCR-109260,ZCR-109260,,Donald,Warner,,(858) 085-6781,2025-02-05,,0,0.0,,No DaySmart Record,Converted,invalid,Prospect Rule,Invalid email — no booking,32,30,Zoho,Zoho Only — Never Booked,2026-04-14
ZCR-109265,ZCR-109265,,Mark,Bennett,,(488) 391-6236,2026-02-26,,0,0.0,,No DaySmart Record,Working,invalid,Prospect Rule,Invalid email — no booking,51,5,Zoho,Zoho Only — Never Booked,2026-04-14
ZCR-109268,ZCR-109268,,Justin,Jackson,,(695) 345-6369,2024-05-17,,0,0.0,,No DaySmart Record,Unqualified,invalid,Prospect Rule,Invalid email — no booking,30,13,Zoho,Zoho Only — Never Booked,2026-04-14
ZCR-109271,ZCR-109271,,Amber,Moore,,(693) 442-2849,2024-12-24,,0,0.0,,No DaySmart Record,New,invalid,Prospect Rule,Invalid email — no booking,77,19,Zoho,Zoho Only — Never Booked,2026-04-14
ZCR-109272,ZCR-109272,,Robin,Lopez,,(265) 910-1694,2026-02-01,,0,0.0,,No DaySmart Record,New,spamtrap,Prospect Rule,Invalid email — no booking,72,15,Zoho,Zoho Only — Never Booked,2026-04-14
ZCR-109286,ZCR-109286,,Craig,Taylor DDS,,(924) 772-3832,2025-04-07,,0,0.0,,No DaySmart Record,Unqualified,spamtrap,Prospect Rule,Invalid email — no booking,39,4,Zoho,Zoho Only — Never Booked,2026-04-14
ZCR-109287,ZCR-109287,,Michael,Gallegos,,(836) 677-7240,2026-03-15,,0,0.0,,No DaySmart Record,New,abuse,Prospect Rule,Invalid email — no booking,67,35,Zoho,Zoho Only — Never Booked,2026-04-14
ZCR-109290,ZCR-109290,,Amy,Anderson,,(987) 415-3478,2025-04-03,,0,0.0,,No DaySmart Record,Unqualified,invalid,Prospect Rule,Invalid email — no booking,64,0,Zoho,Zoho Only — Never Booked,2026-04-14
ZCR-109292,ZCR-109292,,Matthew,Sanford,,(891) 209-5208,2025-04-10,,0,0.0,,No DaySmart Record,New,abuse,Prospect Rule,Invalid email — no booking,47,22,Zoho,Zoho Only — Never Booked,2026-04-14
ZCR-109294,ZCR-109294,,Roger,Jenkins,,(403) 532-4838,2025-04-03,,0,0.0,,No DaySmart Record,New,invalid,Prospect Rule,Invalid email — no booking,70,50,Zoho,Zoho Only — Never Booked,2026-04-14
ZCR-109296,ZCR-109296,,Jennifer,Warren,,(626) 774-2730,2024-09-25,,0,0.0,,No DaySmart Record,New,invalid,Prospect Rule,Invalid email — no booking,80,24,Zoho,Zoho Only — Never Booked,2026-04-14
ZCR-109305,ZCR-109305,,Mrs.,Shannon Rosales DVM,,(238) 033-4668,2025-11-16,,0,0.0,,No DaySmart Record,Qualified,invalid,Prospect Rule,Invalid email — no booking,65,25,Zoho,Zoho Only — Never Booked,2026-04-14
ZCR-109314,ZCR-109314,,Cynthia,Hunt,,(384) 398-7062,2024-10-29,,0,0.0,,No DaySmart Record,New,abuse,Prospect Rule,Invalid email — no booking,56,1,Zoho,Zoho Only — Never Booked,2026-04-14
ZCR-109320,ZCR-109320,,Sarah,Conway,,(939) 077-2084,2025-07-01,,0,0.0,,No DaySmart Record,Qualified,invalid,Prospect Rule,Invalid email — no booking,93,6,Zoho,Zoho Only — Never Booked,2026-04-14
ZCR-109324,ZCR-109324,,William,Hernandez,,(570) 421-1696,2025-09-28,,0,0.0,,No DaySmart Record,Qualified,spamtrap,Prospect Rule,Invalid email — no booking,9,5,Zoho,Zoho Only — Never Booked,2026-04-14
ZCR-109326,ZCR-109326,,Monica,Coleman,,(671) 049-3969,2025-01-15,,0,0.0,,No DaySmart Record,New,invalid,Prospect Rule,Invalid email — no booking,57,30,Zoho,Zoho Only — Never Booked,2026-04-14
ZCR-109335,ZCR-109335,,John,Moore,,(285) 054-8716,2025-02-05,,0,0.0,,No DaySmart Record,Converted,invalid,Prospect Rule,Invalid email — no booking,51,17,Zoho,Zoho Only — Never Booked,2026-04-14
ZCR-109337,ZCR-109337,,Cindy,Rosario,,(628) 289-0470,2024-06-07,,0,0.0,,No DaySmart Record,Unqualified,abuse,Prospect Rule,Invalid email — no booking,77,10,Zoho,Zoho Only — Never Booked,2026-04-14
ZCR-109350,ZCR-109350,,Adrienne,Barnes,,(653) 534-3716,2024-08-06,,0,0.0,,No DaySmart Record,Converted,abuse,Prospect Rule,Invalid email — no booking,36,13,Zoho,Zoho Only — Never Booked,2026-04-14
ZCR-109356,ZCR-109356,,Matthew,Gonzalez,,(124) 939-0034,2025-09-28,,0,0.0,,No DaySmart Record,Converted,invalid,Prospect Rule,Invalid email — no booking,82,14,Zoho,Zoho Only — Never Booked,2026-04-14
ZCR-109357,ZCR-109357,,Maria,Dixon,,(417) 258-5243,2024-08-05,,0,0.0,,No DaySmart Record,New,invalid,Prospect Rule,Invalid email — no booking,53,40,Zoho,Zoho Only — Never Booked,2026-04-14
ZCR-109362,ZCR-109362,,Ian,Kennedy,,(646) 552-6506,2024-11-21,,0,0.0,,No DaySmart Record,Unqualified,invalid,Prospect Rule,Invalid email — no booking,93,49,Zoho,Zoho Only — Never Booked,2026-04-14
ZCR-109367,ZCR-109367,,Robert,Hernandez,,(753) 210-6768,2024-10-24,,0,0.0,,No DaySmart Record,New,spamtrap,Prospect Rule,Invalid email — no booking,112,19,Zoho,Zoho Only — Never Booked,2026-04-14
ZCR-109370,ZCR-109370,,Stephen,Shelton,,(936) 647-4687,2025-06-17,,0,0.0,,No DaySmart Record,Working,invalid,Prospect Rule,Invalid email — no booking,50,4,Zoho,Zoho Only — Never Booked,2026-04-14
ZCR-109375,ZCR-109375,,Kathy,Cooper,,(987) 741-8919,2024-08-26,,0,0.0,,No DaySmart Record,New,invalid,Prospect Rule,Invalid email — no booking,102,43,Zoho,Zoho Only — Never Booked,2026-04-14
ZCR-109376,ZCR-109376,,Tyrone,Cole,,(999) 147-4121,2024-09-03,,0,0.0,,No DaySmart Record,Qualified,spamtrap,Prospect Rule,Invalid email — no booking,71,36,Zoho,Zoho Only — Never Booked,2026-04-14
ZCR-109382,ZCR-109382,,Virginia,Haas,,(245) 558-8647,2025-04-18,,0,0.0,,No DaySmart Record,Unqualified,invalid,Prospect Rule,Invalid email — no booking,97,19,Zoho,Zoho Only — Never Booked,2026-04-14
ZCR-109383,ZCR-109383,,James,Vargas,,(351) 169-2639,2025-07-02,,0,0.0,,No DaySmart Record,Working,invalid,Prospect Rule,Invalid email — no booking,2,0,Zoho,Zoho Only — Never Booked,2026-04-14
ZCR-109385,ZCR-109385,,Melissa,Bender,,(146) 801-3476,2025-07-14,,0,0.0,,No DaySmart Record,Working,abuse,Prospect Rule,Invalid email — no booking,51,0,Zoho,Zoho Only — Never Booked,2026-04-14
ZCR-109386,ZCR-109386,,Christopher,Wilson,,(424) 692-1500,2024-06-03,,0,0.0,,No DaySmart Record,Unqualified,invalid,Prospect Rule,Invalid email — no booking,106,23,Zoho,Zoho Only — Never Booked,2026-04-14
ZCR-109394,ZCR-109394,,Susan,Mccarty,,(084) 839-3997,2026-03-13,,0,0.0,,No DaySmart Record,Working,invalid,Prospect Rule,Invalid email — no booking,106,15,Zoho,Zoho Only — Never Booked,2026-04-14
ZCR-109397,ZCR-109397,,Dr.,Evan Donovan,,(094) 368-2891,2025-08-22,,0,0.0,,No DaySmart Record,Working,spamtrap,Prospect Rule,Invalid email — no booking,79,34,Zoho,Zoho Only — Never Booked,2026-04-14
ZCR-109402,ZCR-109402,,Katherine,Ortiz,,(308) 288-2074,2025-10-08,,0,0.0,,No DaySmart Record,Working,invalid,Prospect Rule,Invalid email — no booking,107,58,Zoho,Zoho Only — Never Booked,2026-04-14
ZCR-109403,ZCR-109403,,Teresa,Ayers,,(343) 443-9428,2024-07-27,,0,0.0,,No DaySmart Record,New,abuse,Prospect Rule,Invalid email — no booking,36,34,Zoho,Zoho Only — Never Booked,2026-04-14
ZCR-109409,ZCR-109409,,Diane,Mitchell,,(262) 237-1472,2025-07-27,,0,0.0,,No DaySmart Record,Qualified,abuse,Prospect Rule,Invalid email — no booking,50,38,Zoho,Zoho Only — Never Booked,2026-04-14
ZCR-109413,ZCR-109413,,Christopher,Scott,,(216) 700-3721,2025-06-30,,0,0.0,,No DaySmart Record,Converted,invalid,Prospect Rule,Invalid email — no booking,17,1,Zoho,Zoho Only — Never Booked,2026-04-14
ZCR-109419,ZCR-109419,,Robert,Higgins,,(639) 987-9224,2025-09-11,,0,0.0,,No DaySmart Record,Converted,abuse,Prospect Rule,Invalid email — no booking,15,13,Zoho,Zoho Only — Never Booked,2026-04-14
ZCR-109431,ZCR-109431,,Cole,Salas,,(558) 090-1560,2025-09-25,,0,0.0,,No DaySmart Record,Qualified,invalid,Prospect Rule,Invalid email — no booking,118,10,Zoho,Zoho Only — Never Booked,2026-04-14
ZCR-109433,ZCR-109433,,Joann,Weiss,,(795) 654-7523,2025-05-24,,0,0.0,,No DaySmart Record,Qualified,invalid,Prospect Rule,Invalid email — no booking,79,34,Zoho,Zoho Only — Never Booked,2026-04-14
ZCR-109441,ZCR-109441,,Crystal,Meadows,,(255) 028-4173,2026-03-08,,0,0.0,,No DaySmart Record,Qualified,invalid,Prospect Rule,Invalid email — no booking,18,1,Zoho,Zoho Only — Never Booked,2026-04-14
ZCR-109442,ZCR-109442,,Heidi,Watts,,(718) 754-9725,2025-04-09,,0,0.0,,No DaySmart Record,Unqualified,invalid,Prospect Rule,Invalid email — no booking,52,43,Zoho,Zoho Only — Never Booked,2026-04-14
ZCR-109446,ZCR-109446,,Daniel,Brown,,(559) 237-0979,2025-02-26,,0,0.0,,No DaySmart Record,Converted,invalid,Prospect Rule,Invalid email — no booking,119,10,Zoho,Zoho Only — Never Booked,2026-04-14
ZCR-109457,ZCR-109457,,Holly,Vaughn,,(063) 115-7303,2025-07-01,,0,0.0,,No DaySmart Record,Working,invalid,Prospect Rule,Invalid email — no booking,22,18,Zoho,Zoho Only — Never Booked,2026-04-14
ZCR-109458,ZCR-109458,,Lisa,Newton,,(956) 103-5698,2026-01-02,,0,0.0,,No DaySmart Record,Working,invalid,Prospect Rule,Invalid email — no booking,32,28,Zoho,Zoho Only — Never Booked,2026-04-14
ZCR-109466,ZCR-109466,,Jason,Mathews,,(193) 367-1761,2025-12-26,,0,0.0,,No DaySmart Record,Converted,invalid,Prospect Rule,Invalid email — no booking,14,7,Zoho,Zoho Only — Never Booked,2026-04-14
ZCR-109467,ZCR-109467,,Annette,Chaney,,(869) 697-6486,2025-01-26,,0,0.0,,No DaySmart Record,Qualified,invalid,Prospect Rule,Invalid email — no booking,118,32,Zoho,Zoho Only — Never Booked,2026-04-14
ZCR-109471,ZCR-109471,,William,Mata,,(045) 204-4490,2025-12-31,,0,0.0,,No DaySmart Record,Unqualified,spamtrap,Prospect Rule,Invalid email — no booking,2,1,Zoho,Zoho Only — Never Booked,2026-04-14
ZCR-109476,ZCR-109476,,Tamara,Ochoa,,(547) 536-8979,2025-03-16,,0,0.0,,No DaySmart Record,New,spamtrap,Prospect Rule,Invalid email — no booking,70,21,Zoho,Zoho Only — Never Booked,2026-04-14
ZCR-109495,ZCR-109495,,Jennifer,Jackson,,(328) 629-5410,2024-06-12,,0,0.0,,No DaySmart Record,Converted,invalid,Prospect Rule,Invalid email — no booking,7,7,Zoho,Zoho Only — Never Booked,2026-04-14
ZCR-109496,ZCR-109496,,Katrina,Jones,,(289) 174-4078,2024-10-26,,0,0.0,,No DaySmart Record,New,invalid,Prospect Rule,Invalid email — no booking,41,27,Zoho,Zoho Only — Never Booked,2026-04-14
ZCR-109497,ZCR-109497,,Jeffrey,Harris,,(225) 954-2965,2026-02-20,,0,0.0,,No DaySmart Record,Qualified,abuse,Prospect Rule,Invalid email — no booking,41,7,Zoho,Zoho Only — Never Booked,2026-04-14
ZCR-109502,ZCR-109502,,Bryan,White,,(042) 821-2669,2026-01-28,,0,0.0,,No DaySmart Record,Qualified,invalid,Prospect Rule,Invalid email — no booking,3,2,Zoho,Zoho Only — Never Booked,2026-04-14
ZCR-109504,ZCR-109504,,Michael,Black,,(201) 809-4722,2025-01-08,,0,0.0,,No DaySmart Record,Qualified,invalid,Prospect Rule,Invalid email — no booking,113,23,Zoho,Zoho Only — Never Booked,2026-04-14
ZCR-109505,ZCR-109505,,Ruben,Hicks,,(837) 548-6670,2024-06-18,,0,0.0,,No DaySmart Record,New,spamtrap,Prospect Rule,Invalid email — no booking,11,1,Zoho,Zoho Only — Never Booked,2026-04-14
ZCR-109517,ZCR-109517,,Sheena,Cameron,,(670) 708-7413,2025-01-21,,0,0.0,,No DaySmart Record,Converted,invalid,Prospect Rule,Invalid email — no booking,48,17,Zoho,Zoho Only — Never Booked,2026-04-14
ZCR-109527,ZCR-109527,,Scott,Perez,,(880) 426-2065,2024-12-07,,0,0.0,,No DaySmart Record,Qualified,spamtrap,Prospect Rule,Invalid email — no booking,110,22,Zoho,Zoho Only — Never Booked,2026-04-14
ZCR-109531,ZCR-109531,,David,Thomas,,(359) 073-6317,2026-04-07,,0,0.0,,No DaySmart Record,Unqualified,invalid,Prospect Rule,Invalid email — no booking,62,29,Zoho,Zoho Only — Never Booked,2026-04-14
ZCR-109542,ZCR-109542,,Lori,Trujillo,,(185) 429-5751,2025-12-02,,0,0.0,,No DaySmart Record,Working,invalid,Prospect Rule,Invalid email — no booking,104,57,Zoho,Zoho Only — Never Booked,2026-04-14
ZCR-109554,ZCR-109554,,Tara,Smith,,(712) 906-1056,2024-04-25,,0,0.0,,No DaySmart Record,New,invalid,Prospect Rule,Invalid email — no booking,31,0,Zoho,Zoho Only — Never Booked,2026-04-14
ZCR-109555,ZCR-109555,,Alexandria,Smith,,(800) 125-8500,2025-07-14,,0,0.0,,No DaySmart Record,New,invalid,Prospect Rule,Invalid email — no booking,78,44,Zoho,Zoho Only — Never Booked,2026-04-14
ZCR-109564,ZCR-109564,,Connie,Johnson,,(007) 353-7816,2025-07-11,,0,0.0,,No DaySmart Record,Unqualified,invalid,Prospect Rule,Invalid email — no booking,76,48,Zoho,Zoho Only — Never Booked,2026-04-14
ZCR-109585,ZCR-109585,,Susan,Harris,,(177) 537-6732,2025-09-21,,0,0.0,,No DaySmart Record,New,abuse,Prospect Rule,Invalid email — no booking,99,43,Zoho,Zoho Only — Never Booked,2026-04-14
ZCR-109593,ZCR-109593,,Donald,Richardson,,(079) 949-4514,2025-10-07,,0,0.0,,No DaySmart Record,Working,invalid,Prospect Rule,Invalid email — no booking,51,2,Zoho,Zoho Only — Never Booked,2026-04-14
ZCR-109605,ZCR-109605,,Shaun,Swanson,,(970) 168-3366,2024-06-13,,0,0.0,,No DaySmart Record,Converted,abuse,Prospect Rule,Invalid email — no booking,44,19,Zoho,Zoho Only — Never Booked,2026-04-14
ZCR-109606,ZCR-109606,,Robert,Olson,,(058) 452-3997,2025-11-18,,0,0.0,,No DaySmart Record,Qualified,spamtrap,Prospect Rule,Invalid email — no booking,41,21,Zoho,Zoho Only — Never Booked,2026-04-14
ZCR-109611,ZCR-109611,,Jose,Green,,(742) 903-6808,2024-05-31,,0,0.0,,No DaySmart Record,Working,invalid,Prospect Rule,Invalid email — no booking,90,19,Zoho,Zoho Only — Never Booked,2026-04-14
ZCR-109612,ZCR-109612,,Brittany,Anderson,,(429) 015-0172,2025-05-22,,0,0.0,,No DaySmart Record,Working,invalid,Prospect Rule,Invalid email — no booking,89,54,Zoho,Zoho Only — Never Booked,2026-04-14
ZCR-109619,ZCR-109619,,Courtney,Patel,,(171) 464-3176,2024-06-06,,0,0.0,,No DaySmart Record,Converted,invalid,Prospect Rule,Invalid email — no booking,84,4,Zoho,Zoho Only — Never Booked,2026-04-14
ZCR-109622,ZCR-109622,,Theodore,Perry,,(783) 616-9174,2026-02-18,,0,0.0,,No DaySmart Record,Unqualified,invalid,Prospect Rule,Invalid email — no booking,67,58,Zoho,Zoho Only — Never Booked,2026-04-14
ZCR-109632,ZCR-109632,,Samantha,Scott,,(702) 950-5837,2025-07-06,,0,0.0,,No DaySmart Record,New,spamtrap,Prospect Rule,Invalid email — no booking,85,0,Zoho,Zoho Only — Never Booked,2026-04-14
ZCR-109637,ZCR-109637,,Stephen,Miller,,(924) 467-7485,2024-04-30,,0,0.0,,No DaySmart Record,New,spamtrap,Prospect Rule,Invalid email — no booking,16,12,Zoho,Zoho Only — Never Booked,2026-04-14
ZCR-109641,ZCR-109641,,Janet,Hanson,,(568) 431-4498,2025-06-16,,0,0.0,,No DaySmart Record,New,spamtrap,Prospect Rule,Invalid email — no booking,63,18,Zoho,Zoho Only — Never Booked,2026-04-14
ZCR-109644,ZCR-109644,,Jaime,Murphy,,(496) 212-3893,2024-12-09,,0,0.0,,No DaySmart Record,Unqualified,invalid,Prospect Rule,Invalid email — no booking,110,13,Zoho,Zoho Only — Never Booked,2026-04-14
ZCR-109647,ZCR-109647,,Michelle,Williams,,(982) 061-9128,2025-05-18,,0,0.0,,No DaySmart Record,Converted,spamtrap,Prospect Rule,Invalid email — no booking,102,54,Zoho,Zoho Only — Never Booked,2026-04-14
ZCR-109653,ZCR-109653,,Rachael,Guerrero,,(204) 430-4305,2025-08-07,,0,0.0,,No DaySmart Record,Working,invalid,Prospect Rule,Invalid email — no booking,79,1,Zoho,Zoho Only — Never Booked,2026-04-14
ZCR-109654,ZCR-109654,,Ryan,Montes,,(946) 283-8459,2024-06-03,,0,0.0,,No DaySmart Record,Working,invalid,Prospect Rule,Invalid email — no booking,69,0,Zoho,Zoho Only — Never Booked,2026-04-14
ZCR-109660,ZCR-109660,,Samuel,Harris,,(339) 193-2484,2025-02-09,,0,0.0,,No DaySmart Record,New,invalid,Prospect Rule,Invalid email — no booking,40,1,Zoho,Zoho Only — Never Booked,2026-04-14
ZCR-109668,ZCR-109668,,John,Baker,,(993) 608-0058,2026-02-23,,0,0.0,,No DaySmart Record,Qualified,invalid,Prospect Rule,Invalid email — no booking,87,5,Zoho,Zoho Only — Never Booked,2026-04-14
ZCR-109671,ZCR-109671,,Kelsey,Smith DDS,,(825) 158-4243,2025-04-29,,0,0.0,,No DaySmart Record,Qualified,invalid,Prospect Rule,Invalid email — no booking,84,49,Zoho,Zoho Only — Never Booked,2026-04-14
ZCR-109673,ZCR-109673,,Dustin,Simpson,,(526) 913-2847,2025-04-12,,0,0.0,,No DaySmart Record,Working,invalid,Prospect Rule,Invalid email — no booking,17,7,Zoho,Zoho Only — Never Booked,2026-04-14
ZCR-109675,ZCR-109675,,Emily,Johnson,,(793) 786-8382,2025-04-30,,0,0.0,,No DaySmart Record,Converted,invalid,Prospect Rule,Invalid email — no booking,80,29,Zoho,Zoho Only — Never Booked,2026-04-14
ZCR-109686,ZCR-109686,,April,Sanchez,,(971) 687-9865,2024-08-28,,0,0.0,,No DaySmart Record,Converted,invalid,Prospect Rule,Invalid email — no booking,40,18,Zoho,Zoho Only — Never Booked,2026-04-14
ZCR-109689,ZCR-109689,,Emma,Williams,,(647) 581-7949,2025-07-27,,0,0.0,,No DaySmart Record,Qualified,invalid,Prospect Rule,Invalid email — no booking,46,34,Zoho,Zoho Only — Never Booked,2026-04-14
ZCR-109691,ZCR-109691,,Melissa,Landry,,(373) 982-7586,2024-05-11,,0,0.0,,No DaySmart Record,Qualified,abuse,Prospect Rule,Invalid email — no booking,46,14,Zoho,Zoho Only — Never Booked,2026-04-14
ZCR-109693,ZCR-109693,,Sarah,Huynh,,(362) 714-4922,2025-11-20,,0,0.0,,No DaySmart Record,Converted,invalid,Prospect Rule,Invalid email — no booking,25,1,Zoho,Zoho Only — Never Booked,2026-04-14
ZCR-109698,ZCR-109698,,Daryl,Stuart,,(628) 296-5156,2024-05-30,,0,0.0,,No DaySmart Record,New,invalid,Prospect Rule,Invalid email — no booking,96,35,Zoho,Zoho Only — Never Booked,2026-04-14
ZCR-109703,ZCR-109703,,William,Rasmussen,,(699) 939-4532,2025-09-21,,0,0.0,,No DaySmart Record,Qualified,abuse,Prospect Rule,Invalid email — no booking,55,15,Zoho,Zoho Only — Never Booked,2026-04-14
ZCR-109716,ZCR-109716,,Adam,Lee,,(566) 212-1508,2024-07-06,,0,0.0,,No DaySmart Record,Unqualified,spamtrap,Prospect Rule,Invalid email — no booking,19,10,Zoho,Zoho Only — Never Booked,2026-04-14
ZCR-109730,ZCR-109730,,Ashley,Reynolds,,(689) 019-1335,2024-07-27,,0,0.0,,No DaySmart Record,New,invalid,Prospect Rule,Invalid email — no booking,113,34,Zoho,Zoho Only — Never Booked,2026-04-14
ZCR-109748,ZCR-109748,,Ronald,Gonzalez,,(785) 650-0327,2025-09-30,,0,0.0,,No DaySmart Record,Qualified,invalid,Prospect Rule,Invalid email — no booking,26,24,Zoho,Zoho Only — Never Booked,2026-04-14
ZCR-109762,ZCR-109762,,Robin,Davis,,(989) 020-3903,2026-02-08,,0,0.0,,No DaySmart Record,Qualified,invalid,Prospect Rule,Invalid email — no booking,27,9,Zoho,Zoho Only — Never Booked,2026-04-14
ZCR-109765,ZCR-109765,,Zachary,Small,,(964) 173-9508,2026-01-04,,0,0.0,,No DaySmart Record,Qualified,invalid,Prospect Rule,Invalid email — no booking,103,55,Zoho,Zoho Only — Never Booked,2026-04-14
ZCR-109767,ZCR-109767,,Denise,Hunt,,(996) 967-4124,2024-05-13,,0,0.0,,No DaySmart Record,Working,invalid,Prospect Rule,Invalid email — no booking,49,7,Zoho,Zoho Only — Never Booked,2026-04-14
ZCR-109769,ZCR-109769,,Scott,Baker,,(630) 832-2329,2025-01-05,,0,0.0,,No DaySmart Record,Converted,invalid,Prospect Rule,Invalid email — no booking,82,40,Zoho,Zoho Only — Never Booked,2026-04-14
ZCR-109778,ZCR-109778,,Sarah,Scott,,(163) 366-5895,2025-06-14,,0,0.0,,No DaySmart Record,Converted,invalid,Prospect Rule,Invalid email — no booking,33,28,Zoho,Zoho Only — Never Booked,2026-04-14
ZCR-109799,ZCR-109799,,Jordan,Wallace,,(287) 227-5135,2024-10-24,,0,0.0,,No DaySmart Record,Unqualified,spamtrap,Prospect Rule,Invalid email — no booking,76,33,Zoho,Zoho Only — Never Booked,2026-04-14
ZCR-109807,ZCR-109807,,Matthew,Leonard,,(429) 349-1899,2025-08-22,,0,0.0,,No DaySmart Record,New,spamtrap,Prospect Rule,Invalid email — no booking,7,5,Zoho,Zoho Only — Never Booked,2026-04-14
ZCR-109810,ZCR-109810,,Elizabeth,Christian,,(419) 188-1979,2025-12-23,,0,0.0,,No DaySmart Record,Converted,invalid,Prospect Rule,Invalid email — no booking,36,11,Zoho,Zoho Only — Never Booked,2026-04-14
ZCR-109817,ZCR-109817,,Donna,Hahn,,(347) 267-0652,2025-05-18,,0,0.0,,No DaySmart Record,Unqualified,invalid,Prospect Rule,Invalid email — no booking,65,30,Zoho,Zoho Only — Never Booked,2026-04-14
ZCR-109819,ZCR-109819,,Samuel,Dunn,,(767) 021-7804,2026-03-28,,0,0.0,,No DaySmart Record,Unqualified,invalid,Prospect Rule,Invalid email — no booking,3,1,Zoho,Zoho Only — Never Booked,2026-04-14
ZCR-109828,ZCR-109828,,Mr.,Joe Jackson,,(455) 207-7390,2024-06-23,,0,0.0,,No DaySmart Record,Qualified,invalid,Prospect Rule,Invalid email — no booking,18,4,Zoho,Zoho Only — Never Booked,2026-04-14
ZCR-109833,ZCR-109833,,Robert,Aguilar,,(309) 516-3318,2024-10-31,,0,0.0,,No DaySmart Record,Qualified,spamtrap,Prospect Rule,Invalid email — no booking,10,6,Zoho,Zoho Only — Never Booked,2026-04-14
ZCR-109843,ZCR-109843,,Aaron,Robinson,,(199) 786-9275,2024-10-30,,0,0.0,,No DaySmart Record,Working,invalid,Prospect Rule,Invalid email — no booking,82,21,Zoho,Zoho Only — Never Booked,2026-04-14
ZCR-109844,ZCR-109844,,Ian,Frazier,,(539) 835-0365,2025-02-01,,0,0.0,,No DaySmart Record,Working,invalid,Prospect Rule,Invalid email — no booking,64,15,Zoho,Zoho Only — Never Booked,2026-04-14
ZCR-109847,ZCR-109847,,Kim,Williams,,(532) 559-7095,2025-04-02,,0,0.0,,No DaySmart Record,Qualified,invalid,Prospect Rule,Invalid email — no booking,79,41,Zoho,Zoho Only — Never Booked,2026-04-14
ZCR-109854,ZCR-109854,,Darlene,Glover,,(161) 529-4300,2025-07-16,,0,0.0,,No DaySmart Record,Qualified,abuse,Prospect Rule,Invalid email — no booking,21,7,Zoho,Zoho Only — Never Booked,2026-04-14
ZCR-109855,ZCR-109855,,Matthew,Glover,,(739) 860-7161,2024-04-19,,0,0.0,,No DaySmart Record,Converted,invalid,Prospect Rule,Invalid email — no booking,82,50,Zoho,Zoho Only — Never Booked,2026-04-14
ZCR-109860,ZCR-109860,,Amy,Hamilton,,(167) 237-3714,2024-12-13,,0,0.0,,No DaySmart Record,Qualified,invalid,Prospect Rule,Invalid email — no booking,59,40,Zoho,Zoho Only — Never Booked,2026-04-14
ZCR-109864,ZCR-109864,,Destiny,Lee,,(157) 374-0074,2025-10-24,,0,0.0,,No DaySmart Record,Unqualified,invalid,Prospect Rule,Invalid email — no booking,71,36,Zoho,Zoho Only — Never Booked,2026-04-14
ZCR-109871,ZCR-109871,,Dr.,Alexander Savage,,(818) 981-4347,2025-06-24,,0,0.0,,No DaySmart Record,New,invalid,Prospect Rule,Invalid email — no booking,106,0,Zoho,Zoho Only — Never Booked,2026-04-14
ZCR-109886,ZCR-109886,,Troy,Lynch,,(045) 478-4472,2024-06-01,,0,0.0,,No DaySmart Record,New,invalid,Prospect Rule,Invalid email — no booking,46,4,Zoho,Zoho Only — Never Booked,2026-04-14
ZCR-109888,ZCR-109888,,Gregory,Moreno,,(744) 901-9819,2025-09-05,,0,0.0,,No DaySmart Record,Qualified,invalid,Prospect Rule,Invalid email — no booking,43,19,Zoho,Zoho Only — Never Booked,2026-04-14
ZCR-109891,ZCR-109891,,Eric,Mcdonald,,(746) 343-6049,2024-09-23,,0,0.0,,No DaySmart Record,Unqualified,invalid,Prospect Rule,Invalid email — no booking,25,6,Zoho,Zoho Only — Never Booked,2026-04-14
ZCR-109903,ZCR-109903,,Steven,Hardy,,(463) 504-0613,2025-07-31,,0,0.0,,No DaySmart Record,New,spamtrap,Prospect Rule,Invalid email — no booking,36,31,Zoho,Zoho Only — Never Booked,2026-04-14
ZCR-109907,ZCR-109907,,Julie,Myers,,(831) 911-2894,2024-09-13,,0,0.0,,No DaySmart Record,Working,abuse,Prospect Rule,Invalid email — no booking,0,0,Zoho,Zoho Only — Never Booked,2026-04-14
ZCR-109919,ZCR-109919,,Randy,Wise,,(931) 198-5957,2025-07-15,,0,0.0,,No DaySmart Record,Unqualified,invalid,Prospect Rule,Invalid email — no booking,120,45,Zoho,Zoho Only — Never Booked,2026-04-14
ZCR-109922,ZCR-109922,,Johnny,Mitchell,,(852) 395-8491,2025-07-17,,0,0.0,,No DaySmart Record,Working,invalid,Prospect Rule,Invalid email — no booking,42,32,Zoho,Zoho Only — Never Booked,2026-04-14
ZCR-109923,ZCR-109923,,Robert,Mitchell,,(437) 076-9288,2025-03-20,,0,0.0,,No DaySmart Record,Qualified,invalid,Prospect Rule,Invalid email — no booking,114,43,Zoho,Zoho Only — Never Booked,2026-04-14
ZCR-109927,ZCR-109927,,Cameron,Fox,,(635) 306-0827,2025-07-13,,0,0.0,,No DaySmart Record,New,invalid,Prospect Rule,Invalid email — no booking,16,6,Zoho,Zoho Only — Never Booked,2026-04-14
ZCR-109933,ZCR-109933,,Richard,Riley,,(121) 935-5622,2025-02-19,,0,0.0,,No DaySmart Record,Converted,invalid,Prospect Rule,Invalid email — no booking,102,37,Zoho,Zoho Only — Never Booked,2026-04-14
ZCR-109945,ZCR-109945,,Kelly,Taylor,,(407) 737-8078,2025-02-07,,0,0.0,,No DaySmart Record,Converted,invalid,Prospect Rule,Invalid email — no booking,101,13,Zoho,Zoho Only — Never Booked,2026-04-14
ZCR-109951,ZCR-109951,,Joshua,Scott MD,,(678) 755-3977,2025-07-03,,0,0.0,,No DaySmart Record,New,spamtrap,Prospect Rule,Invalid email — no booking,27,20,Zoho,Zoho Only — Never Booked,2026-04-14
ZCR-109955,ZCR-109955,,Julie,Howard,,(690) 510-9662,2024-12-25,,0,0.0,,No DaySmart Record,Qualified,invalid,Prospect Rule,Invalid email — no booking,101,37,Zoho,Zoho Only — Never Booked,2026-04-14
ZCR-109956,ZCR-109956,,Lisa,Rodriguez,,(028) 387-8109,2025-02-20,,0,0.0,,No DaySmart Record,Converted,invalid,Prospect Rule,Invalid email — no booking,61,15,Zoho,Zoho Only — Never Booked,2026-04-14
ZCR-109976,ZCR-109976,,Alexander,Potter,,(165) 242-3029,2025-05-26,,0,0.0,,No DaySmart Record,Converted,invalid,Prospect Rule,Invalid email — no booking,112,32,Zoho,Zoho Only — Never Booked,2026-04-14
ZCR-109980,ZCR-109980,,Kimberly,Reed,,(382) 383-8367,2024-07-05,,0,0.0,,No DaySmart Record,Converted,spamtrap,Prospect Rule,Invalid email — no booking,19,16,Zoho,Zoho Only — Never Booked,2026-04-14
ZCR-109981,ZCR-109981,,Bob,Lee,,(735) 095-2600,2024-08-10,,0,0.0,,No DaySmart Record,Converted,invalid,Prospect Rule,Invalid email — no booking,118,11,Zoho,Zoho Only — Never Booked,2026-04-14
ZCR-109996,ZCR-109996,,Mr.,Ethan Jackson,,(829) 880-0257,2024-09-25,,0,0.0,,No DaySmart Record,New,invalid,Prospect Rule,Invalid email — no booking,59,13,Zoho,Zoho Only — Never Booked,2026-04-14
ZCR-110012,ZCR-110012,,Willie,Walker,,(616) 430-7405,2025-02-23,,0,0.0,,No DaySmart Record,Working,invalid,Prospect Rule,Invalid email — no booking,108,9,Zoho,Zoho Only — Never Booked,2026-04-14
ZCR-110013,ZCR-110013,,Jennifer,Rodriguez,,(916) 589-0393,2024-12-03,,0,0.0,,No DaySmart Record,Working,invalid,Prospect Rule,Invalid email — no booking,65,17,Zoho,Zoho Only — Never Booked,2026-04-14
ZCR-110015,ZCR-110015,,Edward,Carr,,(911) 503-9676,2024-08-04,,0,0.0,,No DaySmart Record,Unqualified,invalid,Prospect Rule,Invalid email — no booking,94,27,Zoho,Zoho Only — Never Booked,2026-04-14
ZCR-110016,ZCR-110016,,Jeffrey,Stanley,,(623) 902-1209,2025-08-06,,0,0.0,,No DaySmart Record,New,spamtrap,Prospect Rule,Invalid email — no booking,13,9,Zoho,Zoho Only — Never Booked,2026-04-14
ZCR-110021,ZCR-110021,,David,Ponce,,(484) 324-9616,2024-07-02,,0,0.0,,No DaySmart Record,Converted,invalid,Prospect Rule,Invalid email — no booking,91,22,Zoho,Zoho Only — Never Booked,2026-04-14
ZCR-110028,ZCR-110028,,Steven,Peterson,,(360) 104-5298,2026-01-06,,0,0.0,,No DaySmart Record,New,invalid,Prospect Rule,Invalid email — no booking,99,49,Zoho,Zoho Only — Never Booked,2026-04-14
ZCR-110031,ZCR-110031,,Elizabeth,Simmons,,(540) 195-2720,2024-08-02,,0,0.0,,No DaySmart Record,Converted,spamtrap,Prospect Rule,Invalid email — no booking,104,50,Zoho,Zoho Only — Never Booked,2026-04-14
ZCR-110034,ZCR-110034,,Jeffery,Wagner,,(677) 508-5036,2026-02-06,,0,0.0,,No DaySmart Record,Working,invalid,Prospect Rule,Invalid email — no booking,45,8,Zoho,Zoho Only — Never Booked,2026-04-14
ZCR-110037,ZCR-110037,,Dustin,Prince,,(135) 065-0148,2025-01-06,,0,0.0,,No DaySmart Record,Working,invalid,Prospect Rule,Invalid email — no booking,47,19,Zoho,Zoho Only — Never Booked,2026-04-14
ZCR-110051,ZCR-110051,,Michael,Burke,,(362) 471-1474,2026-02-05,,0,0.0,,No DaySmart Record,Unqualified,invalid,Prospect Rule,Invalid email — no booking,1,0,Zoho,Zoho Only — Never Booked,2026-04-14
ZCR-110064,ZCR-110064,,Joshua,Cook,,(508) 573-8075,2024-09-27,,0,0.0,,No DaySmart Record,New,abuse,Prospect Rule,Invalid email — no booking,50,50,Zoho,Zoho Only — Never Booked,2026-04-14
ZCR-110073,ZCR-110073,,Glen,Jackson,,(092) 808-2082,2024-08-06,,0,0.0,,No DaySmart Record,New,invalid,Prospect Rule,Invalid email — no booking,36,33,Zoho,Zoho Only — Never Booked,2026-04-14
ZCR-110077,ZCR-110077,,Michael,Johns,,(531) 593-2209,2025-11-14,,0,0.0,,No DaySmart Record,Unqualified,invalid,Prospect Rule,Invalid email — no booking,72,22,Zoho,Zoho Only — Never Booked,2026-04-14
ZCR-110078,ZCR-110078,,Christopher,Davis,,(808) 463-9752,2025-10-22,,0,0.0,,No DaySmart Record,Converted,invalid,Prospect Rule,Invalid email — no booking,38,9,Zoho,Zoho Only — Never Booked,2026-04-14
ZCR-110080,ZCR-110080,,Donald,Davis,,(754) 073-4678,2025-09-02,,0,0.0,,No DaySmart Record,Qualified,invalid,Prospect Rule,Invalid email — no booking,83,59,Zoho,Zoho Only — Never Booked,2026-04-14
ZCR-110081,ZCR-110081,,John,Smith,,(125) 814-9680,2026-02-15,,0,0.0,,No DaySmart Record,Qualified,spamtrap,Prospect Rule,Invalid email — no booking,37,31,Zoho,Zoho Only — Never Booked,2026-04-14
ZCR-110084,ZCR-110084,,Clayton,Mays,,(996) 096-7447,2025-02-01,,0,0.0,,No DaySmart Record,Working,abuse,Prospect Rule,Invalid email — no booking,71,44,Zoho,Zoho Only — Never Booked,2026-04-14
ZCR-110096,ZCR-110096,,Deanna,Johnson,,(142) 508-8902,2026-01-13,,0,0.0,,No DaySmart Record,Unqualified,invalid,Prospect Rule,Invalid email — no booking,62,20,Zoho,Zoho Only — Never Booked,2026-04-14
ZCR-110104,ZCR-110104,,Matthew,Garcia,,(433) 841-8760,2025-06-20,,0,0.0,,No DaySmart Record,Qualified,spamtrap,Prospect Rule,Invalid email — no booking,39,8,Zoho,Zoho Only — Never Booked,2026-04-14
ZCR-110105,ZCR-110105,,Felicia,Frank,,(554) 126-0194,2024-05-08,,0,0.0,,No DaySmart Record,Unqualified,invalid,Prospect Rule,Invalid email — no booking,44,7,Zoho,Zoho Only — Never Booked,2026-04-14
ZCR-110108,ZCR-110108,,Kevin,Boyd,,(749) 607-1143,2025-03-21,,0,0.0,,No DaySmart Record,Working,spamtrap,Prospect Rule,Invalid email — no booking,2,0,Zoho,Zoho Only — Never Booked,2026-04-14
ZCR-110116,ZCR-110116,,Steven,Meza,,(043) 996-8851,2024-09-01,,0,0.0,,No DaySmart Record,Working,invalid,Prospect Rule,Invalid email — no booking,90,41,Zoho,Zoho Only — Never Booked,2026-04-14
ZCR-110124,ZCR-110124,,Mary,Bennett,,(823) 547-8354,2026-02-05,,0,0.0,,No DaySmart Record,Qualified,spamtrap,Prospect Rule,Invalid email — no booking,73,16,Zoho,Zoho Only — Never Booked,2026-04-14
ZCR-110125,ZCR-110125,,Jennifer,Martin,,(064) 322-9919,2026-02-03,,0,0.0,,No DaySmart Record,Qualified,abuse,Prospect Rule,Invalid email — no booking,58,10,Zoho,Zoho Only — Never Booked,2026-04-14
ZCR-110129,ZCR-110129,,Danielle,Martin,,(649) 382-7931,2025-09-22,,0,0.0,,No DaySmart Record,Converted,invalid,Prospect Rule,Invalid email — no booking,64,30,Zoho,Zoho Only — Never Booked,2026-04-14
ZCR-110133,ZCR-110133,,Joseph,Brown,,(512) 235-6203,2025-08-30,,0,0.0,,No DaySmart Record,New,invalid,Prospect Rule,Invalid email — no booking,45,44,Zoho,Zoho Only — Never Booked,2026-04-14
ZCR-110145,ZCR-110145,,Jenna,Buchanan,,(173) 860-1170,2026-02-13,,0,0.0,,No DaySmart Record,Unqualified,abuse,Prospect Rule,Invalid email — no booking,71,52,Zoho,Zoho Only — Never Booked,2026-04-14
ZCR-110146,ZCR-110146,,Christopher,Kim,,(005) 089-2658,2024-07-08,,0,0.0,,No DaySmart Record,Qualified,spamtrap,Prospect Rule,Invalid email — no booking,86,46,Zoho,Zoho Only — Never Booked,2026-04-14
ZCR-110155,ZCR-110155,,Aaron,Hunter,,(646) 367-9496,2025-05-23,,0,0.0,,No DaySmart Record,Converted,spamtrap,Prospect Rule,Invalid email — no booking,99,15,Zoho,Zoho Only — Never Booked,2026-04-14
ZCR-110173,ZCR-110173,,Monica,Thomas,,(548) 945-2679,2025-06-12,,0,0.0,,No DaySmart Record,Qualified,invalid,Prospect Rule,Invalid email — no booking,62,47,Zoho,Zoho Only — Never Booked,2026-04-14
ZCR-110183,ZCR-110183,,Kristine,Johnson,,(904) 402-9417,2024-12-27,,0,0.0,,No DaySmart Record,Working,abuse,Prospect Rule,Invalid email — no booking,48,43,Zoho,Zoho Only — Never Booked,2026-04-14
ZCR-110200,ZCR-110200,,Lisa,Taylor,,(839) 631-8857,2025-05-15,,0,0.0,,No DaySmart Record,New,invalid,Prospect Rule,Invalid email — no booking,90,30,Zoho,Zoho Only — Never Booked,2026-04-14
ZCR-110210,ZCR-110210,,Tina,Rodriguez,,(746) 061-7453,2024-06-05,,0,0.0,,No DaySmart Record,Converted,abuse,Prospect Rule,Invalid email — no booking,102,14,Zoho,Zoho Only — Never Booked,2026-04-14
ZCR-110211,ZCR-110211,,Marissa,Kane,,(362) 455-1483,2024-06-04,,0,0.0,,No DaySmart Record,Qualified,spamtrap,Prospect Rule,Invalid email — no booking,48,45,Zoho,Zoho Only — Never Booked,2026-04-14
ZCR-110226,ZCR-110226,,Margaret,Wagner,,(327) 537-0046,2026-02-23,,0,0.0,,No DaySmart Record,Unqualified,invalid,Prospect Rule,Invalid email — no booking,57,45,Zoho,Zoho Only — Never Booked,2026-04-14
ZCR-110243,ZCR-110243,,Patrick,West,,(717) 875-7120,2026-04-05,,0,0.0,,No DaySmart Record,New,abuse,Prospect Rule,Invalid email — no booking,46,28,Zoho,Zoho Only — Never Booked,2026-04-14
ZCR-110245,ZCR-110245,,Paul,Williams,,(957) 074-3429,2025-07-11,,0,0.0,,No DaySmart Record,Working,invalid,Prospect Rule,Invalid email — no booking,91,10,Zoho,Zoho Only — Never Booked,2026-04-14
ZCR-110253,ZCR-110253,,Catherine,Mcfarland,,(858) 785-7884,2025-06-06,,0,0.0,,No DaySmart Record,New,invalid,Prospect Rule,Invalid email — no booking,69,45,Zoho,Zoho Only — Never Booked,2026-04-14
ZCR-110262,ZCR-110262,,Janice,Arnold,,(500) 263-0602,2026-04-10,,0,0.0,,No DaySmart Record,Unqualified,invalid,Prospect Rule,Invalid email — no booking,115,42,Zoho,Zoho Only — Never Booked,2026-04-14
ZCR-110265,ZCR-110265,,Allen,Wilson,,(331) 550-2521,2024-09-05,,0,0.0,,No DaySmart Record,Qualified,invalid,Prospect Rule,Invalid email — no booking,34,18,Zoho,Zoho Only — Never Booked,2026-04-14
ZCR-110279,ZCR-110279,,Daniel,Bishop,,(786) 844-0479,2026-01-27,,0,0.0,,No DaySmart Record,Working,spamtrap,Prospect Rule,Invalid email — no booking,86,31,Zoho,Zoho Only — Never Booked,2026-04-14
ZCR-110297,ZCR-110297,,Philip,Carlson,,(079) 716-4067,2025-11-04,,0,0.0,,No DaySmart Record,Converted,abuse,Prospect Rule,Invalid email — no booking,94,34,Zoho,Zoho Only — Never Booked,2026-04-14
ZCR-110303,ZCR-110303,,Nathan,Edwards,,(477) 740-9699,2025-07-12,,0,0.0,,No DaySmart Record,Converted,invalid,Prospect Rule,Invalid email — no booking,64,18,Zoho,Zoho Only — Never Booked,2026-04-14
ZCR-110311,ZCR-110311,,Dakota,Phillips,,(997) 622-4089,2025-12-25,,0,0.0,,No DaySmart Record,Converted,spamtrap,Prospect Rule,Invalid email — no booking,44,17,Zoho,Zoho Only — Never Booked,2026-04-14
ZCR-110315,ZCR-110315,,Hailey,Boyd,,(452) 807-4631,2025-12-11,,0,0.0,,No DaySmart Record,New,invalid,Prospect Rule,Invalid email — no booking,29,24,Zoho,Zoho Only — Never Booked,2026-04-14
ZCR-110333,ZCR-110333,,Jennifer,Davis,,(989) 068-0019,2024-11-14,,0,0.0,,No DaySmart Record,Unqualified,invalid,Prospect Rule,Invalid email — no booking,89,52,Zoho,Zoho Only — Never Booked,2026-04-14
ZCR-110340,ZCR-110340,,Chase,Phillips,,(409) 599-4717,2025-05-09,,0,0.0,,No DaySmart Record,Converted,invalid,Prospect Rule,Invalid email — no booking,20,0,Zoho,Zoho Only — Never Booked,2026-04-14
ZCR-110362,ZCR-110362,,Thomas,Nelson,,(146) 315-3289,2025-11-07,,0,0.0,,No DaySmart Record,Converted,spamtrap,Prospect Rule,Invalid email — no booking,65,60,Zoho,Zoho Only — Never Booked,2026-04-14
ZCR-110370,ZCR-110370,,Jasmine,Thomas,,(246) 917-4824,2026-02-22,,0,0.0,,No DaySmart Record,Working,invalid,Prospect Rule,Invalid email — no booking,106,40,Zoho,Zoho Only — Never Booked,2026-04-14
ZCR-110375,ZCR-110375,,Andrea,Lewis,,(751) 010-6485,2024-08-30,,0,0.0,,No DaySmart Record,Working,invalid,Prospect Rule,Invalid email — no booking,93,53,Zoho,Zoho Only — Never Booked,2026-04-14
ZCR-110402,ZCR-110402,,Joyce,Grant,,(361) 320-9436,2024-12-26,,0,0.0,,No DaySmart Record,New,abuse,Prospect Rule,Invalid email — no booking,26,24,Zoho,Zoho Only — Never Booked,2026-04-14
ZCR-110405,ZCR-110405,,Jason,Bell,,(961) 598-6233,2025-01-03,,0,0.0,,No DaySmart Record,Working,spamtrap,Prospect Rule,Invalid email — no booking,85,31,Zoho,Zoho Only — Never Booked,2026-04-14
ZCR-110413,ZCR-110413,,Johnny,Alvarez,,(936) 230-4937,2024-08-09,,0,0.0,,No DaySmart Record,Qualified,invalid,Prospect Rule,Invalid email — no booking,69,23,Zoho,Zoho Only — Never Booked,2026-04-14
ZCR-110425,ZCR-110425,,Julie,Swanson,,(865) 070-1401,2026-03-30,,0,0.0,,No DaySmart Record,Unqualified,invalid,Prospect Rule,Invalid email — no booking,29,10,Zoho,Zoho Only — Never Booked,2026-04-14
ZCR-110445,ZCR-110445,,Debbie,Rodriguez,,(954) 102-7678,2024-12-12,,0,0.0,,No DaySmart Record,Converted,spamtrap,Prospect Rule,Invalid email — no booking,108,21,Zoho,Zoho Only — Never Booked,2026-04-14
ZCR-110449,ZCR-110449,,Eric,Dawson,,(633) 689-8390,2024-04-25,,0,0.0,,No DaySmart Record,Working,invalid,Prospect Rule,Invalid email — no booking,103,9,Zoho,Zoho Only — Never Booked,2026-04-14
ZCR-110450,ZCR-110450,,Nathan,Medina,,(290) 872-1950,2025-09-30,,0,0.0,,No DaySmart Record,Working,abuse,Prospect Rule,Invalid email — no booking,45,2,Zoho,Zoho Only — Never Booked,2026-04-14
ZCR-110456,ZCR-110456,,Phillip,Lopez,,(411) 174-4573,2025-12-19,,0,0.0,,No DaySmart Record,Converted,invalid,Prospect Rule,Invalid email — no booking,55,17,Zoho,Zoho Only — Never Booked,2026-04-14
ZCR-110459,ZCR-110459,,Bryan,Gonzalez,,(440) 133-9289,2024-08-20,,0,0.0,,No DaySmart Record,Qualified,abuse,Prospect Rule,Invalid email — no booking,64,36,Zoho,Zoho Only — Never Booked,2026-04-14
ZCR-110461,ZCR-110461,,Traci,Roberson,,(178) 241-7313,2024-09-06,,0,0.0,,No DaySmart Record,Unqualified,invalid,Prospect Rule,Invalid email — no booking,96,44,Zoho,Zoho Only — Never Booked,2026-04-14
ZCR-110466,ZCR-110466,,David,Davis,,(508) 689-7919,2025-08-19,,0,0.0,,No DaySmart Record,Unqualified,abuse,Prospect Rule,Invalid email — no booking,26,4,Zoho,Zoho Only — Never Booked,2026-04-14
ZCR-110469,ZCR-110469,,Jocelyn,Lucas,,(965) 415-1455,2025-01-09,,0,0.0,,No DaySmart Record,Working,spamtrap,Prospect Rule,Invalid email — no booking,34,7,Zoho,Zoho Only — Never Booked,2026-04-14
ZCR-110478,ZCR-110478,,Dr.,John Walker,,(007) 383-3520,2024-06-06,,0,0.0,,No DaySmart Record,Unqualified,invalid,Prospect Rule,Invalid email — no booking,80,35,Zoho,Zoho Only — Never Booked,2026-04-14
ZCR-110481,ZCR-110481,,Lance,Blankenship,,(979) 420-3572,2025-12-24,,0,0.0,,No DaySmart Record,Working,invalid,Prospect Rule,Invalid email — no booking,106,25,Zoho,Zoho Only — Never Booked,2026-04-14
ZCR-110491,ZCR-110491,,Timothy,Byrd,,(869) 080-0942,2024-05-23,,0,0.0,,No DaySmart Record,New,invalid,Prospect Rule,Invalid email — no booking,120,11,Zoho,Zoho Only — Never Booked,2026-04-14
ZCR-110495,ZCR-110495,,Jeffrey,Edwards,,(831) 644-1892,2026-03-08,,0,0.0,,No DaySmart Record,Converted,invalid,Prospect Rule,Invalid email — no booking,113,38,Zoho,Zoho Only — Never Booked,2026-04-14
ZCR-110512,ZCR-110512,,Kayla,Maldonado,,(349) 955-0848,2025-07-04,,0,0.0,,No DaySmart Record,Qualified,invalid,Prospect Rule,Invalid email — no booking,52,0,Zoho,Zoho Only — Never Booked,2026-04-14
ZCR-110526,ZCR-110526,,Jose,Raymond,,(991) 003-2456,2024-12-24,,0,0.0,,No DaySmart Record,Qualified,invalid,Prospect Rule,Invalid email — no booking,86,33,Zoho,Zoho Only — Never Booked,2026-04-14
ZCR-110528,ZCR-110528,,Thomas,Barker,,(878) 972-4973,2025-09-11,,0,0.0,,No DaySmart Record,Qualified,invalid,Prospect Rule,Invalid email — no booking,78,33,Zoho,Zoho Only — Never Booked,2026-04-14
ZCR-110530,ZCR-110530,,Margaret,Harrison,,(168) 018-1978,2025-05-27,,0,0.0,,No DaySmart Record,Unqualified,spamtrap,Prospect Rule,Invalid email — no booking,43,37,Zoho,Zoho Only — Never Booked,2026-04-14
ZCR-110537,ZCR-110537,,Christopher,Carroll,,(297) 428-4470,2025-12-19,,0,0.0,,No DaySmart Record,Converted,abuse,Prospect Rule,Invalid email — no booking,22,20,Zoho,Zoho Only — Never Booked,2026-04-14
ZCR-110539,ZCR-110539,,Andrea,Thomas,,(531) 060-3387,2025-04-15,,0,0.0,,No DaySmart Record,Converted,spamtrap,Prospect Rule,Invalid email — no booking,68,47,Zoho,Zoho Only — Never Booked,2026-04-14
ZCR-110541,ZCR-110541,,Kelly,Jones,,(970) 502-8431,2026-02-27,,0,0.0,,No DaySmart Record,Unqualified,spamtrap,Prospect Rule,Invalid email — no booking,106,15,Zoho,Zoho Only — Never Booked,2026-04-14
ZCR-110560,ZCR-110560,,Carol,Oneal,,(286) 960-8028,2024-05-12,,0,0.0,,No DaySmart Record,New,invalid,Prospect Rule,Invalid email — no booking,119,55,Zoho,Zoho Only — Never Booked,2026-04-14
ZCR-110570,ZCR-110570,,Wendy,Alexander,,(252) 040-8878,2025-12-11,,0,0.0,,No DaySmart Record,Working,abuse,Prospect Rule,Invalid email — no booking,93,15,Zoho,Zoho Only — Never Booked,2026-04-14
ZCR-110573,ZCR-110573,,Alejandra,Arroyo,,(264) 390-8692,2024-07-05,,0,0.0,,No DaySmart Record,Converted,invalid,Prospect Rule,Invalid email — no booking,7,5,Zoho,Zoho Only — Never Booked,2026-04-14
ZCR-110575,ZCR-110575,,Cristina,Nelson,,(586) 412-1947,2025-08-21,,0,0.0,,No DaySmart Record,New,abuse,Prospect Rule,Invalid email — no booking,89,36,Zoho,Zoho Only — Never Booked,2026-04-14
ZCR-110577,ZCR-110577,,Jessica,Orr,,(612) 776-0169,2025-08-07,,0,0.0,,No DaySmart Record,Working,invalid,Prospect Rule,Invalid email — no booking,10,8,Zoho,Zoho Only — Never Booked,2026-04-14
ZCR-110586,ZCR-110586,,Christopher,Thomas,,(299) 255-4821,2025-12-31,,0,0.0,,No DaySmart Record,Unqualified,invalid,Prospect Rule,Invalid email — no booking,5,4,Zoho,Zoho Only — Never Booked,2026-04-14
ZCR-110589,ZCR-110589,,Jasmin,Barnes,,(475) 070-9874,2025-08-23,,0,0.0,,No DaySmart Record,Qualified,abuse,Prospect Rule,Invalid email — no booking,13,2,Zoho,Zoho Only — Never Booked,2026-04-14
ZCR-110592,ZCR-110592,,Veronica,Phillips,,(531) 214-4654,2024-11-18,,0,0.0,,No DaySmart Record,Unqualified,invalid,Prospect Rule,Invalid email — no booking,9,0,Zoho,Zoho Only — Never Booked,2026-04-14
ZCR-110599,ZCR-110599,,Laura,Sanchez,,(161) 702-8733,2024-10-27,,0,0.0,,No DaySmart Record,Converted,invalid,Prospect Rule,Invalid email — no booking,51,20,Zoho,Zoho Only — Never Booked,2026-04-14
ZCR-110604,ZCR-110604,,Donna,Brooks,,(904) 213-9335,2024-08-03,,0,0.0,,No DaySmart Record,Unqualified,invalid,Prospect Rule,Invalid email — no booking,69,28,Zoho,Zoho Only — Never Booked,2026-04-14
ZCR-110608,ZCR-110608,,Jennifer,Robinson,,(912) 979-0887,2025-11-26,,0,0.0,,No DaySmart Record,Qualified,invalid,Prospect Rule,Invalid email — no booking,37,25,Zoho,Zoho Only — Never Booked,2026-04-14
ZCR-110611,ZCR-110611,,Madison,Watson,,(355) 817-3837,2025-09-12,,0,0.0,,No DaySmart Record,Converted,spamtrap,Prospect Rule,Invalid email — no booking,113,54,Zoho,Zoho Only — Never Booked,2026-04-14
ZCR-110617,ZCR-110617,,Danny,Miller,,(149) 103-5198,2025-06-16,,0,0.0,,No DaySmart Record,Unqualified,invalid,Prospect Rule,Invalid email — no booking,37,23,Zoho,Zoho Only — Never Booked,2026-04-14
ZCR-110621,ZCR-110621,,Jonathan,Clark,,(337) 754-3929,2025-10-19,,0,0.0,,No DaySmart Record,New,abuse,Prospect Rule,Invalid email — no booking,15,2,Zoho,Zoho Only — Never Booked,2026-04-14
ZCR-110624,ZCR-110624,,Jay,Franklin,,(925) 332-4359,2024-07-24,,0,0.0,,No DaySmart Record,Unqualified,abuse,Prospect Rule,Invalid email — no booking,61,26,Zoho,Zoho Only — Never Booked,2026-04-14
ZCR-110628,ZCR-110628,,Amy,Thompson,,(074) 983-3204,2025-01-13,,0,0.0,,No DaySmart Record,New,spamtrap,Prospect Rule,Invalid email — no booking,50,30,Zoho,Zoho Only — Never Booked,2026-04-14
ZCR-110630,ZCR-110630,,Kathleen,Wilkinson,,(711) 248-3754,2025-03-21,,0,0.0,,No DaySmart Record,Converted,invalid,Prospect Rule,Invalid email — no booking,92,23,Zoho,Zoho Only — Never Booked,2026-04-14
ZCR-110632,ZCR-110632,,Carol,Hernandez,,(125) 376-9416,2025-05-08,,0,0.0,,No DaySmart Record,Working,invalid,Prospect Rule,Invalid email — no booking,120,26,Zoho,Zoho Only — Never Booked,2026-04-14
ZCR-110633,ZCR-110633,,Aimee,Thompson,,(934) 042-3705,2024-07-16,,0,0.0,,No DaySmart Record,Qualified,invalid,Prospect Rule,Invalid email — no booking,88,18,Zoho,Zoho Only — Never Booked,2026-04-14
ZCR-110639,ZCR-110639,,Geoffrey,Morrison,,(827) 141-5449,2024-11-12,,0,0.0,,No DaySmart Record,Unqualified,invalid,Prospect Rule,Invalid email — no booking,119,57,Zoho,Zoho Only — Never Booked,2026-04-14
ZCR-110646,ZCR-110646,,Kristen,Becker,,(032) 772-8697,2025-10-31,,0,0.0,,No DaySmart Record,New,invalid,Prospect Rule,Invalid email — no booking,11,4,Zoho,Zoho Only — Never Booked,2026-04-14
ZCR-110661,ZCR-110661,,Evan,Serrano,,(444) 696-0511,2025-01-11,,0,0.0,,No DaySmart Record,Converted,invalid,Prospect Rule,Invalid email — no booking,7,7,Zoho,Zoho Only — Never Booked,2026-04-14
ZCR-110665,ZCR-110665,,Alan,Hale,,(231) 343-6088,2024-07-26,,0,0.0,,No DaySmart Record,Converted,invalid,Prospect Rule,Invalid email — no booking,109,24,Zoho,Zoho Only — Never Booked,2026-04-14
ZCR-110666,ZCR-110666,,Melinda,Jackson,,(245) 598-1203,2024-10-18,,0,0.0,,No DaySmart Record,Converted,spamtrap,Prospect Rule,Invalid email — no booking,63,1,Zoho,Zoho Only — Never Booked,2026-04-14
ZCR-110674,ZCR-110674,,Jeffrey,Irwin,,(307) 871-3531,2026-03-06,,0,0.0,,No DaySmart Record,New,spamtrap,Prospect Rule,Invalid email — no booking,37,26,Zoho,Zoho Only — Never Booked,2026-04-14
ZCR-110675,ZCR-110675,,Jessica,Zamora,,(313) 684-5128,2025-06-11,,0,0.0,,No DaySmart Record,Converted,invalid,Prospect Rule,Invalid email — no booking,84,5,Zoho,Zoho Only — Never Booked,2026-04-14
ZCR-110693,ZCR-110693,,Nicole,Eaton,,(550) 113-9873,2025-02-27,,0,0.0,,No DaySmart Record,Working,spamtrap,Prospect Rule,Invalid email — no booking,33,7,Zoho,Zoho Only — Never Booked,2026-04-14
ZCR-110718,ZCR-110718,,Stacy,Hughes,,(073) 638-6301,2024-10-15,,0,0.0,,No DaySmart Record,Unqualified,abuse,Prospect Rule,Invalid email — no booking,82,5,Zoho,Zoho Only — Never Booked,2026-04-14
ZCR-110720,ZCR-110720,,Shannon,Harris MD,,(761) 494-0423,2025-10-24,,0,0.0,,No DaySmart Record,Converted,invalid,Prospect Rule,Invalid email — no booking,61,2,Zoho,Zoho Only — Never Booked,2026-04-14
ZCR-110726,ZCR-110726,,Dan,Williams,,(613) 031-8375,2024-11-26,,0,0.0,,No DaySmart Record,New,spamtrap,Prospect Rule,Invalid email — no booking,101,56,Zoho,Zoho Only — Never Booked,2026-04-14
ZCR-110728,ZCR-110728,,Joy,Hall,,(162) 997-5951,2025-01-23,,0,0.0,,No DaySmart Record,New,invalid,Prospect Rule,Invalid email — no booking,23,3,Zoho,Zoho Only — Never Booked,2026-04-14
ZCR-110740,ZCR-110740,,Deanna,Graves,,(953) 299-5577,2026-03-10,,0,0.0,,No DaySmart Record,New,invalid,Prospect Rule,Invalid email — no booking,99,9,Zoho,Zoho Only — Never Booked,2026-04-14
ZCR-110744,ZCR-110744,,Terry,Fernandez,,(094) 349-4246,2025-01-17,,0,0.0,,No DaySmart Record,Working,invalid,Prospect Rule,Invalid email — no booking,35,32,Zoho,Zoho Only — Never Booked,2026-04-14
ZCR-110752,ZCR-110752,,Peter,Young,,(679) 459-1217,2025-06-15,,0,0.0,,No DaySmart Record,Converted,invalid,Prospect Rule,Invalid email — no booking,17,11,Zoho,Zoho Only — Never Booked,2026-04-14
ZCR-110757,ZCR-110757,,Christopher,Butler,,(584) 334-9853,2024-05-08,,0,0.0,,No DaySmart Record,Unqualified,invalid,Prospect Rule,Invalid email — no booking,32,3,Zoho,Zoho Only — Never Booked,2026-04-14
ZCR-110760,ZCR-110760,,Juan,Osborne,,(676) 673-6532,2024-10-06,,0,0.0,,No DaySmart Record,Qualified,spamtrap,Prospect Rule,Invalid email — no booking,39,8,Zoho,Zoho Only — Never Booked,2026-04-14
ZCR-110770,ZCR-110770,,Cheryl,Vaughn,,(902) 500-5244,2025-08-12,,0,0.0,,No DaySmart Record,Unqualified,invalid,Prospect Rule,Invalid email — no booking,53,48,Zoho,Zoho Only — Never Booked,2026-04-14
ZCR-110777,ZCR-110777,,Jordan,Flores,,(878) 486-1692,2024-10-24,,0,0.0,,No DaySmart Record,Unqualified,invalid,Prospect Rule,Invalid email — no booking,73,48,Zoho,Zoho Only — Never Booked,2026-04-14
ZCR-110787,ZCR-110787,,Johnathan,Rose,,(051) 105-2935,2024-05-12,,0,0.0,,No DaySmart Record,Converted,invalid,Prospect Rule,Invalid email — no booking,55,35,Zoho,Zoho Only — Never Booked,2026-04-14
ZCR-110793,ZCR-110793,,Douglas,Haynes,,(579) 616-9380,2024-09-20,,0,0.0,,No DaySmart Record,Working,spamtrap,Prospect Rule,Invalid email — no booking,76,34,Zoho,Zoho Only — Never Booked,2026-04-14
ZCR-110795,ZCR-110795,,Heather,Chase,,(710) 490-2319,2025-12-04,,0,0.0,,No DaySmart Record,Converted,invalid,Prospect Rule,Invalid email — no booking,77,59,Zoho,Zoho Only — Never Booked,2026-04-14
ZCR-110798,ZCR-110798,,Helen,Gonzalez,,(306) 954-7368,2024-11-16,,0,0.0,,No DaySmart Record,Converted,invalid,Prospect Rule,Invalid email — no booking,10,7,Zoho,Zoho Only — Never Booked,2026-04-14
ZCR-110801,ZCR-110801,,Heather,Lopez,,(489) 868-7478,2024-08-14,,0,0.0,,No DaySmart Record,Converted,spamtrap,Prospect Rule,Invalid email — no booking,13,3,Zoho,Zoho Only — Never Booked,2026-04-14
ZCR-110802,ZCR-110802,,Tiffany,Young,,(310) 804-3716,2025-03-10,,0,0.0,,No DaySmart Record,Converted,invalid,Prospect Rule,Invalid email — no booking,65,39,Zoho,Zoho Only — Never Booked,2026-04-14
ZCR-110816,ZCR-110816,,Jessica,Hayes,,(798) 273-7242,2024-11-06,,0,0.0,,No DaySmart Record,Converted,invalid,Prospect Rule,Invalid email — no booking,11,3,Zoho,Zoho Only — Never Booked,2026-04-14
ZCR-110827,ZCR-110827,,Elizabeth,Williamson,,(572) 125-2742,2025-02-13,,0,0.0,,No DaySmart Record,Converted,invalid,Prospect Rule,Invalid email — no booking,49,15,Zoho,Zoho Only — Never Booked,2026-04-14
ZCR-110828,ZCR-110828,,Eric,Martinez,,(316) 167-3643,2024-09-01,,0,0.0,,No DaySmart Record,Qualified,invalid,Prospect Rule,Invalid email — no booking,89,42,Zoho,Zoho Only — Never Booked,2026-04-14
ZCR-110836,ZCR-110836,,Kathryn,Russell,,(880) 325-1761,2025-09-04,,0,0.0,,No DaySmart Record,Qualified,invalid,Prospect Rule,Invalid email — no booking,70,41,Zoho,Zoho Only — Never Booked,2026-04-14
ZCR-110842,ZCR-110842,,Marcus,Fischer,,(477) 726-6627,2024-09-14,,0,0.0,,No DaySmart Record,Working,invalid,Prospect Rule,Invalid email — no booking,112,43,Zoho,Zoho Only — Never Booked,2026-04-14
ZCR-110855,ZCR-110855,,George,Harvey,,(659) 877-8775,2024-04-24,,0,0.0,,No DaySmart Record,Qualified,invalid,Prospect Rule,Invalid email — no booking,47,36,Zoho,Zoho Only — Never Booked,2026-04-14
ZCR-110860,ZCR-110860,,Luis,Howard,,(725) 370-1416,2025-12-22,,0,0.0,,No DaySmart Record,Working,abuse,Prospect Rule,Invalid email — no booking,111,40,Zoho,Zoho Only — Never Booked,2026-04-14
ZCR-110861,ZCR-110861,,April,Wilkinson,,(562) 824-9599,2025-08-26,,0,0.0,,No DaySmart Record,New,spamtrap,Prospect Rule,Invalid email — no booking,13,12,Zoho,Zoho Only — Never Booked,2026-04-14
ZCR-110867,ZCR-110867,,Samantha,Weeks,,(409) 256-2111,2025-04-27,,0,0.0,,No DaySmart Record,Qualified,invalid,Prospect Rule,Invalid email — no booking,79,20,Zoho,Zoho Only — Never Booked,2026-04-14
ZCR-110869,ZCR-110869,,Ashley,Smith,,(936) 398-3856,2024-12-04,,0,0.0,,No DaySmart Record,Qualified,invalid,Prospect Rule,Invalid email — no booking,113,26,Zoho,Zoho Only — Never Booked,2026-04-14
ZCR-110895,ZCR-110895,,Michael,Day,,(194) 058-5342,2026-01-01,,0,0.0,,No DaySmart Record,Unqualified,spamtrap,Prospect Rule,Invalid email — no booking,63,10,Zoho,Zoho Only — Never Booked,2026-04-14
ZCR-110897,ZCR-110897,,Christopher,Perry,,(328) 619-7396,2025-09-04,,0,0.0,,No DaySmart Record,Unqualified,invalid,Prospect Rule,Invalid email — no booking,36,8,Zoho,Zoho Only — Never Booked,2026-04-14
ZCR-110909,ZCR-110909,,Arthur,Perry,,(430) 000-8679,2024-07-30,,0,0.0,,No DaySmart Record,Working,spamtrap,Prospect Rule,Invalid email — no booking,110,5,Zoho,Zoho Only — Never Booked,2026-04-14
ZCR-110912,ZCR-110912,,Christopher,Morris,,(777) 094-7316,2024-12-05,,0,0.0,,No DaySmart Record,Working,spamtrap,Prospect Rule,Invalid email — no booking,16,3,Zoho,Zoho Only — Never Booked,2026-04-14
ZCR-110917,ZCR-110917,,Shannon,Baker,,(274) 848-3688,2026-01-20,,0,0.0,,No DaySmart Record,New,abuse,Prospect Rule,Invalid email — no booking,26,25,Zoho,Zoho Only — Never Booked,2026-04-14
ZCR-110922,ZCR-110922,,Jenny,Ramirez,,(236) 653-7112,2025-02-18,,0,0.0,,No DaySmart Record,Unqualified,invalid,Prospect Rule,Invalid email — no booking,24,1,Zoho,Zoho Only — Never Booked,2026-04-14
ZCR-110924,ZCR-110924,,Christopher,Schmidt,,(113) 704-4078,2025-08-12,,0,0.0,,No DaySmart Record,Converted,abuse,Prospect Rule,Invalid email — no booking,93,45,Zoho,Zoho Only — Never Booked,2026-04-14
ZCR-110937,ZCR-110937,,Leslie,Myers,,(726) 312-4682,2025-04-23,,0,0.0,,No DaySmart Record,Converted,invalid,Prospect Rule,Invalid email — no booking,108,0,Zoho,Zoho Only — Never Booked,2026-04-14
ZCR-110938,ZCR-110938,,Kevin,Rosales,,(284) 808-1225,2025-01-23,,0,0.0,,No DaySmart Record,Working,invalid,Prospect Rule,Invalid email — no booking,75,60,Zoho,Zoho Only — Never Booked,2026-04-14
ZCR-110947,ZCR-110947,,Sydney,Ibarra,,(989) 452-8987,2025-11-30,,0,0.0,,No DaySmart Record,Qualified,spamtrap,Prospect Rule,Invalid email — no booking,95,50,Zoho,Zoho Only — Never Booked,2026-04-14
ZCR-110952,ZCR-110952,,Bruce,Walker,,(554) 754-1322,2025-06-22,,0,0.0,,No DaySmart Record,Unqualified,abuse,Prospect Rule,Invalid email — no booking,99,15,Zoho,Zoho Only — Never Booked,2026-04-14
ZCR-110963,ZCR-110963,,Michelle,Baker,,(644) 351-2878,2024-11-28,,0,0.0,,No DaySmart Record,Unqualified,invalid,Prospect Rule,Invalid email — no booking,26,20,Zoho,Zoho Only — Never Booked,2026-04-14
ZCR-110967,ZCR-110967,,Michael,Rose,,(447) 499-9176,2025-10-16,,0,0.0,,No DaySmart Record,Qualified,invalid,Prospect Rule,Invalid email — no booking,113,56,Zoho,Zoho Only — Never Booked,2026-04-14
ZCR-110974,ZCR-110974,,Heidi,Johnson,,(466) 493-6199,2025-10-04,,0,0.0,,No DaySmart Record,New,invalid,Prospect Rule,Invalid email — no booking,41,13,Zoho,Zoho Only — Never Booked,2026-04-14
ZCR-110980,ZCR-110980,,Joshua,Garcia,,(000) 142-4847,2025-04-12,,0,0.0,,No DaySmart Record,Unqualified,invalid,Prospect Rule,Invalid email — no booking,2,1,Zoho,Zoho Only — Never Booked,2026-04-14
ZCR-110985,ZCR-110985,,Larry,Weaver,,(811) 948-0432,2024-06-04,,0,0.0,,No DaySmart Record,Converted,invalid,Prospect Rule,Invalid email — no booking,54,29,Zoho,Zoho Only — Never Booked,2026-04-14
ZCR-110987,ZCR-110987,,Tyler,Wilson,,(837) 941-2706,2025-08-09,,0,0.0,,No DaySmart Record,Converted,invalid,Prospect Rule,Invalid email — no booking,4,2,Zoho,Zoho Only — Never Booked,2026-04-14
ZCR-110988,ZCR-110988,,James,Harrison,,(724) 772-7730,2024-04-14,,0,0.0,,No DaySmart Record,Converted,invalid,Prospect Rule,Invalid email — no booking,25,13,Zoho,Zoho Only — Never Booked,2026-04-14
ZCR-110999,ZCR-110999,,Casey,Mendoza,,(748) 278-4350,2026-03-09,,0,0.0,,No DaySmart Record,New,invalid,Prospect Rule,Invalid email — no booking,107,6,Zoho,Zoho Only — Never Booked,2026-04-14
ZCR-111005,ZCR-111005,,Gloria,Park,,(213) 583-6921,2025-07-15,,0,0.0,,No DaySmart Record,Qualified,spamtrap,Prospect Rule,Invalid email — no booking,91,33,Zoho,Zoho Only — Never Booked,2026-04-14
ZCR-111006,ZCR-111006,,Michelle,Logan,,(525) 110-6520,2024-07-16,,0,0.0,,No DaySmart Record,Unqualified,spamtrap,Prospect Rule,Invalid email — no booking,0,0,Zoho,Zoho Only — Never Booked,2026-04-14
ZCR-111009,ZCR-111009,,Robert,Boyd,,(685) 477-6588,2025-05-20,,0,0.0,,No DaySmart Record,Working,abuse,Prospect Rule,Invalid email — no booking,21,21,Zoho,Zoho Only — Never Booked,2026-04-14
ZCR-111020,ZCR-111020,,Erika,Peters,,(375) 002-6264,2025-11-30,,0,0.0,,No DaySmart Record,Qualified,spamtrap,Prospect Rule,Invalid email — no booking,57,28,Zoho,Zoho Only — Never Booked,2026-04-14
ZCR-111023,ZCR-111023,,Leah,Mcintyre,,(459) 030-8262,2025-03-24,,0,0.0,,No DaySmart Record,Working,spamtrap,Prospect Rule,Invalid email — no booking,98,31,Zoho,Zoho Only — Never Booked,2026-04-14
ZCR-111025,ZCR-111025,,Elizabeth,Gonzalez,,(787) 692-7287,2025-05-18,,0,0.0,,No DaySmart Record,Qualified,invalid,Prospect Rule,Invalid email — no booking,106,55,Zoho,Zoho Only — Never Booked,2026-04-14
ZCR-111026,ZCR-111026,,Tina,Guzman,,(245) 458-2374,2026-03-05,,0,0.0,,No DaySmart Record,New,invalid,Prospect Rule,Invalid email — no booking,87,45,Zoho,Zoho Only — Never Booked,2026-04-14
ZCR-111033,ZCR-111033,,Tyler,Walker,,(341) 470-8590,2024-11-05,,0,0.0,,No DaySmart Record,New,invalid,Prospect Rule,Invalid email — no booking,18,0,Zoho,Zoho Only — Never Booked,2026-04-14
ZCR-111047,ZCR-111047,,Dominique,Hughes,,(923) 930-5768,2025-09-10,,0,0.0,,No DaySmart Record,Unqualified,spamtrap,Prospect Rule,Invalid email — no booking,120,54,Zoho,Zoho Only — Never Booked,2026-04-14
ZCR-111061,ZCR-111061,,Samantha,Knight,,(833) 941-4309,2025-01-19,,0,0.0,,No DaySmart Record,Qualified,invalid,Prospect Rule,Invalid email — no booking,23,8,Zoho,Zoho Only — Never Booked,2026-04-14
ZCR-111067,ZCR-111067,,Emily,Fuller,,(830) 960-7119,2024-10-08,,0,0.0,,No DaySmart Record,Unqualified,abuse,Prospect Rule,Invalid email — no booking,54,20,Zoho,Zoho Only — Never Booked,2026-04-14
ZCR-111077,ZCR-111077,,Kyle,Johnson,,(774) 333-4810,2025-12-09,,0,0.0,,No DaySmart Record,Qualified,invalid,Prospect Rule,Invalid email — no booking,9,9,Zoho,Zoho Only — Never Booked,2026-04-14
ZCR-111108,ZCR-111108,,Elizabeth,Simmons,,(547) 108-6173,2025-09-06,,0,0.0,,No DaySmart Record,Converted,invalid,Prospect Rule,Invalid email — no booking,62,44,Zoho,Zoho Only — Never Booked,2026-04-14
ZCR-111109,ZCR-111109,,Matthew,Simpson,,(533) 164-8497,2025-11-23,,0,0.0,,No DaySmart Record,Qualified,invalid,Prospect Rule,Invalid email — no booking,19,8,Zoho,Zoho Only — Never Booked,2026-04-14
ZCR-111112,ZCR-111112,,Francisco,Arias,,(489) 191-2450,2026-02-02,,0,0.0,,No DaySmart Record,Unqualified,invalid,Prospect Rule,Invalid email — no booking,120,8,Zoho,Zoho Only — Never Booked,2026-04-14
ZCR-111127,ZCR-111127,,Adam,Baker,,(476) 844-5016,2025-09-24,,0,0.0,,No DaySmart Record,Unqualified,abuse,Prospect Rule,Invalid email — no booking,119,27,Zoho,Zoho Only — Never Booked,2026-04-14
ZCR-111129,ZCR-111129,,Kirsten,Rogers,,(901) 019-6412,2026-02-20,,0,0.0,,No DaySmart Record,Converted,invalid,Prospect Rule,Invalid email — no booking,99,53,Zoho,Zoho Only — Never Booked,2026-04-14
ZCR-111132,ZCR-111132,,Nicholas,Noble,,(838) 779-9782,2025-02-07,,0,0.0,,No DaySmart Record,New,invalid,Prospect Rule,Invalid email — no booking,105,51,Zoho,Zoho Only — Never Booked,2026-04-14
ZCR-111147,ZCR-111147,,Monica,Williams,,(314) 355-4802,2024-10-29,,0,0.0,,No DaySmart Record,New,spamtrap,Prospect Rule,Invalid email — no booking,12,11,Zoho,Zoho Only — Never Booked,2026-04-14
ZCR-111166,ZCR-111166,,Joel,Martin,,(300) 544-7826,2024-07-11,,0,0.0,,No DaySmart Record,Unqualified,invalid,Prospect Rule,Invalid email — no booking,34,20,Zoho,Zoho Only — Never Booked,2026-04-14
ZCR-111169,ZCR-111169,,Michele,Hernandez,,(520) 159-6242,2025-02-15,,0,0.0,,No DaySmart Record,New,invalid,Prospect Rule,Invalid email — no booking,98,56,Zoho,Zoho Only — Never Booked,2026-04-14
ZCR-111171,ZCR-111171,,Mrs.,Stephanie Weeks,,(618) 348-5788,2026-02-02,,0,0.0,,No DaySmart Record,Unqualified,abuse,Prospect Rule,Invalid email — no booking,38,10,Zoho,Zoho Only — Never Booked,2026-04-14
ZCR-111181,ZCR-111181,,Meredith,Hooper,,(554) 492-3362,2025-10-04,,0,0.0,,No DaySmart Record,Converted,invalid,Prospect Rule,Invalid email — no booking,89,29,Zoho,Zoho Only — Never Booked,2026-04-14
ZCR-111188,ZCR-111188,,Joel,Washington,,(340) 322-0012,2024-10-19,,0,0.0,,No DaySmart Record,Working,invalid,Prospect Rule,Invalid email — no booking,5,1,Zoho,Zoho Only — Never Booked,2026-04-14
ZCR-111192,ZCR-111192,,Aaron,Wells,,(409) 490-3844,2025-02-15,,0,0.0,,No DaySmart Record,Converted,invalid,Prospect Rule,Invalid email — no booking,49,9,Zoho,Zoho Only — Never Booked,2026-04-14
ZCR-111194,ZCR-111194,,Nancy,Dunn,,(159) 993-7720,2024-06-30,,0,0.0,,No DaySmart Record,Converted,abuse,Prospect Rule,Invalid email — no booking,88,49,Zoho,Zoho Only — Never Booked,2026-04-14
ZCR-111195,ZCR-111195,,Aaron,Malone,,(262) 528-8296,2025-09-15,,0,0.0,,No DaySmart Record,Working,abuse,Prospect Rule,Invalid email — no booking,46,10,Zoho,Zoho Only — Never Booked,2026-04-14
ZCR-111207,ZCR-111207,,Jennifer,Franklin,,(544) 254-9382,2025-03-14,,0,0.0,,No DaySmart Record,Unqualified,invalid,Prospect Rule,Invalid email — no booking,49,14,Zoho,Zoho Only — Never Booked,2026-04-14
ZCR-111219,ZCR-111219,,Matthew,Gillespie,,(667) 716-5364,2026-03-22,,0,0.0,,No DaySmart Record,Converted,invalid,Prospect Rule,Invalid email — no booking,89,50,Zoho,Zoho Only — Never Booked,2026-04-14
ZCR-111244,ZCR-111244,,Seth,Farley,,(171) 508-0889,2025-10-27,,0,0.0,,No DaySmart Record,New,invalid,Prospect Rule,Invalid email — no booking,115,21,Zoho,Zoho Only — Never Booked,2026-04-14
ZCR-111257,ZCR-111257,,Alex,Gutierrez,,(290) 950-8296,2025-10-23,,0,0.0,,No DaySmart Record,New,invalid,Prospect Rule,Invalid email — no booking,43,26,Zoho,Zoho Only — Never Booked,2026-04-14
ZCR-111265,ZCR-111265,,Jennifer,Porter,,(277) 609-2358,2024-05-22,,0,0.0,,No DaySmart Record,Unqualified,invalid,Prospect Rule,Invalid email — no booking,23,12,Zoho,Zoho Only — Never Booked,2026-04-14
ZCR-111268,ZCR-111268,,Mathew,Ward,,(756) 076-3937,2025-05-22,,0,0.0,,No DaySmart Record,Unqualified,invalid,Prospect Rule,Invalid email — no booking,47,20,Zoho,Zoho Only — Never Booked,2026-04-14
ZCR-111271,ZCR-111271,,Joshua,Byrd,,(930) 976-7747,2024-12-26,,0,0.0,,No DaySmart Record,Qualified,invalid,Prospect Rule,Invalid email — no booking,26,16,Zoho,Zoho Only — Never Booked,2026-04-14
ZCR-111275,ZCR-111275,,Mark,Conner,,(636) 441-0445,2024-11-29,,0,0.0,,No DaySmart Record,Qualified,invalid,Prospect Rule,Invalid email — no booking,115,12,Zoho,Zoho Only — Never Booked,2026-04-14
ZCR-111276,ZCR-111276,,Tammy,Liu,,(987) 845-2767,2025-07-06,,0,0.0,,No DaySmart Record,Working,invalid,Prospect Rule,Invalid email — no booking,74,57,Zoho,Zoho Only — Never Booked,2026-04-14
ZCR-111285,ZCR-111285,,Joshua,Gonzalez,,(944) 408-3003,2025-07-07,,0,0.0,,No DaySmart Record,New,invalid,Prospect Rule,Invalid email — no booking,109,54,Zoho,Zoho Only — Never Booked,2026-04-14
ZCR-111286,ZCR-111286,,Donna,Underwood,,(208) 103-9963,2025-04-20,,0,0.0,,No DaySmart Record,Unqualified,abuse,Prospect Rule,Invalid email — no booking,7,6,Zoho,Zoho Only — Never Booked,2026-04-14
ZCR-111289,ZCR-111289,,Steve,Dean,,(130) 698-3624,2026-03-25,,0,0.0,,No DaySmart Record,Converted,invalid,Prospect Rule,Invalid email — no booking,23,12,Zoho,Zoho Only — Never Booked,2026-04-14
ZCR-111299,ZCR-111299,,Jeremy,Crawford,,(471) 271-5993,2024-12-03,,0,0.0,,No DaySmart Record,New,invalid,Prospect Rule,Invalid email — no booking,68,39,Zoho,Zoho Only — Never Booked,2026-04-14
ZCR-111319,ZCR-111319,,Jennifer,Harris,,(508) 630-8813,2025-08-04,,0,0.0,,No DaySmart Record,New,abuse,Prospect Rule,Invalid email — no booking,101,34,Zoho,Zoho Only — Never Booked,2026-04-14
ZCR-111328,ZCR-111328,,Jonathan,Graves,,(100) 130-7051,2024-05-07,,0,0.0,,No DaySmart Record,Converted,invalid,Prospect Rule,Invalid email — no booking,72,10,Zoho,Zoho Only — Never Booked,2026-04-14
ZCR-111330,ZCR-111330,,Christopher,Johnson,,(403) 348-9623,2025-03-26,,0,0.0,,No DaySmart Record,Converted,invalid,Prospect Rule,Invalid email — no booking,75,19,Zoho,Zoho Only — Never Booked,2026-04-14
ZCR-111334,ZCR-111334,,Jose,Beard,,(917) 753-9570,2026-01-06,,0,0.0,,No DaySmart Record,Qualified,spamtrap,Prospect Rule,Invalid email — no booking,117,19,Zoho,Zoho Only — Never Booked,2026-04-14
ZCR-111341,ZCR-111341,,Daniel,Hutchinson,,(375) 297-4923,2025-12-09,,0,0.0,,No DaySmart Record,New,spamtrap,Prospect Rule,Invalid email — no booking,74,4,Zoho,Zoho Only — Never Booked,2026-04-14
ZCR-111350,ZCR-111350,,Nicholas,Rivera,,(673) 197-1945,2026-03-20,,0,0.0,,No DaySmart Record,Unqualified,invalid,Prospect Rule,Invalid email — no booking,10,2,Zoho,Zoho Only — Never Booked,2026-04-14
ZCR-111357,ZCR-111357,,Wayne,Patterson,,(842) 653-0949,2024-12-03,,0,0.0,,No DaySmart Record,Working,spamtrap,Prospect Rule,Invalid email — no booking,107,16,Zoho,Zoho Only — Never Booked,2026-04-14
ZCR-111388,ZCR-111388,,Lee,Brown,,(831) 274-5030,2026-01-28,,0,0.0,,No DaySmart Record,Unqualified,invalid,Prospect Rule,Invalid email — no booking,46,33,Zoho,Zoho Only — Never Booked,2026-04-14
ZCR-111400,ZCR-111400,,Martha,Davis,,(482) 717-6282,2025-09-06,,0,0.0,,No DaySmart Record,Converted,spamtrap,Prospect Rule,Invalid email — no booking,68,18,Zoho,Zoho Only — Never Booked,2026-04-14
ZCR-111403,ZCR-111403,,Allison,Jones,,(597) 378-6671,2024-07-29,,0,0.0,,No DaySmart Record,Unqualified,invalid,Prospect Rule,Invalid email — no booking,97,34,Zoho,Zoho Only — Never Booked,2026-04-14
ZCR-111412,ZCR-111412,,Billy,Pitts,,(454) 564-9274,2025-11-26,,0,0.0,,No DaySmart Record,New,invalid,Prospect Rule,Invalid email — no booking,80,30,Zoho,Zoho Only — Never Booked,2026-04-14
ZCR-111413,ZCR-111413,,Teresa,Turner,,(112) 554-6980,2025-06-29,,0,0.0,,No DaySmart Record,Unqualified,invalid,Prospect Rule,Invalid email — no booking,6,4,Zoho,Zoho Only — Never Booked,2026-04-14
ZCR-111422,ZCR-111422,,Katherine,Watkins MD,,(759) 534-3616,2024-07-01,,0,0.0,,No DaySmart Record,Unqualified,invalid,Prospect Rule,Invalid email — no booking,82,39,Zoho,Zoho Only — Never Booked,2026-04-14
ZCR-111426,ZCR-111426,,Miss,Linda Stokes MD,,(591) 235-3300,2024-12-11,,0,0.0,,No DaySmart Record,Qualified,invalid,Prospect Rule,Invalid email — no booking,16,15,Zoho,Zoho Only — Never Booked,2026-04-14
ZCR-111436,ZCR-111436,,Sarah,Dunn,,(895) 177-4557,2025-10-07,,0,0.0,,No DaySmart Record,Qualified,invalid,Prospect Rule,Invalid email — no booking,119,57,Zoho,Zoho Only — Never Booked,2026-04-14
ZCR-111450,ZCR-111450,,Kristi,Carter,,(572) 958-5137,2024-07-05,,0,0.0,,No DaySmart Record,Converted,abuse,Prospect Rule,Invalid email — no booking,87,33,Zoho,Zoho Only — Never Booked,2026-04-14
ZCR-111461,ZCR-111461,,Elizabeth,Wilson,,(628) 552-2696,2025-03-25,,0,0.0,,No DaySmart Record,New,abuse,Prospect Rule,Invalid email — no booking,19,4,Zoho,Zoho Only — Never Booked,2026-04-14
ZCR-111466,ZCR-111466,,Keith,Cook,,(888) 675-3688,2025-02-19,,0,0.0,,No DaySmart Record,Qualified,invalid,Prospect Rule,Invalid email — no booking,1,0,Zoho,Zoho Only — Never Booked,2026-04-14
ZCR-111468,ZCR-111468,,Gregory,Edwards,,(080) 083-1801,2025-02-28,,0,0.0,,No DaySmart Record,Unqualified,abuse,Prospect Rule,Invalid email — no booking,57,27,Zoho,Zoho Only — Never Booked,2026-04-14
ZCR-111471,ZCR-111471,,Jonathan,Carter,,(308) 101-7763,2025-01-13,,0,0.0,,No DaySmart Record,Qualified,invalid,Prospect Rule,Invalid email — no booking,71,38,Zoho,Zoho Only — Never Booked,2026-04-14
ZCR-111489,ZCR-111489,,Ronald,Alvarez,,(906) 905-5692,2025-03-16,,0,0.0,,No DaySmart Record,Unqualified,invalid,Prospect Rule,Invalid email — no booking,53,37,Zoho,Zoho Only — Never Booked,2026-04-14
ZCR-111492,ZCR-111492,,Yvonne,Fuller,,(261) 733-2899,2024-05-27,,0,0.0,,No DaySmart Record,New,spamtrap,Prospect Rule,Invalid email — no booking,107,2,Zoho,Zoho Only — Never Booked,2026-04-14
ZCR-111493,ZCR-111493,,Michelle,Valenzuela,,(310) 562-4011,2025-11-22,,0,0.0,,No DaySmart Record,New,invalid,Prospect Rule,Invalid email — no booking,82,43,Zoho,Zoho Only — Never Booked,2026-04-14
ZCR-111495,ZCR-111495,,Nichole,Reynolds,,(643) 960-3085,2024-08-06,,0,0.0,,No DaySmart Record,New,invalid,Prospect Rule,Invalid email — no booking,27,12,Zoho,Zoho Only — Never Booked,2026-04-14
ZCR-111501,ZCR-111501,,Sarah,Bradford,,(929) 152-9644,2024-12-14,,0,0.0,,No DaySmart Record,Qualified,invalid,Prospect Rule,Invalid email — no booking,19,16,Zoho,Zoho Only — Never Booked,2026-04-14
ZCR-111507,ZCR-111507,,Anthony,Rodriguez,,(342) 877-1973,2025-10-08,,0,0.0,,No DaySmart Record,Unqualified,invalid,Prospect Rule,Invalid email — no booking,80,56,Zoho,Zoho Only — Never Booked,2026-04-14
ZCR-111508,ZCR-111508,,Abigail,Bryant,,(253) 360-6656,2025-01-09,,0,0.0,,No DaySmart Record,New,invalid,Prospect Rule,Invalid email — no booking,26,9,Zoho,Zoho Only — Never Booked,2026-04-14
ZCR-111521,ZCR-111521,,Sharon,Guzman,,(278) 675-7160,2024-12-27,,0,0.0,,No DaySmart Record,New,invalid,Prospect Rule,Invalid email — no booking,39,13,Zoho,Zoho Only — Never Booked,2026-04-14
ZCR-111529,ZCR-111529,,Connor,Moore,,(688) 976-7458,2024-07-14,,0,0.0,,No DaySmart Record,New,spamtrap,Prospect Rule,Invalid email — no booking,30,6,Zoho,Zoho Only — Never Booked,2026-04-14
ZCR-111530,ZCR-111530,,Jacob,Wright,,(312) 076-1756,2024-07-31,,0,0.0,,No DaySmart Record,Unqualified,spamtrap,Prospect Rule,Invalid email — no booking,7,7,Zoho,Zoho Only — Never Booked,2026-04-14
ZCR-111536,ZCR-111536,,Bryan,Hood,,(353) 785-7826,2024-09-03,,0,0.0,,No DaySmart Record,Converted,spamtrap,Prospect Rule,Invalid email — no booking,109,51,Zoho,Zoho Only — Never Booked,2026-04-14
ZCR-111544,ZCR-111544,,Julia,Stone,,(473) 202-7015,2025-09-08,,0,0.0,,No DaySmart Record,New,invalid,Prospect Rule,Invalid email — no booking,0,0,Zoho,Zoho Only — Never Booked,2026-04-14
ZCR-111552,ZCR-111552,,Mr.,Jonathan Murphy,,(888) 743-7146,2024-08-16,,0,0.0,,No DaySmart Record,Converted,abuse,Prospect Rule,Invalid email — no booking,98,59,Zoho,Zoho Only — Never Booked,2026-04-14
ZCR-111556,ZCR-111556,,Christina,Riley,,(055) 298-1733,2024-07-07,,0,0.0,,No DaySmart Record,New,invalid,Prospect Rule,Invalid email — no booking,63,58,Zoho,Zoho Only — Never Booked,2026-04-14
ZCR-111581,ZCR-111581,,Lauren,Nelson,,(352) 328-4474,2024-08-23,,0,0.0,,No DaySmart Record,New,abuse,Prospect Rule,Invalid email — no booking,78,57,Zoho,Zoho Only — Never Booked,2026-04-14
ZCR-111582,ZCR-111582,,Amanda,Gonzalez,,(317) 377-6743,2025-03-27,,0,0.0,,No DaySmart Record,Working,invalid,Prospect Rule,Invalid email — no booking,55,13,Zoho,Zoho Only — Never Booked,2026-04-14
ZCR-111587,ZCR-111587,,Kristen,Jackson,,(373) 977-8105,2025-06-20,,0,0.0,,No DaySmart Record,Unqualified,abuse,Prospect Rule,Invalid email — no booking,4,4,Zoho,Zoho Only — Never Booked,2026-04-14
ZCR-111600,ZCR-111600,,Katelyn,Davis,,(335) 754-3148,2025-05-25,,0,0.0,,No DaySmart Record,Working,invalid,Prospect Rule,Invalid email — no booking,61,47,Zoho,Zoho Only — Never Booked,2026-04-14
ZCR-111605,ZCR-111605,,Christopher,Blanchard,,(893) 824-7821,2024-11-07,,0,0.0,,No DaySmart Record,Converted,invalid,Prospect Rule,Invalid email — no booking,0,0,Zoho,Zoho Only — Never Booked,2026-04-14
ZCR-111612,ZCR-111612,,Sandra,Richards DDS,,(573) 343-2695,2025-09-17,,0,0.0,,No DaySmart Record,New,invalid,Prospect Rule,Invalid email — no booking,13,1,Zoho,Zoho Only — Never Booked,2026-04-14
ZCR-111620,ZCR-111620,,Vanessa,Fleming,,(693) 049-5130,2025-02-15,,0,0.0,,No DaySmart Record,Unqualified,invalid,Prospect Rule,Invalid email — no booking,4,3,Zoho,Zoho Only — Never Booked,2026-04-14
ZCR-111627,ZCR-111627,,James,Doyle,,(149) 885-1501,2024-05-08,,0,0.0,,No DaySmart Record,Qualified,invalid,Prospect Rule,Invalid email — no booking,118,47,Zoho,Zoho Only — Never Booked,2026-04-14
ZCR-111631,ZCR-111631,,Randall,Anderson,,(217) 737-3338,2024-07-18,,0,0.0,,No DaySmart Record,Unqualified,spamtrap,Prospect Rule,Invalid email — no booking,32,16,Zoho,Zoho Only — Never Booked,2026-04-14
ZCR-111634,ZCR-111634,,Richard,Moore,,(047) 507-2147,2024-06-27,,0,0.0,,No DaySmart Record,Unqualified,invalid,Prospect Rule,Invalid email — no booking,119,48,Zoho,Zoho Only — Never Booked,2026-04-14
ZCR-111636,ZCR-111636,,Cody,Rose,,(642) 608-7970,2024-09-16,,0,0.0,,No DaySmart Record,Qualified,spamtrap,Prospect Rule,Invalid email — no booking,77,44,Zoho,Zoho Only — Never Booked,2026-04-14
ZCR-111645,ZCR-111645,,Michelle,Blair,,(515) 700-1068,2025-06-16,,0,0.0,,No DaySmart Record,Working,abuse,Prospect Rule,Invalid email — no booking,18,13,Zoho,Zoho Only — Never Booked,2026-04-14
ZCR-111647,ZCR-111647,,Travis,Faulkner,,(394) 723-9022,2025-12-26,,0,0.0,,No DaySmart Record,Unqualified,invalid,Prospect Rule,Invalid email — no booking,27,2,Zoho,Zoho Only — Never Booked,2026-04-14
ZCR-111650,ZCR-111650,,Richard,Shelton,,(669) 703-6026,2024-08-24,,0,0.0,,No DaySmart Record,Converted,invalid,Prospect Rule,Invalid email — no booking,91,22,Zoho,Zoho Only — Never Booked,2026-04-14
ZCR-111658,ZCR-111658,,Brenda,Massey,,(646) 891-0253,2025-12-19,,0,0.0,,No DaySmart Record,Qualified,abuse,Prospect Rule,Invalid email — no booking,19,8,Zoho,Zoho Only — Never Booked,2026-04-14
ZCR-111679,ZCR-111679,,Thomas,Hinton,,(657) 517-6859,2025-04-12,,0,0.0,,No DaySmart Record,Unqualified,invalid,Prospect Rule,Invalid email — no booking,117,10,Zoho,Zoho Only — Never Booked,2026-04-14
ZCR-111689,ZCR-111689,,Linda,Richard,,(332) 143-6749,2024-11-20,,0,0.0,,No DaySmart Record,Qualified,invalid,Prospect Rule,Invalid email — no booking,50,1,Zoho,Zoho Only — Never Booked,2026-04-14
ZCR-111691,ZCR-111691,,Samantha,Moss,,(708) 466-0922,2025-07-14,,0,0.0,,No DaySmart Record,Qualified,invalid,Prospect Rule,Invalid email — no booking,73,46,Zoho,Zoho Only — Never Booked,2026-04-14
ZCR-111694,ZCR-111694,,Mary,Pena,,(307) 476-0819,2024-04-22,,0,0.0,,No DaySmart Record,New,invalid,Prospect Rule,Invalid email — no booking,47,7,Zoho,Zoho Only — Never Booked,2026-04-14
ZCR-111696,ZCR-111696,,Kristin,Williamson,,(738) 611-1601,2024-07-14,,0,0.0,,No DaySmart Record,Converted,invalid,Prospect Rule,Invalid email — no booking,50,34,Zoho,Zoho Only — Never Booked,2026-04-14
ZCR-111715,ZCR-111715,,Shannon,Johnson,,(722) 734-2775,2025-03-09,,0,0.0,,No DaySmart Record,Qualified,invalid,Prospect Rule,Invalid email — no booking,21,6,Zoho,Zoho Only — Never Booked,2026-04-14
ZCR-111721,ZCR-111721,,Susan,Hernandez,,(293) 405-4661,2024-10-19,,0,0.0,,No DaySmart Record,New,invalid,Prospect Rule,Invalid email — no booking,69,47,Zoho,Zoho Only — Never Booked,2026-04-14
ZCR-111729,ZCR-111729,,James,Boyd,,(553) 360-6627,2025-09-20,,0,0.0,,No DaySmart Record,Qualified,invalid,Prospect Rule,Invalid email — no booking,39,2,Zoho,Zoho Only — Never Booked,2026-04-14
ZCR-111740,ZCR-111740,,James,Everett,,(966) 884-2696,2026-02-19,,0,0.0,,No DaySmart Record,Qualified,invalid,Prospect Rule,Invalid email — no booking,12,1,Zoho,Zoho Only — Never Booked,2026-04-14
ZCR-111747,ZCR-111747,,Katrina,Cohen,,(804) 356-3424,2024-11-30,,0,0.0,,No DaySmart Record,New,spamtrap,Prospect Rule,Invalid email — no booking,34,29,Zoho,Zoho Only — Never Booked,2026-04-14
ZCR-111758,ZCR-111758,,John,Thompson,,(990) 637-0341,2024-07-25,,0,0.0,,No DaySmart Record,Converted,spamtrap,Prospect Rule,Invalid email — no booking,93,41,Zoho,Zoho Only — Never Booked,2026-04-14
ZCR-111770,ZCR-111770,,Amber,Howard,,(072) 165-5273,2025-09-21,,0,0.0,,No DaySmart Record,Unqualified,invalid,Prospect Rule,Invalid email — no booking,43,3,Zoho,Zoho Only — Never Booked,2026-04-14
ZCR-111780,ZCR-111780,,Tiffany,Evans,,(749) 397-1039,2024-06-28,,0,0.0,,No DaySmart Record,New,invalid,Prospect Rule,Invalid email — no booking,31,10,Zoho,Zoho Only — Never Booked,2026-04-14
ZCR-111787,ZCR-111787,,Alisha,Mitchell,,(430) 864-1910,2025-01-19,,0,0.0,,No DaySmart Record,Working,invalid,Prospect Rule,Invalid email — no booking,107,49,Zoho,Zoho Only — Never Booked,2026-04-14
ZCR-111798,ZCR-111798,,Lindsey,Mack,,(908) 130-5432,2025-01-01,,0,0.0,,No DaySmart Record,Qualified,spamtrap,Prospect Rule,Invalid email — no booking,28,18,Zoho,Zoho Only — Never Booked,2026-04-14
ZCR-111808,ZCR-111808,,David,Baker,,(759) 967-7895,2025-12-31,,0,0.0,,No DaySmart Record,Qualified,invalid,Prospect Rule,Invalid email — no booking,69,46,Zoho,Zoho Only — Never Booked,2026-04-14
ZCR-111811,ZCR-111811,,Veronica,Ellis,,(812) 334-3802,2024-11-10,,0,0.0,,No DaySmart Record,Working,invalid,Prospect Rule,Invalid email — no booking,67,26,Zoho,Zoho Only — Never Booked,2026-04-14
ZCR-111814,ZCR-111814,,Mary,Perry,,(552) 745-7163,2024-08-11,,0,0.0,,No DaySmart Record,Converted,invalid,Prospect Rule,Invalid email — no booking,11,9,Zoho,Zoho Only — Never Booked,2026-04-14
ZCR-111815,ZCR-111815,,Mario,Mooney,,(010) 813-9922,2025-05-24,,0,0.0,,No DaySmart Record,New,invalid,Prospect Rule,Invalid email — no booking,23,9,Zoho,Zoho Only — Never Booked,2026-04-14
ZCR-111816,ZCR-111816,,Robert,Davis,,(744) 747-8797,2024-05-15,,0,0.0,,No DaySmart Record,Converted,abuse,Prospect Rule,Invalid email — no booking,13,13,Zoho,Zoho Only — Never Booked,2026-04-14
ZCR-111818,ZCR-111818,,Caitlin,Potter,,(129) 462-4133,2026-03-26,,0,0.0,,No DaySmart Record,Unqualified,invalid,Prospect Rule,Invalid email — no booking,114,17,Zoho,Zoho Only — Never Booked,2026-04-14
ZCR-111820,ZCR-111820,,Heidi,Young,,(464) 220-7066,2025-02-06,,0,0.0,,No DaySmart Record,Unqualified,invalid,Prospect Rule,Invalid email — no booking,12,10,Zoho,Zoho Only — Never Booked,2026-04-14
ZCR-111835,ZCR-111835,,Laura,Aguilar,,(576) 758-2576,2026-04-02,,0,0.0,,No DaySmart Record,New,invalid,Prospect Rule,Invalid email — no booking,79,33,Zoho,Zoho Only — Never Booked,2026-04-14
ZCR-111842,ZCR-111842,,Zachary,Scott,,(104) 177-1050,2026-03-31,,0,0.0,,No DaySmart Record,Converted,invalid,Prospect Rule,Invalid email — no booking,1,1,Zoho,Zoho Only — Never Booked,2026-04-14
ZCR-111847,ZCR-111847,,Maria,Miller,,(677) 593-7352,2026-02-26,,0,0.0,,No DaySmart Record,New,invalid,Prospect Rule,Invalid email — no booking,112,13,Zoho,Zoho Only — Never Booked,2026-04-14
ZCR-111858,ZCR-111858,,Christopher,House,,(475) 193-4203,2025-11-20,,0,0.0,,No DaySmart Record,Converted,spamtrap,Prospect Rule,Invalid email — no booking,109,60,Zoho,Zoho Only — Never Booked,2026-04-14
ZCR-111865,ZCR-111865,,Ashley,Fitzpatrick,,(442) 590-0584,2024-11-09,,0,0.0,,No DaySmart Record,New,invalid,Prospect Rule,Invalid email — no booking,105,18,Zoho,Zoho Only — Never Booked,2026-04-14
ZCR-111867,ZCR-111867,,Jim,Ingram,,(862) 229-8048,2024-12-22,,0,0.0,,No DaySmart Record,Unqualified,invalid,Prospect Rule,Invalid email — no booking,83,6,Zoho,Zoho Only — Never Booked,2026-04-14
ZCR-111868,ZCR-111868,,Kelly,Guerra,,(346) 203-0567,2025-05-11,,0,0.0,,No DaySmart Record,Converted,invalid,Prospect Rule,Invalid email — no booking,18,13,Zoho,Zoho Only — Never Booked,2026-04-14
ZCR-111870,ZCR-111870,,Angela,Rice,,(012) 670-7060,2025-10-26,,0,0.0,,No DaySmart Record,Qualified,invalid,Prospect Rule,Invalid email — no booking,61,36,Zoho,Zoho Only — Never Booked,2026-04-14
ZCR-111872,ZCR-111872,,Ian,Garner,,(989) 311-8525,2024-04-17,,0,0.0,,No DaySmart Record,Working,invalid,Prospect Rule,Invalid email — no booking,100,0,Zoho,Zoho Only — Never Booked,2026-04-14
ZCR-111873,ZCR-111873,,Lawrence,Smith,,(103) 628-6801,2025-08-16,,0,0.0,,No DaySmart Record,New,abuse,Prospect Rule,Invalid email — no booking,96,44,Zoho,Zoho Only — Never Booked,2026-04-14
ZCR-111874,ZCR-111874,,Autumn,Johnson,,(895) 880-7950,2025-04-05,,0,0.0,,No DaySmart Record,Unqualified,abuse,Prospect Rule,Invalid email — no booking,44,1,Zoho,Zoho Only — Never Booked,2026-04-14
ZCR-111892,ZCR-111892,,Ryan,Phillips,,(446) 228-1628,2025-04-16,,0,0.0,,No DaySmart Record,Converted,invalid,Prospect Rule,Invalid email — no booking,67,48,Zoho,Zoho Only — Never Booked,2026-04-14
ZCR-111893,ZCR-111893,,Dylan,Bailey,,(637) 802-9168,2024-05-04,,0,0.0,,No DaySmart Record,Converted,abuse,Prospect Rule,Invalid email — no booking,14,9,Zoho,Zoho Only — Never Booked,2026-04-14
ZCR-111896,ZCR-111896,,Jody,Lynch,,(004) 858-0703,2025-12-06,,0,0.0,,No DaySmart Record,New,invalid,Prospect Rule,Invalid email — no booking,11,11,Zoho,Zoho Only — Never Booked,2026-04-14
ZCR-111899,ZCR-111899,,Timothy,Thomas,,(263) 793-0341,2025-02-08,,0,0.0,,No DaySmart Record,Converted,invalid,Prospect Rule,Invalid email — no booking,116,34,Zoho,Zoho Only — Never Booked,2026-04-14
ZCR-111901,ZCR-111901,,Kevin,Anderson,,(849) 218-0820,2025-01-30,,0,0.0,,No DaySmart Record,Converted,invalid,Prospect Rule,Invalid email — no booking,114,1,Zoho,Zoho Only — Never Booked,2026-04-14
ZCR-111909,ZCR-111909,,Anthony,Camacho,,(445) 104-8694,2026-04-01,,0,0.0,,No DaySmart Record,Qualified,spamtrap,Prospect Rule,Invalid email — no booking,92,31,Zoho,Zoho Only — Never Booked,2026-04-14
ZCR-111916,ZCR-111916,,Gabriel,Burns,,(580) 879-6607,2024-08-02,,0,0.0,,No DaySmart Record,Working,invalid,Prospect Rule,Invalid email — no booking,77,25,Zoho,Zoho Only — Never Booked,2026-04-14
ZCR-111921,ZCR-111921,,Christopher,Williams,,(678) 473-2564,2025-06-04,,0,0.0,,No DaySmart Record,New,invalid,Prospect Rule,Invalid email — no booking,63,47,Zoho,Zoho Only — Never Booked,2026-04-14
ZCR-111932,ZCR-111932,,Patrick,Hale,,(086) 066-6346,2024-09-13,,0,0.0,,No DaySmart Record,Unqualified,invalid,Prospect Rule,Invalid email — no booking,18,9,Zoho,Zoho Only — Never Booked,2026-04-14
ZCR-111933,ZCR-111933,,Miranda,Sloan,,(012) 900-6167,2025-01-21,,0,0.0,,No DaySmart Record,New,abuse,Prospect Rule,Invalid email — no booking,30,7,Zoho,Zoho Only — Never Booked,2026-04-14
ZCR-111966,ZCR-111966,,Lisa,Munoz,,(586) 047-2682,2025-11-03,,0,0.0,,No DaySmart Record,Qualified,spamtrap,Prospect Rule,Invalid email — no booking,36,16,Zoho,Zoho Only — Never Booked,2026-04-14
ZCR-111983,ZCR-111983,,Brian,Burns,,(545) 618-1300,2025-05-01,,0,0.0,,No DaySmart Record,Converted,invalid,Prospect Rule,Invalid email — no booking,78,15,Zoho,Zoho Only — Never Booked,2026-04-14
ZCR-111984,ZCR-111984,,Annette,Moore,,(883) 707-8433,2026-02-06,,0,0.0,,No DaySmart Record,Converted,invalid,Prospect Rule,Invalid email — no booking,119,26,Zoho,Zoho Only — Never Booked,2026-04-14
ZCR-111993,ZCR-111993,,Dennis,Leonard,,(199) 444-6218,2025-07-12,,0,0.0,,No DaySmart Record,Unqualified,abuse,Prospect Rule,Invalid email — no booking,41,39,Zoho,Zoho Only — Never Booked,2026-04-14
ZCR-111998,ZCR-111998,,Amy,Thompson,,(236) 646-4868,2025-05-04,,0,0.0,,No DaySmart Record,Converted,invalid,Prospect Rule,Invalid email — no booking,100,38,Zoho,Zoho Only — Never Booked,2026-04-14
ZCR-112000,ZCR-112000,,Jacob,Turner,,(545) 984-3259,2024-06-06,,0,0.0,,No DaySmart Record,Working,invalid,Prospect Rule,Invalid email — no booking,48,47,Zoho,Zoho Only — Never Booked,2026-04-14
ZCR-112023,ZCR-112023,,Christina,Ball,,(799) 512-6390,2025-03-15,,0,0.0,,No DaySmart Record,New,invalid,Prospect Rule,Invalid email — no booking,55,42,Zoho,Zoho Only — Never Booked,2026-04-14
ZCR-112031,ZCR-112031,,Vincent,Hernandez,,(953) 326-1422,2024-06-16,,0,0.0,,No DaySmart Record,Converted,invalid,Prospect Rule,Invalid email — no booking,114,27,Zoho,Zoho Only — Never Booked,2026-04-14
ZCR-112038,ZCR-112038,,Tonya,Valdez,,(059) 491-4150,2025-01-24,,0,0.0,,No DaySmart Record,Unqualified,invalid,Prospect Rule,Invalid email — no booking,9,7,Zoho,Zoho Only — Never Booked,2026-04-14
ZCR-112048,ZCR-112048,,Jason,Ortiz,,(345) 770-9522,2024-05-23,,0,0.0,,No DaySmart Record,Converted,invalid,Prospect Rule,Invalid email — no booking,70,38,Zoho,Zoho Only — Never Booked,2026-04-14
ZCR-112070,ZCR-112070,,Dr.,Andre Shaffer Jr.,,(827) 006-5287,2024-09-23,,0,0.0,,No DaySmart Record,Converted,spamtrap,Prospect Rule,Invalid email — no booking,18,14,Zoho,Zoho Only — Never Booked,2026-04-14
ZCR-112076,ZCR-112076,,Daniel,Li,,(764) 552-9416,2025-07-24,,0,0.0,,No DaySmart Record,Converted,invalid,Prospect Rule,Invalid email — no booking,5,3,Zoho,Zoho Only — Never Booked,2026-04-14
ZCR-112084,ZCR-112084,,Brian,Burton,,(917) 141-8181,2024-12-24,,0,0.0,,No DaySmart Record,New,invalid,Prospect Rule,Invalid email — no booking,95,40,Zoho,Zoho Only — Never Booked,2026-04-14
ZCR-112086,ZCR-112086,,Barbara,Santos,,(422) 621-9265,2024-11-25,,0,0.0,,No DaySmart Record,Working,spamtrap,Prospect Rule,Invalid email — no booking,117,30,Zoho,Zoho Only — Never Booked,2026-04-14
ZCR-112097,ZCR-112097,,Christopher,Sims,,(433) 701-1022,2025-05-02,,0,0.0,,No DaySmart Record,Converted,invalid,Prospect Rule,Invalid email — no booking,22,2,Zoho,Zoho Only — Never Booked,2026-04-14
ZCR-112104,ZCR-112104,,Kenneth,Hill,,(442) 739-3721,2025-10-29,,0,0.0,,No DaySmart Record,Unqualified,invalid,Prospect Rule,Invalid email — no booking,106,2,Zoho,Zoho Only — Never Booked,2026-04-14
ZCR-112105,ZCR-112105,,Megan,Cook,,(364) 832-8368,2025-07-07,,0,0.0,,No DaySmart Record,Working,invalid,Prospect Rule,Invalid email — no booking,116,8,Zoho,Zoho Only — Never Booked,2026-04-14
ZCR-112118,ZCR-112118,,John,Wilcox,,(706) 266-9864,2024-05-23,,0,0.0,,No DaySmart Record,Working,invalid,Prospect Rule,Invalid email — no booking,31,15,Zoho,Zoho Only — Never Booked,2026-04-14
ZCR-112126,ZCR-112126,,Diana,Garcia,,(496) 898-2601,2024-06-26,,0,0.0,,No DaySmart Record,Working,invalid,Prospect Rule,Invalid email — no booking,34,17,Zoho,Zoho Only — Never Booked,2026-04-14
ZCR-112128,ZCR-112128,,John,Butler,,(715) 191-7268,2025-10-20,,0,0.0,,No DaySmart Record,Converted,invalid,Prospect Rule,Invalid email — no booking,11,7,Zoho,Zoho Only — Never Booked,2026-04-14
ZCR-112135,ZCR-112135,,Kevin,Thomas,,(969) 856-7913,2025-05-27,,0,0.0,,No DaySmart Record,New,spamtrap,Prospect Rule,Invalid email — no booking,110,53,Zoho,Zoho Only — Never Booked,2026-04-14
ZCR-112137,ZCR-112137,,Mrs.,Debra Ward,,(584) 591-2920,2025-08-26,,0,0.0,,No DaySmart Record,Working,invalid,Prospect Rule,Invalid email — no booking,94,47,Zoho,Zoho Only — Never Booked,2026-04-14
ZCR-112139,ZCR-112139,,Sherri,Melton,,(028) 179-3360,2025-02-27,,0,0.0,,No DaySmart Record,New,invalid,Prospect Rule,Invalid email — no booking,38,1,Zoho,Zoho Only — Never Booked,2026-04-14
ZCR-112147,ZCR-112147,,Thomas,Robles,,(100) 559-5516,2025-08-04,,0,0.0,,No DaySmart Record,Working,spamtrap,Prospect Rule,Invalid email — no booking,91,35,Zoho,Zoho Only — Never Booked,2026-04-14
ZCR-112151,ZCR-112151,,Tanya,Wheeler,,(219) 681-4406,2026-01-06,,0,0.0,,No DaySmart Record,Qualified,invalid,Prospect Rule,Invalid email — no booking,21,14,Zoho,Zoho Only — Never Booked,2026-04-14
ZCR-112159,ZCR-112159,,Amy,Thompson,,(478) 921-7892,2025-05-26,,0,0.0,,No DaySmart Record,New,invalid,Prospect Rule,Invalid email — no booking,61,16,Zoho,Zoho Only — Never Booked,2026-04-14
ZCR-112165,ZCR-112165,,Michael,Allen,,(608) 236-6147,2026-03-09,,0,0.0,,No DaySmart Record,Qualified,abuse,Prospect Rule,Invalid email — no booking,25,17,Zoho,Zoho Only — Never Booked,2026-04-14
ZCR-112172,ZCR-112172,,Brian,Woodward,,(560) 105-1646,2025-04-17,,0,0.0,,No DaySmart Record,Qualified,spamtrap,Prospect Rule,Invalid email — no booking,119,34,Zoho,Zoho Only — Never Booked,2026-04-14
ZCR-112173,ZCR-112173,,Dorothy,Reed MD,,(116) 196-8226,2024-12-11,,0,0.0,,No DaySmart Record,Converted,spamtrap,Prospect Rule,Invalid email — no booking,90,39,Zoho,Zoho Only — Never Booked,2026-04-14
ZCR-112180,ZCR-112180,,Richard,Grant,,(946) 535-3903,2024-06-26,,0,0.0,,No DaySmart Record,New,spamtrap,Prospect Rule,Invalid email — no booking,5,0,Zoho,Zoho Only — Never Booked,2026-04-14
ZCR-112187,ZCR-112187,,Susan,Santiago,,(417) 676-8464,2026-01-02,,0,0.0,,No DaySmart Record,New,invalid,Prospect Rule,Invalid email — no booking,8,3,Zoho,Zoho Only — Never Booked,2026-04-14
ZCR-112198,ZCR-112198,,Carolyn,Hutchinson,,(898) 097-1735,2025-03-16,,0,0.0,,No DaySmart Record,Converted,invalid,Prospect Rule,Invalid email — no booking,104,3,Zoho,Zoho Only — Never Booked,2026-04-14
ZCR-112208,ZCR-112208,,Jeremy,West,,(319) 095-4746,2025-05-29,,0,0.0,,No DaySmart Record,New,invalid,Prospect Rule,Invalid email — no booking,52,34,Zoho,Zoho Only — Never Booked,2026-04-14
ZCR-112213,ZCR-112213,,Stephanie,Wilkerson,,(699) 206-0350,2025-06-03,,0,0.0,,No DaySmart Record,Converted,invalid,Prospect Rule,Invalid email — no booking,117,31,Zoho,Zoho Only — Never Booked,2026-04-14
ZCR-112215,ZCR-112215,,Rachael,Johnson,,(477) 217-5022,2024-07-26,,0,0.0,,No DaySmart Record,Working,abuse,Prospect Rule,Invalid email — no booking,24,4,Zoho,Zoho Only — Never Booked,2026-04-14
ZCR-112217,ZCR-112217,,Jessica,Hicks,,(803) 123-9187,2024-10-26,,0,0.0,,No DaySmart Record,Unqualified,abuse,Prospect Rule,Invalid email — no booking,66,12,Zoho,Zoho Only — Never Booked,2026-04-14
ZCR-112218,ZCR-112218,,Joe,Gonzales,,(734) 640-9261,2025-03-18,,0,0.0,,No DaySmart Record,Converted,invalid,Prospect Rule,Invalid email — no booking,94,11,Zoho,Zoho Only — Never Booked,2026-04-14
ZCR-112227,ZCR-112227,,Gary,Snyder,,(296) 150-9093,2025-02-07,,0,0.0,,No DaySmart Record,New,invalid,Prospect Rule,Invalid email — no booking,70,47,Zoho,Zoho Only — Never Booked,2026-04-14
ZCR-112236,ZCR-112236,,Joseph,Powell,,(806) 959-0573,2025-01-29,,0,0.0,,No DaySmart Record,New,spamtrap,Prospect Rule,Invalid email — no booking,92,48,Zoho,Zoho Only — Never Booked,2026-04-14
ZCR-112237,ZCR-112237,,Brent,Riley,,(394) 060-6961,2025-12-16,,0,0.0,,No DaySmart Record,New,invalid,Prospect Rule,Invalid email — no booking,98,0,Zoho,Zoho Only — Never Booked,2026-04-14
ZCR-112239,ZCR-112239,,Kelsey,Paul,,(917) 165-2125,2025-01-13,,0,0.0,,No DaySmart Record,Converted,invalid,Prospect Rule,Invalid email — no booking,11,10,Zoho,Zoho Only — Never Booked,2026-04-14
ZCR-112243,ZCR-112243,,Stephanie,Jones,,(680) 605-7668,2025-06-24,,0,0.0,,No DaySmart Record,Qualified,invalid,Prospect Rule,Invalid email — no booking,98,44,Zoho,Zoho Only — Never Booked,2026-04-14
ZCR-112244,ZCR-112244,,Wendy,Brown,,(880) 408-3672,2024-10-18,,0,0.0,,No DaySmart Record,Qualified,abuse,Prospect Rule,Invalid email — no booking,112,52,Zoho,Zoho Only — Never Booked,2026-04-14
ZCR-112251,ZCR-112251,,Michelle,Gonzalez,,(678) 891-1294,2024-12-28,,0,0.0,,No DaySmart Record,New,invalid,Prospect Rule,Invalid email — no booking,31,20,Zoho,Zoho Only — Never Booked,2026-04-14
ZCR-112258,ZCR-112258,,Alexandra,Sutton,,(809) 502-2306,2024-10-20,,0,0.0,,No DaySmart Record,Qualified,spamtrap,Prospect Rule,Invalid email — no booking,5,5,Zoho,Zoho Only — Never Booked,2026-04-14
ZCR-112260,ZCR-112260,,Kim,Cooke,,(656) 064-1440,2025-09-23,,0,0.0,,No DaySmart Record,New,invalid,Prospect Rule,Invalid email — no booking,49,31,Zoho,Zoho Only — Never Booked,2026-04-14
ZCR-112280,ZCR-112280,,Luis,Decker,,(124) 575-9352,2025-09-02,,0,0.0,,No DaySmart Record,Converted,invalid,Prospect Rule,Invalid email — no booking,38,15,Zoho,Zoho Only — Never Booked,2026-04-14
ZCR-112287,ZCR-112287,,Joshua,Franco,,(519) 781-1980,2025-05-26,,0,0.0,,No DaySmart Record,New,invalid,Prospect Rule,Invalid email — no booking,104,10,Zoho,Zoho Only — Never Booked,2026-04-14
ZCR-112293,ZCR-112293,,Holly,Morrow,,(273) 275-5141,2024-07-09,,0,0.0,,No DaySmart Record,Unqualified,abuse,Prospect Rule,Invalid email — no booking,114,43,Zoho,Zoho Only — Never Booked,2026-04-14
ZCR-112303,ZCR-112303,,Joseph,Barber,,(483) 020-1672,2024-10-05,,0,0.0,,No DaySmart Record,New,invalid,Prospect Rule,Invalid email — no booking,58,8,Zoho,Zoho Only — Never Booked,2026-04-14
ZCR-112313,ZCR-112313,,Ricky,Cruz,,(004) 657-1039,2024-05-05,,0,0.0,,No DaySmart Record,Qualified,invalid,Prospect Rule,Invalid email — no booking,87,4,Zoho,Zoho Only — Never Booked,2026-04-14
ZCR-112316,ZCR-112316,,Clinton,Schmidt,,(330) 796-8703,2025-03-26,,0,0.0,,No DaySmart Record,New,invalid,Prospect Rule,Invalid email — no booking,109,2,Zoho,Zoho Only — Never Booked,2026-04-14
ZCR-112327,ZCR-112327,,Anna,Dean,,(127) 341-0171,2025-12-04,,0,0.0,,No DaySmart Record,Working,abuse,Prospect Rule,Invalid email — no booking,40,32,Zoho,Zoho Only — Never Booked,2026-04-14
ZCR-112346,ZCR-112346,,Mariah,Allen,,(395) 684-6904,2025-09-20,,0,0.0,,No DaySmart Record,Unqualified,invalid,Prospect Rule,Invalid email — no booking,47,5,Zoho,Zoho Only — Never Booked,2026-04-14
ZCR-112366,ZCR-112366,,Jo,Hall,,(564) 859-6131,2024-10-28,,0,0.0,,No DaySmart Record,Working,invalid,Prospect Rule,Invalid email — no booking,81,38,Zoho,Zoho Only — Never Booked,2026-04-14
ZCR-112367,ZCR-112367,,Paul,Ware,,(535) 334-3437,2026-02-12,,0,0.0,,No DaySmart Record,Unqualified,abuse,Prospect Rule,Invalid email — no booking,102,40,Zoho,Zoho Only — Never Booked,2026-04-14
ZCR-112371,ZCR-112371,,Mrs.,Elizabeth Harmon DVM,,(877) 737-5305,2024-11-27,,0,0.0,,No DaySmart Record,New,spamtrap,Prospect Rule,Invalid email — no booking,94,33,Zoho,Zoho Only — Never Booked,2026-04-14
ZCR-112412,ZCR-112412,,Christopher,Turner,,(999) 756-1483,2024-09-16,,0,0.0,,No DaySmart Record,Working,invalid,Prospect Rule,Invalid email — no booking,29,16,Zoho,Zoho Only — Never Booked,2026-04-14
ZCR-112419,ZCR-112419,,Alex,Rice,,(356) 820-5185,2025-11-23,,0,0.0,,No DaySmart Record,Working,invalid,Prospect Rule,Invalid email — no booking,120,32,Zoho,Zoho Only — Never Booked,2026-04-14
ZCR-112420,ZCR-112420,,Renee,Garcia,,(661) 137-8868,2025-06-25,,0,0.0,,No DaySmart Record,New,spamtrap,Prospect Rule,Invalid email — no booking,115,26,Zoho,Zoho Only — Never Booked,2026-04-14
ZCR-112423,ZCR-112423,,Scott,Adams,,(902) 915-6061,2024-08-09,,0,0.0,,No DaySmart Record,Unqualified,invalid,Prospect Rule,Invalid email — no booking,33,8,Zoho,Zoho Only — Never Booked,2026-04-14
ZCR-112425,ZCR-112425,,Erica,Sanchez,,(333) 045-1910,2025-10-19,,0,0.0,,No DaySmart Record,Converted,spamtrap,Prospect Rule,Invalid email — no booking,29,21,Zoho,Zoho Only — Never Booked,2026-04-14
ZCR-112429,ZCR-112429,,Laura,Cox,,(774) 165-9159,2025-05-12,,0,0.0,,No DaySmart Record,New,invalid,Prospect Rule,Invalid email — no booking,68,4,Zoho,Zoho Only — Never Booked,2026-04-14
ZCR-112431,ZCR-112431,,Dawn,Schwartz,,(247) 846-0916,2024-08-19,,0,0.0,,No DaySmart Record,Unqualified,spamtrap,Prospect Rule,Invalid email — no booking,101,14,Zoho,Zoho Only — Never Booked,2026-04-14
ZCR-112440,ZCR-112440,,Alicia,Powers,,(481) 803-4438,2025-12-14,,0,0.0,,No DaySmart Record,Unqualified,spamtrap,Prospect Rule,Invalid email — no booking,40,26,Zoho,Zoho Only — Never Booked,2026-04-14
ZCR-112442,ZCR-112442,,Robert,Ramos,,(693) 292-9249,2025-02-04,,0,0.0,,No DaySmart Record,New,abuse,Prospect Rule,Invalid email — no booking,111,18,Zoho,Zoho Only — Never Booked,2026-04-14
ZCR-112452,ZCR-112452,,Tanya,Conrad,,(186) 548-2954,2025-01-25,,0,0.0,,No DaySmart Record,New,invalid,Prospect Rule,Invalid email — no booking,116,0,Zoho,Zoho Only — Never Booked,2026-04-14
ZCR-112465,ZCR-112465,,Brian,Stewart,,(358) 179-9935,2025-05-02,,0,0.0,,No DaySmart Record,Converted,spamtrap,Prospect Rule,Invalid email — no booking,24,8,Zoho,Zoho Only — Never Booked,2026-04-14
ZCR-112466,ZCR-112466,,Linda,Holmes,,(046) 960-6791,2025-06-16,,0,0.0,,No DaySmart Record,New,abuse,Prospect Rule,Invalid email — no booking,23,16,Zoho,Zoho Only — Never Booked,2026-04-14
ZCR-112469,ZCR-112469,,Nicholas,Ward,,(857) 102-4146,2025-06-05,,0,0.0,,No DaySmart Record,Working,invalid,Prospect Rule,Invalid email — no booking,12,0,Zoho,Zoho Only — Never Booked,2026-04-14
ZCR-112470,ZCR-112470,,Anthony,Watkins,,(732) 137-2978,2025-12-06,,0,0.0,,No DaySmart Record,Converted,abuse,Prospect Rule,Invalid email — no booking,60,51,Zoho,Zoho Only — Never Booked,2026-04-14
ZCR-112493,ZCR-112493,,Sheila,Miller,,(877) 034-7511,2025-10-24,,0,0.0,,No DaySmart Record,Unqualified,abuse,Prospect Rule,Invalid email — no booking,67,32,Zoho,Zoho Only — Never Booked,2026-04-14
ZCR-112502,ZCR-112502,,Denise,Howell,,(251) 379-8067,2025-08-20,,0,0.0,,No DaySmart Record,Qualified,invalid,Prospect Rule,Invalid email — no booking,99,50,Zoho,Zoho Only — Never Booked,2026-04-14
ZCR-112505,ZCR-112505,,James,Duffy,,(514) 848-0066,2025-06-25,,0,0.0,,No DaySmart Record,New,invalid,Prospect Rule,Invalid email — no booking,47,30,Zoho,Zoho Only — Never Booked,2026-04-14
ZCR-112507,ZCR-112507,,Tony,Morton,,(554) 307-4932,2024-06-11,,0,0.0,,No DaySmart Record,Converted,invalid,Prospect Rule,Invalid email — no booking,35,20,Zoho,Zoho Only — Never Booked,2026-04-14
ZCR-112527,ZCR-112527,,Sarah,Davila,,(308) 287-2619,2024-12-05,,0,0.0,,No DaySmart Record,Working,invalid,Prospect Rule,Invalid email — no booking,80,58,Zoho,Zoho Only — Never Booked,2026-04-14
ZCR-112531,ZCR-112531,,Gary,Willis,,(092) 679-5700,2025-07-16,,0,0.0,,No DaySmart Record,New,invalid,Prospect Rule,Invalid email — no booking,40,8,Zoho,Zoho Only — Never Booked,2026-04-14
ZCR-112542,ZCR-112542,,Michael,Jackson,,(324) 562-2950,2025-02-08,,0,0.0,,No DaySmart Record,Unqualified,invalid,Prospect Rule,Invalid email — no booking,18,16,Zoho,Zoho Only — Never Booked,2026-04-14
ZCR-112543,ZCR-112543,,Brenda,Dunn,,(653) 552-3434,2024-09-23,,0,0.0,,No DaySmart Record,Working,spamtrap,Prospect Rule,Invalid email — no booking,96,6,Zoho,Zoho Only — Never Booked,2026-04-14
ZCR-112552,ZCR-112552,,Jessica,Newton,,(141) 134-8856,2025-06-05,,0,0.0,,No DaySmart Record,Qualified,abuse,Prospect Rule,Invalid email — no booking,106,23,Zoho,Zoho Only — Never Booked,2026-04-14
ZCR-112553,ZCR-112553,,Donna,Andrews,,(004) 279-3111,2026-02-15,,0,0.0,,No DaySmart Record,Unqualified,spamtrap,Prospect Rule,Invalid email — no booking,22,13,Zoho,Zoho Only — Never Booked,2026-04-14
ZCR-112562,ZCR-112562,,Adam,Watson,,(213) 739-2350,2024-05-10,,0,0.0,,No DaySmart Record,Qualified,invalid,Prospect Rule,Invalid email — no booking,7,6,Zoho,Zoho Only — Never Booked,2026-04-14
ZCR-112564,ZCR-112564,,Alexander,Rush,,(925) 780-8773,2026-01-14,,0,0.0,,No DaySmart Record,Qualified,invalid,Prospect Rule,Invalid email — no booking,62,44,Zoho,Zoho Only — Never Booked,2026-04-14
ZCR-112567,ZCR-112567,,William,Spears,,(657) 264-2365,2025-10-29,,0,0.0,,No DaySmart Record,Working,spamtrap,Prospect Rule,Invalid email — no booking,81,7,Zoho,Zoho Only — Never Booked,2026-04-14
ZCR-112568,ZCR-112568,,Rodney,Brown,,(840) 612-2725,2024-12-12,,0,0.0,,No DaySmart Record,New,invalid,Prospect Rule,Invalid email — no booking,36,16,Zoho,Zoho Only — Never Booked,2026-04-14
ZCR-112572,ZCR-112572,,Kayla,Patrick,,(767) 087-3720,2024-04-18,,0,0.0,,No DaySmart Record,Qualified,invalid,Prospect Rule,Invalid email — no booking,8,2,Zoho,Zoho Only — Never Booked,2026-04-14
ZCR-112573,ZCR-112573,,Maria,Jackson,,(387) 920-7966,2025-12-13,,0,0.0,,No DaySmart Record,Unqualified,invalid,Prospect Rule,Invalid email — no booking,56,45,Zoho,Zoho Only — Never Booked,2026-04-14
ZCR-112581,ZCR-112581,,Stacey,Bryant,,(381) 677-5649,2025-03-02,,0,0.0,,No DaySmart Record,Qualified,invalid,Prospect Rule,Invalid email — no booking,2,2,Zoho,Zoho Only — Never Booked,2026-04-14
ZCR-112583,ZCR-112583,,Kelly,Novak,,(918) 831-0965,2025-06-06,,0,0.0,,No DaySmart Record,Unqualified,invalid,Prospect Rule,Invalid email — no booking,51,11,Zoho,Zoho Only — Never Booked,2026-04-14
ZCR-112597,ZCR-112597,,Madison,Walters,,(935) 914-1202,2026-01-27,,0,0.0,,No DaySmart Record,New,invalid,Prospect Rule,Invalid email — no booking,104,40,Zoho,Zoho Only — Never Booked,2026-04-14
ZCR-112606,ZCR-112606,,Ashley,Burns,,(467) 911-8296,2024-07-29,,0,0.0,,No DaySmart Record,Converted,abuse,Prospect Rule,Invalid email — no booking,116,59,Zoho,Zoho Only — Never Booked,2026-04-14
ZCR-112613,ZCR-112613,,Christine,Mcclain,,(646) 114-3377,2024-08-22,,0,0.0,,No DaySmart Record,Converted,spamtrap,Prospect Rule,Invalid email — no booking,110,22,Zoho,Zoho Only — Never Booked,2026-04-14
ZCR-112615,ZCR-112615,,Kelly,Flowers,,(290) 811-1240,2024-07-20,,0,0.0,,No DaySmart Record,Converted,invalid,Prospect Rule,Invalid email — no booking,116,52,Zoho,Zoho Only — Never Booked,2026-04-14
ZCR-112625,ZCR-112625,,Kimberly,Johnson,,(092) 762-8125,2025-07-20,,0,0.0,,No DaySmart Record,New,invalid,Prospect Rule,Invalid email — no booking,32,19,Zoho,Zoho Only — Never Booked,2026-04-14
ZCR-112637,ZCR-112637,,Derrick,Rosario,,(245) 263-0868,2024-10-25,,0,0.0,,No DaySmart Record,Converted,invalid,Prospect Rule,Invalid email — no booking,92,44,Zoho,Zoho Only — Never Booked,2026-04-14
ZCR-112659,ZCR-112659,,Aaron,Horton,,(656) 847-9373,2024-12-26,,0,0.0,,No DaySmart Record,Working,invalid,Prospect Rule,Invalid email — no booking,81,18,Zoho,Zoho Only — Never Booked,2026-04-14
ZCR-112661,ZCR-112661,,Tina,Alexander,,(233) 456-1359,2025-09-21,,0,0.0,,No DaySmart Record,Qualified,spamtrap,Prospect Rule,Invalid email — no booking,82,58,Zoho,Zoho Only — Never Booked,2026-04-14
ZCR-112681,ZCR-112681,,Donald,Smith,,(113) 523-2840,2025-04-19,,0,0.0,,No DaySmart Record,New,spamtrap,Prospect Rule,Invalid email — no booking,87,8,Zoho,Zoho Only — Never Booked,2026-04-14
ZCR-112683,ZCR-112683,,Donna,Vaughn,,(212) 906-9377,2025-12-13,,0,0.0,,No DaySmart Record,Unqualified,abuse,Prospect Rule,Invalid email — no booking,106,30,Zoho,Zoho Only — Never Booked,2026-04-14
ZCR-112687,ZCR-112687,,Nicole,Cunningham,,(181) 277-1885,2025-08-04,,0,0.0,,No DaySmart Record,Converted,spamtrap,Prospect Rule,Invalid email — no booking,70,28,Zoho,Zoho Only — Never Booked,2026-04-14
ZCR-112691,ZCR-112691,,Charles,Stokes,,(812) 561-7183,2026-01-01,,0,0.0,,No DaySmart Record,Unqualified,invalid,Prospect Rule,Invalid email — no booking,76,40,Zoho,Zoho Only — Never Booked,2026-04-14
ZCR-112693,ZCR-112693,,Carrie,Williams,,(238) 648-2810,2024-09-08,,0,0.0,,No DaySmart Record,Unqualified,invalid,Prospect Rule,Invalid email — no booking,108,3,Zoho,Zoho Only — Never Booked,2026-04-14
ZCR-112694,ZCR-112694,,Johnny,Hodge,,(940) 931-3436,2025-11-06,,0,0.0,,No DaySmart Record,Unqualified,invalid,Prospect Rule,Invalid email — no booking,79,23,Zoho,Zoho Only — Never Booked,2026-04-14
ZCR-112695,ZCR-112695,,Mrs.,Allison Lewis,,(300) 566-6497,2024-06-14,,0,0.0,,No DaySmart Record,New,spamtrap,Prospect Rule,Invalid email — no booking,98,18,Zoho,Zoho Only — Never Booked,2026-04-14
ZCR-112696,ZCR-112696,,Ronald,Cruz,,(255) 948-9923,2025-10-19,,0,0.0,,No DaySmart Record,New,invalid,Prospect Rule,Invalid email — no booking,93,16,Zoho,Zoho Only — Never Booked,2026-04-14
ZCR-112702,ZCR-112702,,Dustin,Robertson,,(556) 761-5323,2024-09-25,,0,0.0,,No DaySmart Record,Converted,abuse,Prospect Rule,Invalid email — no booking,74,0,Zoho,Zoho Only — Never Booked,2026-04-14
ZCR-112704,ZCR-112704,,Lisa,Clark,,(843) 039-2899,2026-03-01,,0,0.0,,No DaySmart Record,New,invalid,Prospect Rule,Invalid email — no booking,80,16,Zoho,Zoho Only — Never Booked,2026-04-14
ZCR-112705,ZCR-112705,,Kendra,Wagner,,(148) 191-2248,2026-01-06,,0,0.0,,No DaySmart Record,Working,invalid,Prospect Rule,Invalid email — no booking,4,4,Zoho,Zoho Only — Never Booked,2026-04-14
ZCR-112707,ZCR-112707,,Samantha,Velasquez,,(945) 445-5268,2026-01-02,,0,0.0,,No DaySmart Record,New,invalid,Prospect Rule,Invalid email — no booking,32,21,Zoho,Zoho Only — Never Booked,2026-04-14
ZCR-112728,ZCR-112728,,Matthew,Ray,,(168) 229-2907,2024-11-22,,0,0.0,,No DaySmart Record,Unqualified,spamtrap,Prospect Rule,Invalid email — no booking,68,9,Zoho,Zoho Only — Never Booked,2026-04-14
ZCR-112730,ZCR-112730,,Timothy,Montgomery,,(477) 010-2630,2025-06-14,,0,0.0,,No DaySmart Record,Unqualified,invalid,Prospect Rule,Invalid email — no booking,38,5,Zoho,Zoho Only — Never Booked,2026-04-14
ZCR-112737,ZCR-112737,,Diana,Valenzuela,,(550) 277-8115,2025-05-06,,0,0.0,,No DaySmart Record,Qualified,spamtrap,Prospect Rule,Invalid email — no booking,92,6,Zoho,Zoho Only — Never Booked,2026-04-14
ZCR-112742,ZCR-112742,,Aaron,Mckee,,(977) 448-1597,2025-06-13,,0,0.0,,No DaySmart Record,New,invalid,Prospect Rule,Invalid email — no booking,97,2,Zoho,Zoho Only — Never Booked,2026-04-14
ZCR-112743,ZCR-112743,,Samantha,Whitaker,,(519) 266-3143,2024-09-24,,0,0.0,,No DaySmart Record,Working,invalid,Prospect Rule,Invalid email — no booking,15,11,Zoho,Zoho Only — Never Booked,2026-04-14
ZCR-112772,ZCR-112772,,Elizabeth,Butler,,(510) 783-3761,2025-02-26,,0,0.0,,No DaySmart Record,Qualified,invalid,Prospect Rule,Invalid email — no booking,77,38,Zoho,Zoho Only — Never Booked,2026-04-14
ZCR-112786,ZCR-112786,,Miss,Katrina Randall MD,,(376) 249-8643,2024-11-11,,0,0.0,,No DaySmart Record,Converted,invalid,Prospect Rule,Invalid email — no booking,104,22,Zoho,Zoho Only — Never Booked,2026-04-14
ZCR-112789,ZCR-112789,,Kenneth,Pacheco,,(557) 281-6216,2024-10-03,,0,0.0,,No DaySmart Record,Unqualified,abuse,Prospect Rule,Invalid email — no booking,18,16,Zoho,Zoho Only — Never Booked,2026-04-14
ZCR-112793,ZCR-112793,,Brett,Woods,,(739) 922-1465,2024-08-28,,0,0.0,,No DaySmart Record,Qualified,spamtrap,Prospect Rule,Invalid email — no booking,86,5,Zoho,Zoho Only — Never Booked,2026-04-14
ZCR-112810,ZCR-112810,,Nathan,Webster,,(211) 776-7255,2024-09-03,,0,0.0,,No DaySmart Record,Qualified,invalid,Prospect Rule,Invalid email — no booking,19,9,Zoho,Zoho Only — Never Booked,2026-04-14
ZCR-112817,ZCR-112817,,Mrs.,Kimberly Jones,,(790) 964-5790,2025-07-07,,0,0.0,,No DaySmart Record,New,invalid,Prospect Rule,Invalid email — no booking,5,2,Zoho,Zoho Only — Never Booked,2026-04-14
ZCR-112820,ZCR-112820,,Ashley,Brewer,,(859) 422-4824,2024-12-02,,0,0.0,,No DaySmart Record,Working,invalid,Prospect Rule,Invalid email — no booking,93,33,Zoho,Zoho Only — Never Booked,2026-04-14
ZCR-112836,ZCR-112836,,Hunter,Riley,,(242) 492-6263,2025-08-30,,0,0.0,,No DaySmart Record,Working,invalid,Prospect Rule,Invalid email — no booking,7,6,Zoho,Zoho Only — Never Booked,2026-04-14
ZCR-112841,ZCR-112841,,David,Choi,,(090) 740-9305,2025-01-11,,0,0.0,,No DaySmart Record,New,invalid,Prospect Rule,Invalid email — no booking,45,10,Zoho,Zoho Only — Never Booked,2026-04-14
ZCR-112848,ZCR-112848,,Olivia,Rosario,,(660) 947-9185,2026-02-14,,0,0.0,,No DaySmart Record,Unqualified,invalid,Prospect Rule,Invalid email — no booking,86,40,Zoho,Zoho Only — Never Booked,2026-04-14
ZCR-112849,ZCR-112849,,Lisa,Rose,,(773) 907-8975,2025-11-11,,0,0.0,,No DaySmart Record,Working,invalid,Prospect Rule,Invalid email — no booking,54,14,Zoho,Zoho Only — Never Booked,2026-04-14
ZCR-112854,ZCR-112854,,Leonard,Mendez,,(837) 628-7919,2024-10-27,,0,0.0,,No DaySmart Record,Qualified,invalid,Prospect Rule,Invalid email — no booking,30,6,Zoho,Zoho Only — Never Booked,2026-04-14
ZCR-112855,ZCR-112855,,Dr.,Corey Cervantes,,(591) 420-8304,2024-12-09,,0,0.0,,No DaySmart Record,Qualified,invalid,Prospect Rule,Invalid email — no booking,32,1,Zoho,Zoho Only — Never Booked,2026-04-14
ZCR-112868,ZCR-112868,,Jeremy,Dennis,,(321) 732-4562,2024-07-18,,0,0.0,,No DaySmart Record,Working,invalid,Prospect Rule,Invalid email — no booking,100,58,Zoho,Zoho Only — Never Booked,2026-04-14
ZCR-112877,ZCR-112877,,Kimberly,Murphy,,(481) 976-7270,2025-04-10,,0,0.0,,No DaySmart Record,Working,abuse,Prospect Rule,Invalid email — no booking,52,24,Zoho,Zoho Only — Never Booked,2026-04-14
ZCR-112906,ZCR-112906,,Andrew,Rodriguez,,(107) 386-7693,2024-05-10,,0,0.0,,No DaySmart Record,Working,invalid,Prospect Rule,Invalid email — no booking,111,50,Zoho,Zoho Only — Never Booked,2026-04-14
ZCR-112907,ZCR-112907,,Jesse,Wood,,(896) 897-9622,2025-12-06,,0,0.0,,No DaySmart Record,Qualified,invalid,Prospect Rule,Invalid email — no booking,15,12,Zoho,Zoho Only — Never Booked,2026-04-14
ZCR-112910,ZCR-112910,,Michelle,Combs,,(375) 576-1080,2025-01-11,,0,0.0,,No DaySmart Record,Unqualified,spamtrap,Prospect Rule,Invalid email — no booking,76,12,Zoho,Zoho Only — Never Booked,2026-04-14
ZCR-112912,ZCR-112912,,Edward,Richardson,,(488) 912-2261,2026-01-02,,0,0.0,,No DaySmart Record,Converted,invalid,Prospect Rule,Invalid email — no booking,119,13,Zoho,Zoho Only — Never Booked,2026-04-14
ZCR-112918,ZCR-112918,,Amber,Baker,,(303) 667-0147,2026-03-14,,0,0.0,,No DaySmart Record,Working,abuse,Prospect Rule,Invalid email — no booking,102,37,Zoho,Zoho Only — Never Booked,2026-04-14
ZCR-112920,ZCR-112920,,Sharon,Green,,(700) 048-2999,2025-10-06,,0,0.0,,No DaySmart Record,Working,invalid,Prospect Rule,Invalid email — no booking,1,0,Zoho,Zoho Only — Never Booked,2026-04-14
ZCR-112931,ZCR-112931,,Nicole,Diaz,,(470) 896-4664,2024-09-14,,0,0.0,,No DaySmart Record,Converted,invalid,Prospect Rule,Invalid email — no booking,42,22,Zoho,Zoho Only — Never Booked,2026-04-14
ZCR-112933,ZCR-112933,,Anthony,Wilson,,(510) 399-7000,2025-11-26,,0,0.0,,No DaySmart Record,Working,invalid,Prospect Rule,Invalid email — no booking,95,15,Zoho,Zoho Only — Never Booked,2026-04-14
ZCR-112954,ZCR-112954,,Brian,Cabrera,,(154) 422-6746,2026-01-20,,0,0.0,,No DaySmart Record,Qualified,invalid,Prospect Rule,Invalid email — no booking,34,27,Zoho,Zoho Only — Never Booked,2026-04-14
ZCR-112958,ZCR-112958,,Jennifer,Harrison,,(995) 867-4573,2025-12-22,,0,0.0,,No DaySmart Record,New,abuse,Prospect Rule,Invalid email — no booking,14,10,Zoho,Zoho Only — Never Booked,2026-04-14
ZCR-112966,ZCR-112966,,Sandra,Manning,,(700) 358-8134,2024-04-16,,0,0.0,,No DaySmart Record,Converted,invalid,Prospect Rule,Invalid email — no booking,71,43,Zoho,Zoho Only — Never Booked,2026-04-14
ZCR-112967,ZCR-112967,,Matthew,Hudson,,(399) 107-8013,2024-11-01,,0,0.0,,No DaySmart Record,Unqualified,spamtrap,Prospect Rule,Invalid email — no booking,42,23,Zoho,Zoho Only — Never Booked,2026-04-14
ZCR-112977,ZCR-112977,,James,Rodgers,,(600) 533-1433,2024-07-28,,0,0.0,,No DaySmart Record,Converted,invalid,Prospect Rule,Invalid email — no booking,119,33,Zoho,Zoho Only — Never Booked,2026-04-14
ZCR-112991,ZCR-112991,,Jennifer,Wilson,,(192) 361-5228,2024-08-21,,0,0.0,,No DaySmart Record,Working,invalid,Prospect Rule,Invalid email — no booking,109,15,Zoho,Zoho Only — Never Booked,2026-04-14
ZCR-112998,ZCR-112998,,Blake,Taylor,,(083) 200-5052,2025-04-04,,0,0.0,,No DaySmart Record,Unqualified,invalid,Prospect Rule,Invalid email — no booking,43,10,Zoho,Zoho Only — Never Booked,2026-04-14
